tab,cell,row,col,value,field_type,formula
Land Comp Profiles,H1,1,H,VeryHidden,user_entry,
Land Comp Profiles,L1,1,L,181.0,user_entry,
Land Comp Profiles,M1,1,M,182.0,user_entry,
Land Comp Profiles,N1,1,N,183.0,user_entry,
Land Comp Profiles,O1,1,O,184.0,user_entry,
Land Comp Profiles,P1,1,P,185.0,user_entry,
Land Comp Profiles,Q1,1,Q,186.0,user_entry,
Land Comp Profiles,R1,1,R,187.0,user_entry,
Land Comp Profiles,S1,1,S,188.0,user_entry,
Land Comp Profiles,T1,1,T,189.0,user_entry,
Land Comp Profiles,U1,1,U,190.0,user_entry,
Land Comp Profiles,V1,1,V,191.0,user_entry,
Land Comp Profiles,H2,2,H,VeryHidden,user_entry,
Land Comp Profiles,L2,2,L,Database Field,user_entry,
Land Comp Profiles,Y2,2,Y,Field Display Name,user_entry,
Land Comp Profiles,H3,3,H,VeryHidden,user_entry,
Land Comp Profiles,K3,3,K,1.0,user_entry,
Land Comp Profiles,N3,3,N,Name,user_entry,
Land Comp Profiles,AA3,3,AA,Property Name,user_entry,
Land Comp Profiles,H4,4,H,VeryHidden,user_entry,
Land Comp Profiles,K4,4,K,2.0,user_entry,
Land Comp Profiles,N4,4,N,Address,user_entry,
Land Comp Profiles,AA4,4,AA,Address,user_entry,
Land Comp Profiles,H5,5,H,VeryHidden,user_entry,
Land Comp Profiles,K5,5,K,3.0,user_entry,
Land Comp Profiles,N5,5,N,City,user_entry,
Land Comp Profiles,O5,5,O,State,user_entry,
Land Comp Profiles,P5,5,P,Zip,user_entry,
Land Comp Profiles,AA5,5,AA,"City, State  Zip",user_entry,
Land Comp Profiles,H6,6,H,VeryHidden,user_entry,
Land Comp Profiles,K6,6,K,4.0,user_entry,
Land Comp Profiles,N6,6,N,County,user_entry,
Land Comp Profiles,AA6,6,AA,County,user_entry,
Land Comp Profiles,H7,7,H,VeryHidden,user_entry,
Land Comp Profiles,K7,7,K,5.0,user_entry,
Land Comp Profiles,N7,7,N,ID,user_entry,
Land Comp Profiles,AA7,7,AA,ID,user_entry,
Land Comp Profiles,H8,8,H,VeryHidden,user_entry,
Land Comp Profiles,K8,8,K,6.0,user_entry,
Land Comp Profiles,N8,8,N,Property Major Type,user_entry,
Land Comp Profiles,AA8,8,AA,Property Type,user_entry,
Land Comp Profiles,H9,9,H,VeryHidden,user_entry,
Land Comp Profiles,K9,9,K,7.0,user_entry,
Land Comp Profiles,N9,9,N,Property Type,user_entry,
Land Comp Profiles,AA9,9,AA,Property Subtype,user_entry,
Land Comp Profiles,H10,10,H,VeryHidden,user_entry,
Land Comp Profiles,K10,10,K,8.0,user_entry,
Land Comp Profiles,N10,10,N,Tax ID,user_entry,
Land Comp Profiles,AA10,10,AA,Tax ID(s),user_entry,
Land Comp Profiles,H11,11,H,VeryHidden,user_entry,
Land Comp Profiles,K11,11,K,9.0,user_entry,
Land Comp Profiles,N11,11,N,Zoning,user_entry,
Land Comp Profiles,AA11,11,AA,Zoning,user_entry,
Land Comp Profiles,H12,12,H,VeryHidden,user_entry,
Land Comp Profiles,K12,12,K,10.0,user_entry,
Land Comp Profiles,N12,12,N,Acres,user_entry,
Land Comp Profiles,T12,12,T,image,user_entry,
Land Comp Profiles,AA12,12,AA,Land Acres,user_entry,
Land Comp Profiles,AG12,12,AG,image,user_entry,
Land Comp Profiles,H13,13,H,VeryHidden,user_entry,
Land Comp Profiles,K13,13,K,11.0,user_entry,
Land Comp Profiles,N13,13,N,Land SF,user_entry,
Land Comp Profiles,AA13,13,AA,Land SF,user_entry,
Land Comp Profiles,H14,14,H,VeryHidden,user_entry,
Land Comp Profiles,K14,14,K,12.0,user_entry,
Land Comp Profiles,N14,14,N,Usable Acres,user_entry,
Land Comp Profiles,AA14,14,AA,Usable Acres,user_entry,
Land Comp Profiles,H15,15,H,VeryHidden,user_entry,
Land Comp Profiles,K15,15,K,13.0,user_entry,
Land Comp Profiles,N15,15,N,Excess Acres,user_entry,
Land Comp Profiles,AA15,15,AA,Excess Acres,user_entry,
Land Comp Profiles,H16,16,H,VeryHidden,user_entry,
Land Comp Profiles,K16,16,K,14.0,user_entry,
Land Comp Profiles,N16,16,N,Topography,user_entry,
Land Comp Profiles,AA16,16,AA,Topography,user_entry,
Land Comp Profiles,H17,17,H,VeryHidden,user_entry,
Land Comp Profiles,K17,17,K,15.0,user_entry,
Land Comp Profiles,N17,17,N,Shape,user_entry,
Land Comp Profiles,AA17,17,AA,Shape,user_entry,
Land Comp Profiles,H18,18,H,VeryHidden,user_entry,
Land Comp Profiles,K18,18,K,16.0,user_entry,
Land Comp Profiles,N18,18,N,Flood Zone,user_entry,
Land Comp Profiles,AA18,18,AA,Flood Zone,user_entry,
Land Comp Profiles,H19,19,H,VeryHidden,user_entry,
Land Comp Profiles,K19,19,K,17.0,user_entry,
Land Comp Profiles,N19,19,N,Rail Service,user_entry,
Land Comp Profiles,AA19,19,AA,Rail Access,user_entry,
Land Comp Profiles,H20,20,H,VeryHidden,user_entry,
Land Comp Profiles,K20,20,K,18.0,user_entry,
Land Comp Profiles,AA20,20,AA,0x2a,user_entry,
Land Comp Profiles,H21,21,H,VeryHidden,user_entry,
Land Comp Profiles,K21,21,K,19.0,user_entry,
Land Comp Profiles,AA21,21,AA,0x2a,user_entry,
Land Comp Profiles,H22,22,H,VeryHidden,user_entry,
Land Comp Profiles,K22,22,K,20.0,user_entry,
Land Comp Profiles,AA22,22,AA,0x2a,user_entry,
Land Comp Profiles,H23,23,H,VeryHidden,user_entry,
Land Comp Profiles,K23,23,K,21.0,user_entry,
Land Comp Profiles,H24,24,H,VeryHidden,user_entry,
Land Comp Profiles,K24,24,K,22.0,user_entry,
Land Comp Profiles,H25,25,H,VeryHidden,user_entry,
Land Comp Profiles,K25,25,K,23.0,user_entry,
Land Comp Profiles,N25,25,N,Transaction Type,user_entry,
Land Comp Profiles,T25,25,T,Acres,user_entry,
Land Comp Profiles,AA25,25,AA,Status,user_entry,
Land Comp Profiles,AG25,25,AG,Land Acres,user_entry,
Land Comp Profiles,H26,26,H,VeryHidden,user_entry,
Land Comp Profiles,K26,26,K,24.0,user_entry,
Land Comp Profiles,N26,26,N,Date,user_entry,
Land Comp Profiles,T26,26,T,Price per Acre,user_entry,
Land Comp Profiles,AA26,26,AA,Sale Date,user_entry,
Land Comp Profiles,AG26,26,AG,Price Per Acre,user_entry,
Land Comp Profiles,H27,27,H,VeryHidden,user_entry,
Land Comp Profiles,K27,27,K,25.0,user_entry,
Land Comp Profiles,N27,27,N,Price,user_entry,
Land Comp Profiles,T27,27,T,Property Rights,user_entry,
Land Comp Profiles,AA27,27,AA,Sale Price,user_entry,
Land Comp Profiles,AG27,27,AG,Property Rights,user_entry,
Land Comp Profiles,H28,28,H,VeryHidden,user_entry,
Land Comp Profiles,K28,28,K,26.0,user_entry,
Land Comp Profiles,N28,28,N,Financing,user_entry,
Land Comp Profiles,T28,28,T,Conditions of Sale,user_entry,
Land Comp Profiles,AA28,28,AA,Financing,user_entry,
Land Comp Profiles,AG28,28,AG,Conditions of Sale,user_entry,
Land Comp Profiles,H29,29,H,VeryHidden,user_entry,
Land Comp Profiles,K29,29,K,27.0,user_entry,
Land Comp Profiles,N29,29,N,Grantor,user_entry,
Land Comp Profiles,T29,29,T,Grantee,user_entry,
Land Comp Profiles,AA29,29,AA,Grantor,user_entry,
Land Comp Profiles,AG29,29,AG,Grantee,user_entry,
Land Comp Profiles,H30,30,H,VeryHidden,user_entry,
Land Comp Profiles,K30,30,K,28.0,user_entry,
Land Comp Profiles,N30,30,N,Book/Page or Reference Doc,user_entry,
Land Comp Profiles,T30,30,T,Sale Verification Source,user_entry,
Land Comp Profiles,AA30,30,AA,Book/Page or Ref Doc,user_entry,
Land Comp Profiles,AG30,30,AG,Verification,user_entry,
Land Comp Profiles,H31,31,H,VeryHidden,user_entry,
Land Comp Profiles,K31,31,K,29.0,user_entry,
Land Comp Profiles,N31,31,N,Traffic Count,user_entry,
Land Comp Profiles,AA31,31,AA,Traffic Count,user_entry,
Land Comp Profiles,AG31,31,AG,0x2a,user_entry,
Land Comp Profiles,H32,32,H,VeryHidden,user_entry,
Land Comp Profiles,K32,32,K,30.0,user_entry,
Land Comp Profiles,AA32,32,AA,0x2a,user_entry,
Land Comp Profiles,AG32,32,AG,0x2a,user_entry,
Land Comp Profiles,H33,33,H,VeryHidden,user_entry,
Land Comp Profiles,K33,33,K,31.0,user_entry,
Land Comp Profiles,AA33,33,AA,0x2a,user_entry,
Land Comp Profiles,AG33,33,AG,0x2a,user_entry,
Land Comp Profiles,H34,34,H,VeryHidden,user_entry,
Land Comp Profiles,K34,34,K,32.0,user_entry,
Land Comp Profiles,AA34,34,AA,0x2a,user_entry,
Land Comp Profiles,AG34,34,AG,0x2a,user_entry,
Land Comp Profiles,H35,35,H,VeryHidden,user_entry,
Land Comp Profiles,K35,35,K,33.0,user_entry,
Land Comp Profiles,AA35,35,AA,0x2a,user_entry,
Land Comp Profiles,AG35,35,AG,0x2a,user_entry,
Land Comp Profiles,H36,36,H,VeryHidden,user_entry,
Land Comp Profiles,K36,36,K,34.0,user_entry,
Land Comp Profiles,AA36,36,AA,0x2a,user_entry,
Land Comp Profiles,AG36,36,AG,0x2a,user_entry,
Land Comp Profiles,H37,37,H,VeryHidden,user_entry,
Land Comp Profiles,K37,37,K,35.0,user_entry,
Land Comp Profiles,AA37,37,AA,0x2a,user_entry,
Land Comp Profiles,AG37,37,AG,0x2a,user_entry,
Land Comp Profiles,H38,38,H,VeryHidden,user_entry,
Land Comp Profiles,K38,38,K,36.0,user_entry,
Land Comp Profiles,AA38,38,AA,0x2a,user_entry,
Land Comp Profiles,AG38,38,AG,0x2a,user_entry,
Land Comp Profiles,H39,39,H,VeryHidden,user_entry,
Land Comp Profiles,K39,39,K,37.0,user_entry,
Land Comp Profiles,AA39,39,AA,0x2a,user_entry,
Land Comp Profiles,AG39,39,AG,0x2a,user_entry,
Land Comp Profiles,H40,40,H,VeryHidden,user_entry,
Land Comp Profiles,K40,40,K,38.0,user_entry,
Land Comp Profiles,H41,41,H,VeryHidden,user_entry,
Land Comp Profiles,K41,41,K,39.0,user_entry,
Land Comp Profiles,L41,41,L,Multifamily Project Amenities,user_entry,
Land Comp Profiles,Y41,41,Y,Project Amenities,user_entry,
Land Comp Profiles,H42,42,H,VeryHidden,user_entry,
Land Comp Profiles,K42,42,K,40.0,user_entry,
Land Comp Profiles,Y42,42,Y,0x2a,user_entry,
Land Comp Profiles,H43,43,H,VeryHidden,user_entry,
Land Comp Profiles,K43,43,K,41.0,user_entry,
Land Comp Profiles,H44,44,H,VeryHidden,user_entry,
Land Comp Profiles,K44,44,K,42.0,user_entry,
Land Comp Profiles,L44,44,L,Multifamily Unit Features,user_entry,
Land Comp Profiles,Y44,44,Y,Unit Features,user_entry,
Land Comp Profiles,H45,45,H,VeryHidden,user_entry,
Land Comp Profiles,K45,45,K,43.0,user_entry,
Land Comp Profiles,Y45,45,Y,0x2a,user_entry,
Land Comp Profiles,H46,46,H,VeryHidden,user_entry,
Land Comp Profiles,K46,46,K,44.0,user_entry,
Land Comp Profiles,H47,47,H,VeryHidden,user_entry,
Land Comp Profiles,K47,47,K,45.0,user_entry,
Land Comp Profiles,L47,47,L,Major Tenants,user_entry,
Land Comp Profiles,Y47,47,Y,Major Tenants,user_entry,
Land Comp Profiles,H48,48,H,VeryHidden,user_entry,
Land Comp Profiles,K48,48,K,46.0,user_entry,
Land Comp Profiles,Y48,48,Y,0x2a,user_entry,
Land Comp Profiles,H49,49,H,VeryHidden,user_entry,
Land Comp Profiles,K49,49,K,47.0,user_entry,
Land Comp Profiles,H50,50,H,VeryHidden,user_entry,
Land Comp Profiles,K50,50,K,48.0,user_entry,
Land Comp Profiles,H51,51,H,VeryHidden,user_entry,
Land Comp Profiles,K51,51,K,49.0,user_entry,
Land Comp Profiles,AA51,51,AA,0x2a,user_entry,
Land Comp Profiles,AG51,51,AG,0x2a,user_entry,
Land Comp Profiles,H52,52,H,VeryHidden,user_entry,
Land Comp Profiles,K52,52,K,50.0,user_entry,
Land Comp Profiles,AA52,52,AA,0x2a,user_entry,
Land Comp Profiles,AG52,52,AG,0x2a,user_entry,
Land Comp Profiles,H53,53,H,VeryHidden,user_entry,
Land Comp Profiles,K53,53,K,51.0,user_entry,
Land Comp Profiles,AA53,53,AA,0x2a,user_entry,
Land Comp Profiles,AG53,53,AG,0x2a,user_entry,
Land Comp Profiles,H54,54,H,VeryHidden,user_entry,
Land Comp Profiles,K54,54,K,52.0,user_entry,
Land Comp Profiles,AA54,54,AA,0x2a,user_entry,
Land Comp Profiles,AG54,54,AG,0x2a,user_entry,
Land Comp Profiles,H55,55,H,VeryHidden,user_entry,
Land Comp Profiles,K55,55,K,53.0,user_entry,
Land Comp Profiles,AA55,55,AA,0x2a,user_entry,
Land Comp Profiles,AG55,55,AG,0x2a,user_entry,
Land Comp Profiles,H56,56,H,VeryHidden,user_entry,
Land Comp Profiles,K56,56,K,54.0,user_entry,
Land Comp Profiles,AA56,56,AA,0x2a,user_entry,
Land Comp Profiles,AG56,56,AG,0x2a,user_entry,
Land Comp Profiles,H57,57,H,VeryHidden,user_entry,
Land Comp Profiles,K57,57,K,55.0,user_entry,
Land Comp Profiles,AA57,57,AA,0x2a,user_entry,
Land Comp Profiles,AG57,57,AG,0x2a,user_entry,
Land Comp Profiles,H58,58,H,VeryHidden,user_entry,
Land Comp Profiles,K58,58,K,56.0,user_entry,
Land Comp Profiles,AA58,58,AA,0x2a,user_entry,
Land Comp Profiles,AG58,58,AG,0x2a,user_entry,
Land Comp Profiles,H59,59,H,VeryHidden,user_entry,
Land Comp Profiles,K59,59,K,57.0,user_entry,
Land Comp Profiles,AA59,59,AA,0x2a,user_entry,
Land Comp Profiles,AG59,59,AG,0x2a,user_entry,
Land Comp Profiles,H60,60,H,VeryHidden,user_entry,
Land Comp Profiles,K60,60,K,58.0,user_entry,
Land Comp Profiles,AA60,60,AA,0x2a,user_entry,
Land Comp Profiles,AG60,60,AG,0x2a,user_entry,
Land Comp Profiles,H61,61,H,VeryHidden,user_entry,
Land Comp Profiles,K61,61,K,59.0,user_entry,
Land Comp Profiles,L61,61,L,Care Types,user_entry,
Land Comp Profiles,Y61,61,Y,0x2a,user_entry,
Land Comp Profiles,H62,62,H,VeryHidden,user_entry,
Land Comp Profiles,K62,62,K,60.0,user_entry,
Land Comp Profiles,Y62,62,Y,0x2a,user_entry,
Land Comp Profiles,H63,63,H,VeryHidden,user_entry,
Land Comp Profiles,K63,63,K,61.0,user_entry,
Land Comp Profiles,Y63,63,Y,0x2a,user_entry,
Land Comp Profiles,H64,64,H,VeryHidden,user_entry,
Land Comp Profiles,K64,64,K,62.0,user_entry,
Land Comp Profiles,Y64,64,Y,0x2a,user_entry,
Land Comp Profiles,H65,65,H,VeryHidden,user_entry,
Land Comp Profiles,K65,65,K,63.0,user_entry,
Land Comp Profiles,Y65,65,Y,0x2a,user_entry,
Land Comp Profiles,H66,66,H,VeryHidden,user_entry,
Land Comp Profiles,K66,66,K,64.0,user_entry,
Land Comp Profiles,Y66,66,Y,0x2a,user_entry,
Land Comp Profiles,H67,67,H,VeryHidden,user_entry,
Land Comp Profiles,K67,67,K,65.0,user_entry,
Land Comp Profiles,Y67,67,Y,0x2a,user_entry,
Land Comp Profiles,H68,68,H,VeryHidden,user_entry,
Land Comp Profiles,K68,68,K,66.0,user_entry,
Land Comp Profiles,Y68,68,Y,0x2a,user_entry,
Land Comp Profiles,H69,69,H,VeryHidden,user_entry,
Land Comp Profiles,K69,69,K,67.0,user_entry,
Land Comp Profiles,Y69,69,Y,0x2a,user_entry,
Land Comp Profiles,H70,70,H,VeryHidden,user_entry,
Land Comp Profiles,K70,70,K,68.0,user_entry,
Land Comp Profiles,L70,70,L,Unit Type [#],user_entry,
Land Comp Profiles,N70,70,N,Type [#] Category,user_entry,
Land Comp Profiles,P70,70,P,No. of Type [#],user_entry,
Land Comp Profiles,R70,70,R,Type [#] Vacant Units,user_entry,
Land Comp Profiles,T70,70,T,Type [#] Rent/Mo.,user_entry,
Land Comp Profiles,V70,70,V,Type [#] Market Rent/Mo.,user_entry,
Land Comp Profiles,Y70,70,Y,Unit Type,user_entry,
Land Comp Profiles,H71,71,H,VeryHidden,user_entry,
Land Comp Profiles,K71,71,K,69.0,user_entry,
Land Comp Profiles,Y71,71,Y,0x2a,user_entry,
Land Comp Profiles,H72,72,H,VeryHidden,user_entry,
Land Comp Profiles,K72,72,K,70.0,user_entry,
Land Comp Profiles,Y72,72,Y,0x2a,user_entry,
Land Comp Profiles,H73,73,H,VeryHidden,user_entry,
Land Comp Profiles,K73,73,K,71.0,user_entry,
Land Comp Profiles,Y73,73,Y,0x2a,user_entry,
Land Comp Profiles,H74,74,H,VeryHidden,user_entry,
Land Comp Profiles,K74,74,K,72.0,user_entry,
Land Comp Profiles,Y74,74,Y,0x2a,user_entry,
Land Comp Profiles,H75,75,H,VeryHidden,user_entry,
Land Comp Profiles,K75,75,K,73.0,user_entry,
Land Comp Profiles,Y75,75,Y,0x2a,user_entry,
Land Comp Profiles,H76,76,H,VeryHidden,user_entry,
Land Comp Profiles,K76,76,K,74.0,user_entry,
Land Comp Profiles,Y76,76,Y,0x2a,user_entry,
Land Comp Profiles,H77,77,H,VeryHidden,user_entry,
Land Comp Profiles,K77,77,K,75.0,user_entry,
Land Comp Profiles,Y77,77,Y,0x2a,user_entry,
Land Comp Profiles,H78,78,H,VeryHidden,user_entry,
Land Comp Profiles,K78,78,K,76.0,user_entry,
Land Comp Profiles,Y78,78,Y,0x2a,user_entry,
Land Comp Profiles,H79,79,H,VeryHidden,user_entry,
Land Comp Profiles,K79,79,K,77.0,user_entry,
Land Comp Profiles,Y79,79,Y,0x2a,user_entry,
Land Comp Profiles,H80,80,H,VeryHidden,user_entry,
Land Comp Profiles,K80,80,K,78.0,user_entry,
Land Comp Profiles,Y80,80,Y,0x2a,user_entry,
Land Comp Profiles,H81,81,H,VeryHidden,user_entry,
Land Comp Profiles,K81,81,K,79.0,user_entry,
Land Comp Profiles,Y81,81,Y,0x2a,user_entry,
Land Comp Profiles,H82,82,H,VeryHidden,user_entry,
Land Comp Profiles,K82,82,K,80.0,user_entry,
Land Comp Profiles,Y82,82,Y,0x2a,user_entry,
Land Comp Profiles,H83,83,H,VeryHidden,user_entry,
Land Comp Profiles,K83,83,K,81.0,user_entry,
Land Comp Profiles,Y83,83,Y,0x2a,user_entry,
Land Comp Profiles,H84,84,H,VeryHidden,user_entry,
Land Comp Profiles,K84,84,K,82.0,user_entry,
Land Comp Profiles,Y84,84,Y,0x2a,user_entry,
Land Comp Profiles,H85,85,H,VeryHidden,user_entry,
Land Comp Profiles,K85,85,K,83.0,user_entry,
Land Comp Profiles,Y85,85,Y,0x2a,user_entry,
Land Comp Profiles,H86,86,H,VeryHidden,user_entry,
Land Comp Profiles,K86,86,K,84.0,user_entry,
Land Comp Profiles,Y86,86,Y,0x2a,user_entry,
Land Comp Profiles,H87,87,H,VeryHidden,user_entry,
Land Comp Profiles,K87,87,K,85.0,user_entry,
Land Comp Profiles,Y87,87,Y,0x2a,user_entry,
Land Comp Profiles,H88,88,H,VeryHidden,user_entry,
Land Comp Profiles,K88,88,K,86.0,user_entry,
Land Comp Profiles,Y88,88,Y,0x2a,user_entry,
Land Comp Profiles,H89,89,H,VeryHidden,user_entry,
Land Comp Profiles,K89,89,K,87.0,user_entry,
Land Comp Profiles,Y89,89,Y,0x2a,user_entry,
Land Comp Profiles,H90,90,H,VeryHidden,user_entry,
Land Comp Profiles,K90,90,K,88.0,user_entry,
Land Comp Profiles,Y90,90,Y,0x2a,user_entry,
Land Comp Profiles,H91,91,H,VeryHidden,user_entry,
Land Comp Profiles,K91,91,K,89.0,user_entry,
Land Comp Profiles,Y91,91,Y,0x2a,user_entry,
Land Comp Profiles,H92,92,H,VeryHidden,user_entry,
Land Comp Profiles,K92,92,K,90.0,user_entry,
Land Comp Profiles,Y92,92,Y,0x2a,user_entry,
Land Comp Profiles,H93,93,H,VeryHidden,user_entry,
Land Comp Profiles,K93,93,K,91.0,user_entry,
Land Comp Profiles,H94,94,H,VeryHidden,user_entry,
Land Comp Profiles,K94,94,K,92.0,user_entry,
Land Comp Profiles,L94,94,L,Sale Comments,user_entry,
Land Comp Profiles,Y94,94,Y,Sale Comments,user_entry,
Land Comp Profiles,H95,95,H,VeryHidden,user_entry,
Land Comp Profiles,H96,96,H,VeryHidden,user_entry,
Land Comp Profiles,L96,96,L,Header Columns,user_entry,
Land Comp Profiles,Y96,96,Y,Number Formats,user_entry,
Land Comp Profiles,H97,97,H,VeryHidden,user_entry,
Land Comp Profiles,K97,97,K,1.0,user_entry,
Land Comp Profiles,N97,97,N,2.0,user_entry,
Land Comp Profiles,AA97,97,AA,@,user_entry,
Land Comp Profiles,H98,98,H,VeryHidden,user_entry,
Land Comp Profiles,K98,98,K,2.0,user_entry,
Land Comp Profiles,N98,98,N,9.0,user_entry,
Land Comp Profiles,AA98,98,AA,General,user_entry,
Land Comp Profiles,H99,99,H,VeryHidden,user_entry,
Land Comp Profiles,K99,99,K,3.0,user_entry,
Land Comp Profiles,N99,99,N,54.0,user_entry,
Land Comp Profiles,O99,99,O,488.0,user_entry,
Land Comp Profiles,P99,99,P,577.0,user_entry,
Land Comp Profiles,AA99,99,AA,General,user_entry,
Land Comp Profiles,H100,100,H,VeryHidden,user_entry,
Land Comp Profiles,K100,100,K,4.0,user_entry,
Land Comp Profiles,N100,100,N,87.0,user_entry,
Land Comp Profiles,AA100,100,AA,General,user_entry,
Land Comp Profiles,H101,101,H,VeryHidden,user_entry,
Land Comp Profiles,K101,101,K,5.0,user_entry,
Land Comp Profiles,N101,101,N,1.0,user_entry,
Land Comp Profiles,AA101,101,AA,General,user_entry,
Land Comp Profiles,H102,102,H,VeryHidden,user_entry,
Land Comp Profiles,K102,102,K,6.0,user_entry,
Land Comp Profiles,N102,102,N,423.0,user_entry,
Land Comp Profiles,AA102,102,AA,@,user_entry,
Land Comp Profiles,H103,103,H,VeryHidden,user_entry,
Land Comp Profiles,K103,103,K,7.0,user_entry,
Land Comp Profiles,N103,103,N,427.0,user_entry,
Land Comp Profiles,AA103,103,AA,@,user_entry,
Land Comp Profiles,H104,104,H,VeryHidden,user_entry,
Land Comp Profiles,K104,104,K,8.0,user_entry,
Land Comp Profiles,N104,104,N,496.0,user_entry,
Land Comp Profiles,AA104,104,AA,General,user_entry,
Land Comp Profiles,H105,105,H,VeryHidden,user_entry,
Land Comp Profiles,K105,105,K,9.0,user_entry,
Land Comp Profiles,N105,105,N,579.0,user_entry,
Land Comp Profiles,AA105,105,AA,@,user_entry,
Land Comp Profiles,H106,106,H,VeryHidden,user_entry,
Land Comp Profiles,K106,106,K,10.0,user_entry,
Land Comp Profiles,N106,106,N,7.0,user_entry,
Land Comp Profiles,T106,106,T,image,user_entry,
Land Comp Profiles,AA106,106,AA,"#,##0.00",user_entry,
Land Comp Profiles,AG106,106,AG,image,user_entry,
Land Comp Profiles,H107,107,H,VeryHidden,user_entry,
Land Comp Profiles,K107,107,K,11.0,user_entry,
Land Comp Profiles,N107,107,N,220.0,user_entry,
Land Comp Profiles,AA107,107,AA,"#,##0",user_entry,
Land Comp Profiles,H108,108,H,VeryHidden,user_entry,
Land Comp Profiles,K108,108,K,12.0,user_entry,
Land Comp Profiles,N108,108,N,552.0,user_entry,
Land Comp Profiles,AA108,108,AA,"#,##0.0",user_entry,
Land Comp Profiles,H109,109,H,VeryHidden,user_entry,
Land Comp Profiles,K109,109,K,13.0,user_entry,
Land Comp Profiles,N109,109,N,129.0,user_entry,
Land Comp Profiles,AA109,109,AA,"#,##0.0",user_entry,
Land Comp Profiles,H110,110,H,VeryHidden,user_entry,
Land Comp Profiles,K110,110,K,14.0,user_entry,
Land Comp Profiles,N110,110,N,520.0,user_entry,
Land Comp Profiles,AA110,110,AA,General,user_entry,
Land Comp Profiles,H111,111,H,VeryHidden,user_entry,
Land Comp Profiles,K111,111,K,15.0,user_entry,
Land Comp Profiles,N111,111,N,470.0,user_entry,
Land Comp Profiles,AA111,111,AA,General,user_entry,
Land Comp Profiles,H112,112,H,VeryHidden,user_entry,
Land Comp Profiles,K112,112,K,16.0,user_entry,
Land Comp Profiles,N112,112,N,152.0,user_entry,
Land Comp Profiles,AA112,112,AA,General,user_entry,
Land Comp Profiles,H113,113,H,VeryHidden,user_entry,
Land Comp Profiles,K113,113,K,17.0,user_entry,
Land Comp Profiles,N113,113,N,433.0,user_entry,
Land Comp Profiles,AA113,113,AA,General,user_entry,
Land Comp Profiles,H114,114,H,VeryHidden,user_entry,
Land Comp Profiles,K114,114,K,18.0,user_entry,
Land Comp Profiles,N114,114,N,0x2a,user_entry,
Land Comp Profiles,AA114,114,AA,0x2a,user_entry,
Land Comp Profiles,H115,115,H,VeryHidden,user_entry,
Land Comp Profiles,K115,115,K,19.0,user_entry,
Land Comp Profiles,N115,115,N,0x2a,user_entry,
Land Comp Profiles,AA115,115,AA,0x2a,user_entry,
Land Comp Profiles,H116,116,H,VeryHidden,user_entry,
Land Comp Profiles,K116,116,K,20.0,user_entry,
Land Comp Profiles,N116,116,N,0x2a,user_entry,
Land Comp Profiles,AA116,116,AA,0x2a,user_entry,
Land Comp Profiles,H117,117,H,VeryHidden,user_entry,
Land Comp Profiles,K117,117,K,21.0,user_entry,
Land Comp Profiles,H118,118,H,VeryHidden,user_entry,
Land Comp Profiles,K118,118,K,22.0,user_entry,
Land Comp Profiles,H119,119,H,VeryHidden,user_entry,
Land Comp Profiles,K119,119,K,23.0,user_entry,
Land Comp Profiles,N119,119,N,544.0,user_entry,
Land Comp Profiles,T119,119,T,7.0,user_entry,
Land Comp Profiles,AA119,119,AA,General,user_entry,
Land Comp Profiles,AG119,119,AG,"#,##0.00",user_entry,
Land Comp Profiles,H120,120,H,VeryHidden,user_entry,
Land Comp Profiles,K120,120,K,24.0,user_entry,
Land Comp Profiles,N120,120,N,696.0,user_entry,
Land Comp Profiles,T120,120,T,392.0,user_entry,
Land Comp Profiles,AA120,120,AA,m/d/yyyy,user_entry,
Land Comp Profiles,AG120,120,AG,"$#,##0",user_entry,
Land Comp Profiles,H121,121,H,VeryHidden,user_entry,
Land Comp Profiles,K121,121,K,25.0,user_entry,
Land Comp Profiles,N121,121,N,390.0,user_entry,
Land Comp Profiles,T121,121,T,425.0,user_entry,
Land Comp Profiles,AA121,121,AA,"$#,##0",user_entry,
Land Comp Profiles,AG121,121,AG,General,user_entry,
Land Comp Profiles,H122,122,H,VeryHidden,user_entry,
Land Comp Profiles,K122,122,K,26.0,user_entry,
Land Comp Profiles,N122,122,N,146.0,user_entry,
Land Comp Profiles,T122,122,T,74.0,user_entry,
Land Comp Profiles,AA122,122,AA,General,user_entry,
Land Comp Profiles,AG122,122,AG,General,user_entry,
Land Comp Profiles,H123,123,H,VeryHidden,user_entry,
Land Comp Profiles,K123,123,K,27.0,user_entry,
Land Comp Profiles,N123,123,N,163.0,user_entry,
Land Comp Profiles,T123,123,T,162.0,user_entry,
Land Comp Profiles,AA123,123,AA,@,user_entry,
Land Comp Profiles,AG123,123,AG,@,user_entry,
Land Comp Profiles,H124,124,H,VeryHidden,user_entry,
Land Comp Profiles,K124,124,K,28.0,user_entry,
Land Comp Profiles,N124,124,N,36.0,user_entry,
Land Comp Profiles,T124,124,T,461.0,user_entry,
Land Comp Profiles,AA124,124,AA,@,user_entry,
Land Comp Profiles,AG124,124,AG,@,user_entry,
Land Comp Profiles,H125,125,H,VeryHidden,user_entry,
Land Comp Profiles,K125,125,K,29.0,user_entry,
Land Comp Profiles,N125,125,N,543.0,user_entry,
Land Comp Profiles,T125,125,T,0x2a,user_entry,
Land Comp Profiles,AA125,125,AA,"#,##0",user_entry,
Land Comp Profiles,AG125,125,AG,0x2a,user_entry,
Land Comp Profiles,H126,126,H,VeryHidden,user_entry,
Land Comp Profiles,K126,126,K,30.0,user_entry,
Land Comp Profiles,N126,126,N,0x2a,user_entry,
Land Comp Profiles,T126,126,T,0x2a,user_entry,
Land Comp Profiles,AA126,126,AA,0x2a,user_entry,
Land Comp Profiles,AG126,126,AG,0x2a,user_entry,
Land Comp Profiles,H127,127,H,VeryHidden,user_entry,
Land Comp Profiles,K127,127,K,31.0,user_entry,
Land Comp Profiles,N127,127,N,0x2a,user_entry,
Land Comp Profiles,T127,127,T,0x2a,user_entry,
Land Comp Profiles,AA127,127,AA,0x2a,user_entry,
Land Comp Profiles,AG127,127,AG,0x2a,user_entry,
Land Comp Profiles,H128,128,H,VeryHidden,user_entry,
Land Comp Profiles,K128,128,K,32.0,user_entry,
Land Comp Profiles,N128,128,N,0x2a,user_entry,
Land Comp Profiles,T128,128,T,0x2a,user_entry,
Land Comp Profiles,AA128,128,AA,0x2a,user_entry,
Land Comp Profiles,AG128,128,AG,0x2a,user_entry,
Land Comp Profiles,H129,129,H,VeryHidden,user_entry,
Land Comp Profiles,K129,129,K,33.0,user_entry,
Land Comp Profiles,N129,129,N,0x2a,user_entry,
Land Comp Profiles,T129,129,T,0x2a,user_entry,
Land Comp Profiles,AA129,129,AA,0x2a,user_entry,
Land Comp Profiles,AG129,129,AG,0x2a,user_entry,
Land Comp Profiles,H130,130,H,VeryHidden,user_entry,
Land Comp Profiles,K130,130,K,34.0,user_entry,
Land Comp Profiles,N130,130,N,0x2a,user_entry,
Land Comp Profiles,T130,130,T,0x2a,user_entry,
Land Comp Profiles,AA130,130,AA,0x2a,user_entry,
Land Comp Profiles,AG130,130,AG,0x2a,user_entry,
Land Comp Profiles,H131,131,H,VeryHidden,user_entry,
Land Comp Profiles,K131,131,K,35.0,user_entry,
Land Comp Profiles,N131,131,N,0x2a,user_entry,
Land Comp Profiles,T131,131,T,0x2a,user_entry,
Land Comp Profiles,AA131,131,AA,0x2a,user_entry,
Land Comp Profiles,AG131,131,AG,0x2a,user_entry,
Land Comp Profiles,H132,132,H,VeryHidden,user_entry,
Land Comp Profiles,K132,132,K,36.0,user_entry,
Land Comp Profiles,N132,132,N,0x2a,user_entry,
Land Comp Profiles,T132,132,T,0x2a,user_entry,
Land Comp Profiles,AA132,132,AA,0x2a,user_entry,
Land Comp Profiles,AG132,132,AG,0x2a,user_entry,
Land Comp Profiles,H133,133,H,VeryHidden,user_entry,
Land Comp Profiles,K133,133,K,37.0,user_entry,
Land Comp Profiles,N133,133,N,0x2a,user_entry,
Land Comp Profiles,T133,133,T,0x2a,user_entry,
Land Comp Profiles,AA133,133,AA,0x2a,user_entry,
Land Comp Profiles,AG133,133,AG,0x2a,user_entry,
Land Comp Profiles,H134,134,H,VeryHidden,user_entry,
Land Comp Profiles,K134,134,K,38.0,user_entry,
Land Comp Profiles,H135,135,H,VeryHidden,user_entry,
Land Comp Profiles,K135,135,K,39.0,user_entry,
Land Comp Profiles,H136,136,H,VeryHidden,user_entry,
Land Comp Profiles,K136,136,K,40.0,user_entry,
Land Comp Profiles,L136,136,L,0x2a,user_entry,
Land Comp Profiles,N136,136,N,0x2a,user_entry,
Land Comp Profiles,T136,136,T,0x2a,user_entry,
Land Comp Profiles,H137,137,H,VeryHidden,user_entry,
Land Comp Profiles,K137,137,K,41.0,user_entry,
Land Comp Profiles,H138,138,H,VeryHidden,user_entry,
Land Comp Profiles,K138,138,K,42.0,user_entry,
Land Comp Profiles,H139,139,H,VeryHidden,user_entry,
Land Comp Profiles,K139,139,K,43.0,user_entry,
Land Comp Profiles,L139,139,L,0x2a,user_entry,
Land Comp Profiles,N139,139,N,0x2a,user_entry,
Land Comp Profiles,T139,139,T,0x2a,user_entry,
Land Comp Profiles,H140,140,H,VeryHidden,user_entry,
Land Comp Profiles,K140,140,K,44.0,user_entry,
Land Comp Profiles,H141,141,H,VeryHidden,user_entry,
Land Comp Profiles,K141,141,K,45.0,user_entry,
Land Comp Profiles,H142,142,H,VeryHidden,user_entry,
Land Comp Profiles,K142,142,K,46.0,user_entry,
Land Comp Profiles,L142,142,L,0x2a,user_entry,
Land Comp Profiles,N142,142,N,0x2a,user_entry,
Land Comp Profiles,T142,142,T,0x2a,user_entry,
Land Comp Profiles,H143,143,H,VeryHidden,user_entry,
Land Comp Profiles,K143,143,K,47.0,user_entry,
Land Comp Profiles,H144,144,H,VeryHidden,user_entry,
Land Comp Profiles,K144,144,K,48.0,user_entry,
Land Comp Profiles,H145,145,H,VeryHidden,user_entry,
Land Comp Profiles,K145,145,K,49.0,user_entry,
Land Comp Profiles,N145,145,N,0x2a,user_entry,
Land Comp Profiles,T145,145,T,0x2a,user_entry,
Land Comp Profiles,AA145,145,AA,0x2a,user_entry,
Land Comp Profiles,AG145,145,AG,0x2a,user_entry,
Land Comp Profiles,H146,146,H,VeryHidden,user_entry,
Land Comp Profiles,K146,146,K,50.0,user_entry,
Land Comp Profiles,N146,146,N,0x2a,user_entry,
Land Comp Profiles,T146,146,T,0x2a,user_entry,
Land Comp Profiles,AA146,146,AA,0x2a,user_entry,
Land Comp Profiles,AG146,146,AG,0x2a,user_entry,
Land Comp Profiles,H147,147,H,VeryHidden,user_entry,
Land Comp Profiles,K147,147,K,51.0,user_entry,
Land Comp Profiles,N147,147,N,0x2a,user_entry,
Land Comp Profiles,T147,147,T,0x2a,user_entry,
Land Comp Profiles,AA147,147,AA,0x2a,user_entry,
Land Comp Profiles,AG147,147,AG,0x2a,user_entry,
Land Comp Profiles,H148,148,H,VeryHidden,user_entry,
Land Comp Profiles,K148,148,K,52.0,user_entry,
Land Comp Profiles,N148,148,N,0x2a,user_entry,
Land Comp Profiles,T148,148,T,0x2a,user_entry,
Land Comp Profiles,AA148,148,AA,0x2a,user_entry,
Land Comp Profiles,AG148,148,AG,0x2a,user_entry,
Land Comp Profiles,H149,149,H,VeryHidden,user_entry,
Land Comp Profiles,K149,149,K,53.0,user_entry,
Land Comp Profiles,N149,149,N,0x2a,user_entry,
Land Comp Profiles,T149,149,T,0x2a,user_entry,
Land Comp Profiles,AA149,149,AA,0x2a,user_entry,
Land Comp Profiles,AG149,149,AG,0x2a,user_entry,
Land Comp Profiles,H150,150,H,VeryHidden,user_entry,
Land Comp Profiles,K150,150,K,54.0,user_entry,
Land Comp Profiles,N150,150,N,0x2a,user_entry,
Land Comp Profiles,T150,150,T,0x2a,user_entry,
Land Comp Profiles,AA150,150,AA,0x2a,user_entry,
Land Comp Profiles,AG150,150,AG,0x2a,user_entry,
Land Comp Profiles,H151,151,H,VeryHidden,user_entry,
Land Comp Profiles,K151,151,K,55.0,user_entry,
Land Comp Profiles,N151,151,N,0x2a,user_entry,
Land Comp Profiles,T151,151,T,0x2a,user_entry,
Land Comp Profiles,AA151,151,AA,0x2a,user_entry,
Land Comp Profiles,AG151,151,AG,0x2a,user_entry,
Land Comp Profiles,H152,152,H,VeryHidden,user_entry,
Land Comp Profiles,K152,152,K,56.0,user_entry,
Land Comp Profiles,N152,152,N,0x2a,user_entry,
Land Comp Profiles,T152,152,T,0x2a,user_entry,
Land Comp Profiles,AA152,152,AA,0x2a,user_entry,
Land Comp Profiles,AG152,152,AG,0x2a,user_entry,
Land Comp Profiles,H153,153,H,VeryHidden,user_entry,
Land Comp Profiles,K153,153,K,57.0,user_entry,
Land Comp Profiles,H154,154,H,VeryHidden,user_entry,
Land Comp Profiles,K154,154,K,58.0,user_entry,
Land Comp Profiles,AA154,154,AA,0x2a,user_entry,
Land Comp Profiles,AG154,154,AG,0x2a,user_entry,
Land Comp Profiles,H155,155,H,VeryHidden,user_entry,
Land Comp Profiles,K155,155,K,59.0,user_entry,
Land Comp Profiles,L155,155,L,Care Types,user_entry,
Land Comp Profiles,Y155,155,Y,0x2a,user_entry,
Land Comp Profiles,H156,156,H,VeryHidden,user_entry,
Land Comp Profiles,K156,156,K,60.0,user_entry,
Land Comp Profiles,Y156,156,Y,0x2a,user_entry,
Land Comp Profiles,H157,157,H,VeryHidden,user_entry,
Land Comp Profiles,K157,157,K,61.0,user_entry,
Land Comp Profiles,Y157,157,Y,0x2a,user_entry,
Land Comp Profiles,H158,158,H,VeryHidden,user_entry,
Land Comp Profiles,K158,158,K,62.0,user_entry,
Land Comp Profiles,Y158,158,Y,0x2a,user_entry,
Land Comp Profiles,H159,159,H,VeryHidden,user_entry,
Land Comp Profiles,K159,159,K,63.0,user_entry,
Land Comp Profiles,Y159,159,Y,0x2a,user_entry,
Land Comp Profiles,H160,160,H,VeryHidden,user_entry,
Land Comp Profiles,K160,160,K,64.0,user_entry,
Land Comp Profiles,Y160,160,Y,0x2a,user_entry,
Land Comp Profiles,H161,161,H,VeryHidden,user_entry,
Land Comp Profiles,K161,161,K,65.0,user_entry,
Land Comp Profiles,Y161,161,Y,0x2a,user_entry,
Land Comp Profiles,H162,162,H,VeryHidden,user_entry,
Land Comp Profiles,K162,162,K,66.0,user_entry,
Land Comp Profiles,Y162,162,Y,0x2a,user_entry,
Land Comp Profiles,H163,163,H,VeryHidden,user_entry,
Land Comp Profiles,K163,163,K,67.0,user_entry,
Land Comp Profiles,H164,164,H,VeryHidden,user_entry,
Land Comp Profiles,K164,164,K,68.0,user_entry,
Land Comp Profiles,L164,164,L,Unit Type [#],user_entry,
Land Comp Profiles,N164,164,N,Type [#] Category,user_entry,
Land Comp Profiles,P164,164,P,No. of Type [#],user_entry,
Land Comp Profiles,R164,164,R,Type [#] Vacant Units,user_entry,
Land Comp Profiles,T164,164,T,Type [#] Rent/Mo.,user_entry,
Land Comp Profiles,V164,164,V,Type [#] Market Rent/Mo.,user_entry,
Land Comp Profiles,Y164,164,Y,General,user_entry,
Land Comp Profiles,Z164,164,Z,0x2a,user_entry,
Land Comp Profiles,AA164,164,AA,@,user_entry,
Land Comp Profiles,AB164,164,AB,0x2a,user_entry,
Land Comp Profiles,AC164,164,AC,General,user_entry,
Land Comp Profiles,AE164,164,AE,"#,##0",user_entry,
Land Comp Profiles,AF164,164,AF,0x2a,user_entry,
Land Comp Profiles,AG164,164,AG,General,user_entry,
Land Comp Profiles,AH164,164,AH,0x2a,user_entry,
Land Comp Profiles,AI164,164,AI,"$#,##0",user_entry,
Land Comp Profiles,H165,165,H,VeryHidden,user_entry,
Land Comp Profiles,I165,165,I,1.0,user_entry,
Land Comp Profiles,K165,165,K,69.0,user_entry,
Land Comp Profiles,L165,165,L,708.0,user_entry,
Land Comp Profiles,M165,165,M,0x2a,user_entry,
Land Comp Profiles,N165,165,N,725.0,user_entry,
Land Comp Profiles,O165,165,O,0x2a,user_entry,
Land Comp Profiles,P165,165,P,709.0,user_entry,
Land Comp Profiles,R165,165,R,724.0,user_entry,
Land Comp Profiles,S165,165,S,0x2a,user_entry,
Land Comp Profiles,T165,165,T,715.0,user_entry,
Land Comp Profiles,U165,165,U,0x2a,user_entry,
Land Comp Profiles,V165,165,V,718.0,user_entry,
Land Comp Profiles,Y165,165,Y,General,user_entry,
Land Comp Profiles,Z165,165,Z,0x2a,user_entry,
Land Comp Profiles,AA165,165,AA,@,user_entry,
Land Comp Profiles,AB165,165,AB,0x2a,user_entry,
Land Comp Profiles,AC165,165,AC,General,user_entry,
Land Comp Profiles,AE165,165,AE,"#,##0",user_entry,
Land Comp Profiles,AF165,165,AF,0x2a,user_entry,
Land Comp Profiles,AG165,165,AG,General,user_entry,
Land Comp Profiles,AH165,165,AH,0x2a,user_entry,
Land Comp Profiles,AI165,165,AI,"$#,##0",user_entry,
Land Comp Profiles,H166,166,H,VeryHidden,user_entry,
Land Comp Profiles,I166,166,I,2.0,user_entry,
Land Comp Profiles,K166,166,K,70.0,user_entry,
Land Comp Profiles,L166,166,L,726.0,user_entry,
Land Comp Profiles,M166,166,M,0x2a,user_entry,
Land Comp Profiles,N166,166,N,743.0,user_entry,
Land Comp Profiles,O166,166,O,0x2a,user_entry,
Land Comp Profiles,P166,166,P,727.0,user_entry,
Land Comp Profiles,R166,166,R,742.0,user_entry,
Land Comp Profiles,S166,166,S,0x2a,user_entry,
Land Comp Profiles,T166,166,T,733.0,user_entry,
Land Comp Profiles,U166,166,U,0x2a,user_entry,
Land Comp Profiles,V166,166,V,736.0,user_entry,
Land Comp Profiles,Y166,166,Y,General,user_entry,
Land Comp Profiles,Z166,166,Z,0x2a,user_entry,
Land Comp Profiles,AA166,166,AA,@,user_entry,
Land Comp Profiles,AB166,166,AB,0x2a,user_entry,
Land Comp Profiles,AC166,166,AC,General,user_entry,
Land Comp Profiles,AE166,166,AE,"#,##0",user_entry,
Land Comp Profiles,AF166,166,AF,0x2a,user_entry,
Land Comp Profiles,AG166,166,AG,General,user_entry,
Land Comp Profiles,AH166,166,AH,0x2a,user_entry,
Land Comp Profiles,AI166,166,AI,"$#,##0",user_entry,
Land Comp Profiles,H167,167,H,VeryHidden,user_entry,
Land Comp Profiles,I167,167,I,3.0,user_entry,
Land Comp Profiles,K167,167,K,71.0,user_entry,
Land Comp Profiles,L167,167,L,744.0,user_entry,
Land Comp Profiles,M167,167,M,0x2a,user_entry,
Land Comp Profiles,N167,167,N,761.0,user_entry,
Land Comp Profiles,O167,167,O,0x2a,user_entry,
Land Comp Profiles,P167,167,P,745.0,user_entry,
Land Comp Profiles,R167,167,R,760.0,user_entry,
Land Comp Profiles,S167,167,S,0x2a,user_entry,
Land Comp Profiles,T167,167,T,751.0,user_entry,
Land Comp Profiles,U167,167,U,0x2a,user_entry,
Land Comp Profiles,V167,167,V,754.0,user_entry,
Land Comp Profiles,Y167,167,Y,General,user_entry,
Land Comp Profiles,Z167,167,Z,0x2a,user_entry,
Land Comp Profiles,AA167,167,AA,@,user_entry,
Land Comp Profiles,AB167,167,AB,0x2a,user_entry,
Land Comp Profiles,AC167,167,AC,General,user_entry,
Land Comp Profiles,AE167,167,AE,"#,##0",user_entry,
Land Comp Profiles,AF167,167,AF,0x2a,user_entry,
Land Comp Profiles,AG167,167,AG,General,user_entry,
Land Comp Profiles,AH167,167,AH,0x2a,user_entry,
Land Comp Profiles,AI167,167,AI,"$#,##0",user_entry,
Land Comp Profiles,H168,168,H,VeryHidden,user_entry,
Land Comp Profiles,I168,168,I,4.0,user_entry,
Land Comp Profiles,K168,168,K,72.0,user_entry,
Land Comp Profiles,L168,168,L,762.0,user_entry,
Land Comp Profiles,M168,168,M,0x2a,user_entry,
Land Comp Profiles,N168,168,N,779.0,user_entry,
Land Comp Profiles,O168,168,O,0x2a,user_entry,
Land Comp Profiles,P168,168,P,763.0,user_entry,
Land Comp Profiles,R168,168,R,778.0,user_entry,
Land Comp Profiles,S168,168,S,0x2a,user_entry,
Land Comp Profiles,T168,168,T,769.0,user_entry,
Land Comp Profiles,U168,168,U,0x2a,user_entry,
Land Comp Profiles,V168,168,V,772.0,user_entry,
Land Comp Profiles,Y168,168,Y,General,user_entry,
Land Comp Profiles,Z168,168,Z,0x2a,user_entry,
Land Comp Profiles,AA168,168,AA,@,user_entry,
Land Comp Profiles,AB168,168,AB,0x2a,user_entry,
Land Comp Profiles,AC168,168,AC,General,user_entry,
Land Comp Profiles,AE168,168,AE,"#,##0",user_entry,
Land Comp Profiles,AF168,168,AF,0x2a,user_entry,
Land Comp Profiles,AG168,168,AG,General,user_entry,
Land Comp Profiles,AH168,168,AH,0x2a,user_entry,
Land Comp Profiles,AI168,168,AI,"$#,##0",user_entry,
Land Comp Profiles,H169,169,H,VeryHidden,user_entry,
Land Comp Profiles,I169,169,I,5.0,user_entry,
Land Comp Profiles,K169,169,K,73.0,user_entry,
Land Comp Profiles,L169,169,L,780.0,user_entry,
Land Comp Profiles,M169,169,M,0x2a,user_entry,
Land Comp Profiles,N169,169,N,797.0,user_entry,
Land Comp Profiles,O169,169,O,0x2a,user_entry,
Land Comp Profiles,P169,169,P,781.0,user_entry,
Land Comp Profiles,R169,169,R,796.0,user_entry,
Land Comp Profiles,S169,169,S,0x2a,user_entry,
Land Comp Profiles,T169,169,T,787.0,user_entry,
Land Comp Profiles,U169,169,U,0x2a,user_entry,
Land Comp Profiles,V169,169,V,790.0,user_entry,
Land Comp Profiles,Y169,169,Y,General,user_entry,
Land Comp Profiles,Z169,169,Z,0x2a,user_entry,
Land Comp Profiles,AA169,169,AA,@,user_entry,
Land Comp Profiles,AB169,169,AB,0x2a,user_entry,
Land Comp Profiles,AC169,169,AC,General,user_entry,
Land Comp Profiles,AE169,169,AE,"#,##0",user_entry,
Land Comp Profiles,AF169,169,AF,0x2a,user_entry,
Land Comp Profiles,AG169,169,AG,General,user_entry,
Land Comp Profiles,AH169,169,AH,0x2a,user_entry,
Land Comp Profiles,AI169,169,AI,"$#,##0",user_entry,
Land Comp Profiles,H170,170,H,VeryHidden,user_entry,
Land Comp Profiles,I170,170,I,6.0,user_entry,
Land Comp Profiles,K170,170,K,74.0,user_entry,
Land Comp Profiles,L170,170,L,0x2a,user_entry,
Land Comp Profiles,M170,170,M,0x2a,user_entry,
Land Comp Profiles,N170,170,N,0x2a,user_entry,
Land Comp Profiles,O170,170,O,0x2a,user_entry,
Land Comp Profiles,P170,170,P,0x2a,user_entry,
Land Comp Profiles,R170,170,R,0x2a,user_entry,
Land Comp Profiles,S170,170,S,0x2a,user_entry,
Land Comp Profiles,T170,170,T,0x2a,user_entry,
Land Comp Profiles,U170,170,U,0x2a,user_entry,
Land Comp Profiles,V170,170,V,0x2a,user_entry,
Land Comp Profiles,Y170,170,Y,General,user_entry,
Land Comp Profiles,Z170,170,Z,0x2a,user_entry,
Land Comp Profiles,AA170,170,AA,@,user_entry,
Land Comp Profiles,AB170,170,AB,0x2a,user_entry,
Land Comp Profiles,AC170,170,AC,General,user_entry,
Land Comp Profiles,AE170,170,AE,"#,##0",user_entry,
Land Comp Profiles,AF170,170,AF,0x2a,user_entry,
Land Comp Profiles,AG170,170,AG,General,user_entry,
Land Comp Profiles,AH170,170,AH,0x2a,user_entry,
Land Comp Profiles,AI170,170,AI,"$#,##0",user_entry,
Land Comp Profiles,H171,171,H,VeryHidden,user_entry,
Land Comp Profiles,I171,171,I,7.0,user_entry,
Land Comp Profiles,K171,171,K,75.0,user_entry,
Land Comp Profiles,L171,171,L,0x2a,user_entry,
Land Comp Profiles,M171,171,M,0x2a,user_entry,
Land Comp Profiles,N171,171,N,0x2a,user_entry,
Land Comp Profiles,O171,171,O,0x2a,user_entry,
Land Comp Profiles,P171,171,P,0x2a,user_entry,
Land Comp Profiles,R171,171,R,0x2a,user_entry,
Land Comp Profiles,S171,171,S,0x2a,user_entry,
Land Comp Profiles,T171,171,T,0x2a,user_entry,
Land Comp Profiles,U171,171,U,0x2a,user_entry,
Land Comp Profiles,V171,171,V,0x2a,user_entry,
Land Comp Profiles,Y171,171,Y,General,user_entry,
Land Comp Profiles,Z171,171,Z,0x2a,user_entry,
Land Comp Profiles,AA171,171,AA,@,user_entry,
Land Comp Profiles,AB171,171,AB,0x2a,user_entry,
Land Comp Profiles,AC171,171,AC,General,user_entry,
Land Comp Profiles,AE171,171,AE,"#,##0",user_entry,
Land Comp Profiles,AF171,171,AF,0x2a,user_entry,
Land Comp Profiles,AG171,171,AG,General,user_entry,
Land Comp Profiles,AH171,171,AH,0x2a,user_entry,
Land Comp Profiles,AI171,171,AI,"$#,##0",user_entry,
Land Comp Profiles,H172,172,H,VeryHidden,user_entry,
Land Comp Profiles,I172,172,I,8.0,user_entry,
Land Comp Profiles,K172,172,K,76.0,user_entry,
Land Comp Profiles,L172,172,L,0x2a,user_entry,
Land Comp Profiles,M172,172,M,0x2a,user_entry,
Land Comp Profiles,N172,172,N,0x2a,user_entry,
Land Comp Profiles,O172,172,O,0x2a,user_entry,
Land Comp Profiles,P172,172,P,0x2a,user_entry,
Land Comp Profiles,R172,172,R,0x2a,user_entry,
Land Comp Profiles,S172,172,S,0x2a,user_entry,
Land Comp Profiles,T172,172,T,0x2a,user_entry,
Land Comp Profiles,U172,172,U,0x2a,user_entry,
Land Comp Profiles,V172,172,V,0x2a,user_entry,
Land Comp Profiles,Y172,172,Y,General,user_entry,
Land Comp Profiles,Z172,172,Z,0x2a,user_entry,
Land Comp Profiles,AA172,172,AA,@,user_entry,
Land Comp Profiles,AB172,172,AB,0x2a,user_entry,
Land Comp Profiles,AC172,172,AC,General,user_entry,
Land Comp Profiles,AE172,172,AE,"#,##0",user_entry,
Land Comp Profiles,AF172,172,AF,0x2a,user_entry,
Land Comp Profiles,AG172,172,AG,General,user_entry,
Land Comp Profiles,AH172,172,AH,0x2a,user_entry,
Land Comp Profiles,AI172,172,AI,"$#,##0",user_entry,
Land Comp Profiles,H173,173,H,VeryHidden,user_entry,
Land Comp Profiles,I173,173,I,9.0,user_entry,
Land Comp Profiles,K173,173,K,77.0,user_entry,
Land Comp Profiles,L173,173,L,0x2a,user_entry,
Land Comp Profiles,M173,173,M,0x2a,user_entry,
Land Comp Profiles,N173,173,N,0x2a,user_entry,
Land Comp Profiles,O173,173,O,0x2a,user_entry,
Land Comp Profiles,P173,173,P,0x2a,user_entry,
Land Comp Profiles,R173,173,R,0x2a,user_entry,
Land Comp Profiles,S173,173,S,0x2a,user_entry,
Land Comp Profiles,T173,173,T,0x2a,user_entry,
Land Comp Profiles,U173,173,U,0x2a,user_entry,
Land Comp Profiles,V173,173,V,0x2a,user_entry,
Land Comp Profiles,Y173,173,Y,General,user_entry,
Land Comp Profiles,Z173,173,Z,0x2a,user_entry,
Land Comp Profiles,AA173,173,AA,@,user_entry,
Land Comp Profiles,AB173,173,AB,0x2a,user_entry,
Land Comp Profiles,AC173,173,AC,General,user_entry,
Land Comp Profiles,AE173,173,AE,"#,##0",user_entry,
Land Comp Profiles,AF173,173,AF,0x2a,user_entry,
Land Comp Profiles,AG173,173,AG,General,user_entry,
Land Comp Profiles,AH173,173,AH,0x2a,user_entry,
Land Comp Profiles,AI173,173,AI,"$#,##0",user_entry,
Land Comp Profiles,H174,174,H,VeryHidden,user_entry,
Land Comp Profiles,I174,174,I,10.0,user_entry,
Land Comp Profiles,K174,174,K,78.0,user_entry,
Land Comp Profiles,L174,174,L,0x2a,user_entry,
Land Comp Profiles,M174,174,M,0x2a,user_entry,
Land Comp Profiles,N174,174,N,0x2a,user_entry,
Land Comp Profiles,O174,174,O,0x2a,user_entry,
Land Comp Profiles,P174,174,P,0x2a,user_entry,
Land Comp Profiles,R174,174,R,0x2a,user_entry,
Land Comp Profiles,S174,174,S,0x2a,user_entry,
Land Comp Profiles,T174,174,T,0x2a,user_entry,
Land Comp Profiles,U174,174,U,0x2a,user_entry,
Land Comp Profiles,V174,174,V,0x2a,user_entry,
Land Comp Profiles,Y174,174,Y,General,user_entry,
Land Comp Profiles,Z174,174,Z,0x2a,user_entry,
Land Comp Profiles,AA174,174,AA,@,user_entry,
Land Comp Profiles,AB174,174,AB,0x2a,user_entry,
Land Comp Profiles,AC174,174,AC,General,user_entry,
Land Comp Profiles,AE174,174,AE,"#,##0",user_entry,
Land Comp Profiles,AF174,174,AF,0x2a,user_entry,
Land Comp Profiles,AG174,174,AG,General,user_entry,
Land Comp Profiles,AH174,174,AH,0x2a,user_entry,
Land Comp Profiles,AI174,174,AI,"$#,##0",user_entry,
Land Comp Profiles,H175,175,H,VeryHidden,user_entry,
Land Comp Profiles,I175,175,I,11.0,user_entry,
Land Comp Profiles,K175,175,K,79.0,user_entry,
Land Comp Profiles,L175,175,L,0x2a,user_entry,
Land Comp Profiles,M175,175,M,0x2a,user_entry,
Land Comp Profiles,N175,175,N,0x2a,user_entry,
Land Comp Profiles,O175,175,O,0x2a,user_entry,
Land Comp Profiles,P175,175,P,0x2a,user_entry,
Land Comp Profiles,R175,175,R,0x2a,user_entry,
Land Comp Profiles,S175,175,S,0x2a,user_entry,
Land Comp Profiles,T175,175,T,0x2a,user_entry,
Land Comp Profiles,U175,175,U,0x2a,user_entry,
Land Comp Profiles,V175,175,V,0x2a,user_entry,
Land Comp Profiles,Y175,175,Y,General,user_entry,
Land Comp Profiles,Z175,175,Z,0x2a,user_entry,
Land Comp Profiles,AA175,175,AA,@,user_entry,
Land Comp Profiles,AB175,175,AB,0x2a,user_entry,
Land Comp Profiles,AC175,175,AC,General,user_entry,
Land Comp Profiles,AE175,175,AE,"#,##0",user_entry,
Land Comp Profiles,AF175,175,AF,0x2a,user_entry,
Land Comp Profiles,AG175,175,AG,General,user_entry,
Land Comp Profiles,AH175,175,AH,0x2a,user_entry,
Land Comp Profiles,AI175,175,AI,"$#,##0",user_entry,
Land Comp Profiles,H176,176,H,VeryHidden,user_entry,
Land Comp Profiles,I176,176,I,12.0,user_entry,
Land Comp Profiles,K176,176,K,80.0,user_entry,
Land Comp Profiles,L176,176,L,0x2a,user_entry,
Land Comp Profiles,M176,176,M,0x2a,user_entry,
Land Comp Profiles,N176,176,N,0x2a,user_entry,
Land Comp Profiles,O176,176,O,0x2a,user_entry,
Land Comp Profiles,P176,176,P,0x2a,user_entry,
Land Comp Profiles,R176,176,R,0x2a,user_entry,
Land Comp Profiles,S176,176,S,0x2a,user_entry,
Land Comp Profiles,T176,176,T,0x2a,user_entry,
Land Comp Profiles,U176,176,U,0x2a,user_entry,
Land Comp Profiles,V176,176,V,0x2a,user_entry,
Land Comp Profiles,Y176,176,Y,General,user_entry,
Land Comp Profiles,Z176,176,Z,0x2a,user_entry,
Land Comp Profiles,AA176,176,AA,@,user_entry,
Land Comp Profiles,AB176,176,AB,0x2a,user_entry,
Land Comp Profiles,AC176,176,AC,General,user_entry,
Land Comp Profiles,AE176,176,AE,"#,##0",user_entry,
Land Comp Profiles,AF176,176,AF,0x2a,user_entry,
Land Comp Profiles,AG176,176,AG,General,user_entry,
Land Comp Profiles,AH176,176,AH,0x2a,user_entry,
Land Comp Profiles,AI176,176,AI,"$#,##0",user_entry,
Land Comp Profiles,H177,177,H,VeryHidden,user_entry,
Land Comp Profiles,I177,177,I,13.0,user_entry,
Land Comp Profiles,K177,177,K,81.0,user_entry,
Land Comp Profiles,L177,177,L,0x2a,user_entry,
Land Comp Profiles,M177,177,M,0x2a,user_entry,
Land Comp Profiles,N177,177,N,0x2a,user_entry,
Land Comp Profiles,O177,177,O,0x2a,user_entry,
Land Comp Profiles,P177,177,P,0x2a,user_entry,
Land Comp Profiles,R177,177,R,0x2a,user_entry,
Land Comp Profiles,S177,177,S,0x2a,user_entry,
Land Comp Profiles,T177,177,T,0x2a,user_entry,
Land Comp Profiles,U177,177,U,0x2a,user_entry,
Land Comp Profiles,V177,177,V,0x2a,user_entry,
Land Comp Profiles,Y177,177,Y,General,user_entry,
Land Comp Profiles,Z177,177,Z,0x2a,user_entry,
Land Comp Profiles,AA177,177,AA,@,user_entry,
Land Comp Profiles,AB177,177,AB,0x2a,user_entry,
Land Comp Profiles,AC177,177,AC,General,user_entry,
Land Comp Profiles,AE177,177,AE,"#,##0",user_entry,
Land Comp Profiles,AF177,177,AF,0x2a,user_entry,
Land Comp Profiles,AG177,177,AG,General,user_entry,
Land Comp Profiles,AH177,177,AH,0x2a,user_entry,
Land Comp Profiles,AI177,177,AI,"$#,##0",user_entry,
Land Comp Profiles,H178,178,H,VeryHidden,user_entry,
Land Comp Profiles,I178,178,I,14.0,user_entry,
Land Comp Profiles,K178,178,K,82.0,user_entry,
Land Comp Profiles,L178,178,L,0x2a,user_entry,
Land Comp Profiles,M178,178,M,0x2a,user_entry,
Land Comp Profiles,N178,178,N,0x2a,user_entry,
Land Comp Profiles,O178,178,O,0x2a,user_entry,
Land Comp Profiles,P178,178,P,0x2a,user_entry,
Land Comp Profiles,R178,178,R,0x2a,user_entry,
Land Comp Profiles,S178,178,S,0x2a,user_entry,
Land Comp Profiles,T178,178,T,0x2a,user_entry,
Land Comp Profiles,U178,178,U,0x2a,user_entry,
Land Comp Profiles,V178,178,V,0x2a,user_entry,
Land Comp Profiles,Y178,178,Y,General,user_entry,
Land Comp Profiles,Z178,178,Z,0x2a,user_entry,
Land Comp Profiles,AA178,178,AA,@,user_entry,
Land Comp Profiles,AB178,178,AB,0x2a,user_entry,
Land Comp Profiles,AC178,178,AC,General,user_entry,
Land Comp Profiles,AE178,178,AE,"#,##0",user_entry,
Land Comp Profiles,AF178,178,AF,0x2a,user_entry,
Land Comp Profiles,AG178,178,AG,General,user_entry,
Land Comp Profiles,AH178,178,AH,0x2a,user_entry,
Land Comp Profiles,AI178,178,AI,"$#,##0",user_entry,
Land Comp Profiles,H179,179,H,VeryHidden,user_entry,
Land Comp Profiles,I179,179,I,15.0,user_entry,
Land Comp Profiles,K179,179,K,83.0,user_entry,
Land Comp Profiles,L179,179,L,0x2a,user_entry,
Land Comp Profiles,M179,179,M,0x2a,user_entry,
Land Comp Profiles,N179,179,N,0x2a,user_entry,
Land Comp Profiles,O179,179,O,0x2a,user_entry,
Land Comp Profiles,P179,179,P,0x2a,user_entry,
Land Comp Profiles,R179,179,R,0x2a,user_entry,
Land Comp Profiles,S179,179,S,0x2a,user_entry,
Land Comp Profiles,T179,179,T,0x2a,user_entry,
Land Comp Profiles,U179,179,U,0x2a,user_entry,
Land Comp Profiles,V179,179,V,0x2a,user_entry,
Land Comp Profiles,Y179,179,Y,General,user_entry,
Land Comp Profiles,Z179,179,Z,0x2a,user_entry,
Land Comp Profiles,AA179,179,AA,@,user_entry,
Land Comp Profiles,AB179,179,AB,0x2a,user_entry,
Land Comp Profiles,AC179,179,AC,General,user_entry,
Land Comp Profiles,AE179,179,AE,"#,##0",user_entry,
Land Comp Profiles,AF179,179,AF,0x2a,user_entry,
Land Comp Profiles,AG179,179,AG,General,user_entry,
Land Comp Profiles,AH179,179,AH,0x2a,user_entry,
Land Comp Profiles,AI179,179,AI,"$#,##0",user_entry,
Land Comp Profiles,H180,180,H,VeryHidden,user_entry,
Land Comp Profiles,I180,180,I,16.0,user_entry,
Land Comp Profiles,K180,180,K,84.0,user_entry,
Land Comp Profiles,L180,180,L,0x2a,user_entry,
Land Comp Profiles,M180,180,M,0x2a,user_entry,
Land Comp Profiles,N180,180,N,0x2a,user_entry,
Land Comp Profiles,O180,180,O,0x2a,user_entry,
Land Comp Profiles,P180,180,P,0x2a,user_entry,
Land Comp Profiles,R180,180,R,0x2a,user_entry,
Land Comp Profiles,S180,180,S,0x2a,user_entry,
Land Comp Profiles,T180,180,T,0x2a,user_entry,
Land Comp Profiles,U180,180,U,0x2a,user_entry,
Land Comp Profiles,V180,180,V,0x2a,user_entry,
Land Comp Profiles,Y180,180,Y,General,user_entry,
Land Comp Profiles,Z180,180,Z,0x2a,user_entry,
Land Comp Profiles,AA180,180,AA,@,user_entry,
Land Comp Profiles,AB180,180,AB,0x2a,user_entry,
Land Comp Profiles,AC180,180,AC,General,user_entry,
Land Comp Profiles,AE180,180,AE,"#,##0",user_entry,
Land Comp Profiles,AF180,180,AF,0x2a,user_entry,
Land Comp Profiles,AG180,180,AG,General,user_entry,
Land Comp Profiles,AH180,180,AH,0x2a,user_entry,
Land Comp Profiles,AI180,180,AI,"$#,##0",user_entry,
Land Comp Profiles,H181,181,H,VeryHidden,user_entry,
Land Comp Profiles,I181,181,I,17.0,user_entry,
Land Comp Profiles,K181,181,K,85.0,user_entry,
Land Comp Profiles,L181,181,L,0x2a,user_entry,
Land Comp Profiles,M181,181,M,0x2a,user_entry,
Land Comp Profiles,N181,181,N,0x2a,user_entry,
Land Comp Profiles,O181,181,O,0x2a,user_entry,
Land Comp Profiles,P181,181,P,0x2a,user_entry,
Land Comp Profiles,R181,181,R,0x2a,user_entry,
Land Comp Profiles,S181,181,S,0x2a,user_entry,
Land Comp Profiles,T181,181,T,0x2a,user_entry,
Land Comp Profiles,U181,181,U,0x2a,user_entry,
Land Comp Profiles,V181,181,V,0x2a,user_entry,
Land Comp Profiles,Y181,181,Y,General,user_entry,
Land Comp Profiles,Z181,181,Z,0x2a,user_entry,
Land Comp Profiles,AA181,181,AA,@,user_entry,
Land Comp Profiles,AB181,181,AB,0x2a,user_entry,
Land Comp Profiles,AC181,181,AC,General,user_entry,
Land Comp Profiles,AE181,181,AE,"#,##0",user_entry,
Land Comp Profiles,AF181,181,AF,0x2a,user_entry,
Land Comp Profiles,AG181,181,AG,General,user_entry,
Land Comp Profiles,AH181,181,AH,0x2a,user_entry,
Land Comp Profiles,AI181,181,AI,"$#,##0",user_entry,
Land Comp Profiles,H182,182,H,VeryHidden,user_entry,
Land Comp Profiles,I182,182,I,18.0,user_entry,
Land Comp Profiles,K182,182,K,86.0,user_entry,
Land Comp Profiles,L182,182,L,0x2a,user_entry,
Land Comp Profiles,M182,182,M,0x2a,user_entry,
Land Comp Profiles,N182,182,N,0x2a,user_entry,
Land Comp Profiles,O182,182,O,0x2a,user_entry,
Land Comp Profiles,P182,182,P,0x2a,user_entry,
Land Comp Profiles,R182,182,R,0x2a,user_entry,
Land Comp Profiles,S182,182,S,0x2a,user_entry,
Land Comp Profiles,T182,182,T,0x2a,user_entry,
Land Comp Profiles,U182,182,U,0x2a,user_entry,
Land Comp Profiles,V182,182,V,0x2a,user_entry,
Land Comp Profiles,Y182,182,Y,General,user_entry,
Land Comp Profiles,Z182,182,Z,0x2a,user_entry,
Land Comp Profiles,AA182,182,AA,@,user_entry,
Land Comp Profiles,AB182,182,AB,0x2a,user_entry,
Land Comp Profiles,AC182,182,AC,General,user_entry,
Land Comp Profiles,AE182,182,AE,"#,##0",user_entry,
Land Comp Profiles,AF182,182,AF,0x2a,user_entry,
Land Comp Profiles,AG182,182,AG,General,user_entry,
Land Comp Profiles,AH182,182,AH,0x2a,user_entry,
Land Comp Profiles,AI182,182,AI,"$#,##0",user_entry,
Land Comp Profiles,H183,183,H,VeryHidden,user_entry,
Land Comp Profiles,I183,183,I,19.0,user_entry,
Land Comp Profiles,K183,183,K,87.0,user_entry,
Land Comp Profiles,L183,183,L,0x2a,user_entry,
Land Comp Profiles,M183,183,M,0x2a,user_entry,
Land Comp Profiles,N183,183,N,0x2a,user_entry,
Land Comp Profiles,O183,183,O,0x2a,user_entry,
Land Comp Profiles,P183,183,P,0x2a,user_entry,
Land Comp Profiles,R183,183,R,0x2a,user_entry,
Land Comp Profiles,S183,183,S,0x2a,user_entry,
Land Comp Profiles,T183,183,T,0x2a,user_entry,
Land Comp Profiles,U183,183,U,0x2a,user_entry,
Land Comp Profiles,V183,183,V,0x2a,user_entry,
Land Comp Profiles,Y183,183,Y,General,user_entry,
Land Comp Profiles,Z183,183,Z,0x2a,user_entry,
Land Comp Profiles,AA183,183,AA,@,user_entry,
Land Comp Profiles,AB183,183,AB,0x2a,user_entry,
Land Comp Profiles,AC183,183,AC,General,user_entry,
Land Comp Profiles,AE183,183,AE,"#,##0",user_entry,
Land Comp Profiles,AF183,183,AF,0x2a,user_entry,
Land Comp Profiles,AG183,183,AG,General,user_entry,
Land Comp Profiles,AH183,183,AH,0x2a,user_entry,
Land Comp Profiles,AI183,183,AI,"$#,##0",user_entry,
Land Comp Profiles,H184,184,H,VeryHidden,user_entry,
Land Comp Profiles,I184,184,I,20.0,user_entry,
Land Comp Profiles,K184,184,K,88.0,user_entry,
Land Comp Profiles,L184,184,L,0x2a,user_entry,
Land Comp Profiles,M184,184,M,0x2a,user_entry,
Land Comp Profiles,N184,184,N,0x2a,user_entry,
Land Comp Profiles,O184,184,O,0x2a,user_entry,
Land Comp Profiles,P184,184,P,0x2a,user_entry,
Land Comp Profiles,R184,184,R,0x2a,user_entry,
Land Comp Profiles,S184,184,S,0x2a,user_entry,
Land Comp Profiles,T184,184,T,0x2a,user_entry,
Land Comp Profiles,U184,184,U,0x2a,user_entry,
Land Comp Profiles,V184,184,V,0x2a,user_entry,
Land Comp Profiles,Y184,184,Y,General,user_entry,
Land Comp Profiles,Z184,184,Z,0x2a,user_entry,
Land Comp Profiles,AA184,184,AA,@,user_entry,
Land Comp Profiles,AB184,184,AB,0x2a,user_entry,
Land Comp Profiles,AC184,184,AC,General,user_entry,
Land Comp Profiles,AE184,184,AE,"#,##0",user_entry,
Land Comp Profiles,AF184,184,AF,0x2a,user_entry,
Land Comp Profiles,AG184,184,AG,General,user_entry,
Land Comp Profiles,AH184,184,AH,0x2a,user_entry,
Land Comp Profiles,AI184,184,AI,"$#,##0",user_entry,
Land Comp Profiles,H185,185,H,VeryHidden,user_entry,
Land Comp Profiles,K185,185,K,89.0,user_entry,
Land Comp Profiles,H186,186,H,VeryHidden,user_entry,
Land Comp Profiles,K186,186,K,90.0,user_entry,
Land Comp Profiles,H187,187,H,VeryHidden,user_entry,
Land Comp Profiles,K187,187,K,91.0,user_entry,
Land Comp Profiles,N187,187,N,0x2a,user_entry,
Land Comp Profiles,T187,187,T,0x2a,user_entry,
Land Comp Profiles,AA187,187,AA,0x2a,user_entry,
Land Comp Profiles,AG187,187,AG,0x2a,user_entry,
Land Comp Profiles,H188,188,H,VeryHidden,user_entry,
Land Comp Profiles,K188,188,K,92.0,user_entry,
Land Comp Profiles,L188,188,L,456.0,user_entry,
Land Comp Profiles,N188,188,N,0x2a,user_entry,
Land Comp Profiles,T188,188,T,0x2a,user_entry,
Land Comp Profiles,Y188,188,Y,@,user_entry,
Land Comp Profiles,B189,189,B,0.0,user_entry,
Land Comp Profiles,H189,189,H,VeryHidden,user_entry,
Land Comp Profiles,B190,190,B,VeryHidden,user_entry,
Land Comp Profiles,C190,190,C,VeryHidden,user_entry,
Land Comp Profiles,D190,190,D,VeryHidden,user_entry,
Land Comp Profiles,E190,190,E,VeryHidden,user_entry,
Land Comp Profiles,F190,190,F,VeryHidden,user_entry,
Land Comp Profiles,G190,190,G,VeryHidden,user_entry,
Land Comp Profiles,H190,190,H,VeryHidden,user_entry,
Land Comp Profiles,Y190,190,Y,VeryHidden,user_entry,
Land Comp Profiles,Z190,190,Z,VeryHidden,user_entry,
Land Comp Profiles,AA190,190,AA,VeryHidden,user_entry,
Land Comp Profiles,AB190,190,AB,VeryHidden,user_entry,
Land Comp Profiles,AC190,190,AC,VeryHidden,user_entry,
Land Comp Profiles,AD190,190,AD,VeryHidden,user_entry,
Land Comp Profiles,AE190,190,AE,VeryHidden,user_entry,
Land Comp Profiles,AF190,190,AF,VeryHidden,user_entry,
Land Comp Profiles,AG190,190,AG,VeryHidden,user_entry,
Land Comp Profiles,AH190,190,AH,VeryHidden,user_entry,
Land Comp Profiles,AI190,190,AI,VeryHidden,user_entry,
Land Comp Profiles,AJ190,190,AJ,VeryHidden,user_entry,
Land Comp Profiles,AK190,190,AK,VeryHidden,user_entry,
Land Comp Profiles,A191,191,A,,user_entry,
Land Comp Profiles,H192,192,H,VeryHidden,user_entry,
Land Comp Profiles,B193,193,B,CompNum,user_entry,
Land Comp Profiles,C193,193,C,CompID,user_entry,
Land Comp Profiles,D193,193,D,HT row,user_entry,
Land Comp Profiles,E193,193,E,Field Row,user_entry,
Land Comp Profiles,F193,193,F,Unit Mix Index,user_entry,
Land Comp Profiles,B194,194,B,1.0,user_entry,
Land Comp Profiles,L194,194,L,Land Sale Comparable 1,user_entry,
Land Comp Profiles,B195,195,B,1.0,user_entry,
Land Comp Profiles,C195,195,C,0.0,user_entry,
Land Comp Profiles,D195,195,D,0x2a,user_entry,
Land Comp Profiles,E195,195,E,1.0,user_entry,
Land Comp Profiles,L195,195,L,Property Name:,user_entry,
Land Comp Profiles,N195,195,N,N/A,user_entry,
Land Comp Profiles,B196,196,B,1.0,user_entry,
Land Comp Profiles,C196,196,C,0.0,user_entry,
Land Comp Profiles,D196,196,D,0x2a,user_entry,
Land Comp Profiles,E196,196,E,2.0,user_entry,
Land Comp Profiles,I196,196,I,add dynamic show/hide spacer rows to maintain pic height constant,user_entry,
Land Comp Profiles,L196,196,L,Address:,user_entry,
Land Comp Profiles,N196,196,N,N/A,user_entry,
Land Comp Profiles,B197,197,B,1.0,user_entry,
Land Comp Profiles,C197,197,C,0.0,user_entry,
Land Comp Profiles,D197,197,D,0x2a,user_entry,
Land Comp Profiles,E197,197,E,3.0,user_entry,
Land Comp Profiles,L197,197,L,"City, State  Zip:",user_entry,
Land Comp Profiles,N197,197,N,N/A,user_entry,
Land Comp Profiles,B198,198,B,1.0,user_entry,
Land Comp Profiles,C198,198,C,0.0,user_entry,
Land Comp Profiles,D198,198,D,0x2a,user_entry,
Land Comp Profiles,E198,198,E,4.0,user_entry,
Land Comp Profiles,H198,198,H,0x7,user_entry,
Land Comp Profiles,I198,198,I,Auto,user_entry,
Land Comp Profiles,L198,198,L,County:,user_entry,
Land Comp Profiles,N198,198,N,N/A,user_entry,
Land Comp Profiles,B199,199,B,1.0,user_entry,
Land Comp Profiles,C199,199,C,0.0,user_entry,
Land Comp Profiles,D199,199,D,0x2a,user_entry,
Land Comp Profiles,E199,199,E,5.0,user_entry,
Land Comp Profiles,H199,199,H,0x7,user_entry,
Land Comp Profiles,I199,199,I,Hide,user_entry,
Land Comp Profiles,L199,199,L,ID:,user_entry,
Land Comp Profiles,N199,199,N,N/A,user_entry,
Land Comp Profiles,B200,200,B,1.0,user_entry,
Land Comp Profiles,C200,200,C,0.0,user_entry,
Land Comp Profiles,D200,200,D,0x2a,user_entry,
Land Comp Profiles,E200,200,E,6.0,user_entry,
Land Comp Profiles,H200,200,H,0x7,user_entry,
Land Comp Profiles,I200,200,I,Auto,user_entry,
Land Comp Profiles,L200,200,L,Property Type:,user_entry,
Land Comp Profiles,N200,200,N,N/A,user_entry,
Land Comp Profiles,B201,201,B,1.0,user_entry,
Land Comp Profiles,C201,201,C,0.0,user_entry,
Land Comp Profiles,D201,201,D,0x2a,user_entry,
Land Comp Profiles,E201,201,E,7.0,user_entry,
Land Comp Profiles,H201,201,H,0x7,user_entry,
Land Comp Profiles,I201,201,I,Auto,user_entry,
Land Comp Profiles,L201,201,L,Property Subtype:,user_entry,
Land Comp Profiles,N201,201,N,N/A,user_entry,
Land Comp Profiles,B202,202,B,1.0,user_entry,
Land Comp Profiles,C202,202,C,0.0,user_entry,
Land Comp Profiles,D202,202,D,0x2a,user_entry,
Land Comp Profiles,E202,202,E,8.0,user_entry,
Land Comp Profiles,H202,202,H,0x7,user_entry,
Land Comp Profiles,I202,202,I,Auto,user_entry,
Land Comp Profiles,L202,202,L,Tax ID(s):,user_entry,
Land Comp Profiles,N202,202,N,N/A,user_entry,
Land Comp Profiles,AK202,202,AK,N/A,user_entry,
Land Comp Profiles,B203,203,B,1.0,user_entry,
Land Comp Profiles,C203,203,C,0.0,user_entry,
Land Comp Profiles,D203,203,D,0x2a,user_entry,
Land Comp Profiles,E203,203,E,9.0,user_entry,
Land Comp Profiles,H203,203,H,0x7,user_entry,
Land Comp Profiles,I203,203,I,Auto,user_entry,
Land Comp Profiles,L203,203,L,Zoning:,user_entry,
Land Comp Profiles,N203,203,N,N/A,user_entry,
Land Comp Profiles,B204,204,B,1.0,user_entry,
Land Comp Profiles,C204,204,C,0.0,user_entry,
Land Comp Profiles,D204,204,D,0x2a,user_entry,
Land Comp Profiles,E204,204,E,10.0,user_entry,
Land Comp Profiles,H204,204,H,0x7,user_entry,
Land Comp Profiles,I204,204,I,Auto,user_entry,
Land Comp Profiles,L204,204,L,Land Acres:,user_entry,
Land Comp Profiles,N204,204,N,N/A,user_entry,
Land Comp Profiles,B205,205,B,1.0,user_entry,
Land Comp Profiles,C205,205,C,0.0,user_entry,
Land Comp Profiles,D205,205,D,0x2a,user_entry,
Land Comp Profiles,E205,205,E,11.0,user_entry,
Land Comp Profiles,H205,205,H,0x7,user_entry,
Land Comp Profiles,I205,205,I,Auto,user_entry,
Land Comp Profiles,L205,205,L,Land SF:,user_entry,
Land Comp Profiles,N205,205,N,N/A,user_entry,
Land Comp Profiles,B206,206,B,1.0,user_entry,
Land Comp Profiles,C206,206,C,0.0,user_entry,
Land Comp Profiles,D206,206,D,0x2a,user_entry,
Land Comp Profiles,E206,206,E,12.0,user_entry,
Land Comp Profiles,H206,206,H,0x7,user_entry,
Land Comp Profiles,I206,206,I,Auto,user_entry,
Land Comp Profiles,L206,206,L,Usable Acres:,user_entry,
Land Comp Profiles,N206,206,N,N/A,user_entry,
Land Comp Profiles,B207,207,B,1.0,user_entry,
Land Comp Profiles,C207,207,C,0.0,user_entry,
Land Comp Profiles,D207,207,D,0x2a,user_entry,
Land Comp Profiles,E207,207,E,13.0,user_entry,
Land Comp Profiles,H207,207,H,0x7,user_entry,
Land Comp Profiles,I207,207,I,Auto,user_entry,
Land Comp Profiles,L207,207,L,Excess Acres:,user_entry,
Land Comp Profiles,N207,207,N,N/A,user_entry,
Land Comp Profiles,B208,208,B,1.0,user_entry,
Land Comp Profiles,C208,208,C,0.0,user_entry,
Land Comp Profiles,D208,208,D,0x2a,user_entry,
Land Comp Profiles,E208,208,E,14.0,user_entry,
Land Comp Profiles,H208,208,H,0x7,user_entry,
Land Comp Profiles,I208,208,I,Auto,user_entry,
Land Comp Profiles,L208,208,L,Topography:,user_entry,
Land Comp Profiles,N208,208,N,N/A,user_entry,
Land Comp Profiles,B209,209,B,1.0,user_entry,
Land Comp Profiles,C209,209,C,0.0,user_entry,
Land Comp Profiles,D209,209,D,0x2a,user_entry,
Land Comp Profiles,E209,209,E,15.0,user_entry,
Land Comp Profiles,H209,209,H,0x7,user_entry,
Land Comp Profiles,I209,209,I,Auto,user_entry,
Land Comp Profiles,L209,209,L,Shape:,user_entry,
Land Comp Profiles,N209,209,N,N/A,user_entry,
Land Comp Profiles,B210,210,B,1.0,user_entry,
Land Comp Profiles,C210,210,C,0.0,user_entry,
Land Comp Profiles,D210,210,D,0x2a,user_entry,
Land Comp Profiles,E210,210,E,16.0,user_entry,
Land Comp Profiles,H210,210,H,0x7,user_entry,
Land Comp Profiles,I210,210,I,Auto,user_entry,
Land Comp Profiles,L210,210,L,Flood Zone:,user_entry,
Land Comp Profiles,N210,210,N,N/A,user_entry,
Land Comp Profiles,B211,211,B,1.0,user_entry,
Land Comp Profiles,C211,211,C,0.0,user_entry,
Land Comp Profiles,D211,211,D,0x2a,user_entry,
Land Comp Profiles,E211,211,E,17.0,user_entry,
Land Comp Profiles,H211,211,H,0x7,user_entry,
Land Comp Profiles,I211,211,I,Auto,user_entry,
Land Comp Profiles,L211,211,L,Rail Access:,user_entry,
Land Comp Profiles,N211,211,N,N/A,user_entry,
Land Comp Profiles,B212,212,B,1.0,user_entry,
Land Comp Profiles,C212,212,C,0.0,user_entry,
Land Comp Profiles,D212,212,D,0x2a,user_entry,
Land Comp Profiles,E212,212,E,18.0,user_entry,
Land Comp Profiles,H212,212,H,0x7,user_entry,
Land Comp Profiles,I212,212,I,Auto,user_entry,
Land Comp Profiles,B213,213,B,1.0,user_entry,
Land Comp Profiles,C213,213,C,0.0,user_entry,
Land Comp Profiles,D213,213,D,0x2a,user_entry,
Land Comp Profiles,E213,213,E,19.0,user_entry,
Land Comp Profiles,H213,213,H,0x7,user_entry,
Land Comp Profiles,I213,213,I,Auto,user_entry,
Land Comp Profiles,B214,214,B,1.0,user_entry,
Land Comp Profiles,C214,214,C,0.0,user_entry,
Land Comp Profiles,D214,214,D,0x2a,user_entry,
Land Comp Profiles,E214,214,E,20.0,user_entry,
Land Comp Profiles,H214,214,H,0x7,user_entry,
Land Comp Profiles,I214,214,I,Auto,user_entry,
Land Comp Profiles,B215,215,B,1.0,user_entry,
Land Comp Profiles,C215,215,C,0.0,user_entry,
Land Comp Profiles,D215,215,D,0x2a,user_entry,
Land Comp Profiles,E215,215,E,21.0,user_entry,
Land Comp Profiles,B216,216,B,1.0,user_entry,
Land Comp Profiles,C216,216,C,0.0,user_entry,
Land Comp Profiles,D216,216,D,0x2a,user_entry,
Land Comp Profiles,E216,216,E,22.0,user_entry,
Land Comp Profiles,L216,216,L,Sale Information,user_entry,
Land Comp Profiles,B217,217,B,1.0,user_entry,
Land Comp Profiles,C217,217,C,0.0,user_entry,
Land Comp Profiles,D217,217,D,0x2a,user_entry,
Land Comp Profiles,E217,217,E,23.0,user_entry,
Land Comp Profiles,L217,217,L,Status:,user_entry,
Land Comp Profiles,N217,217,N,N/A,user_entry,
Land Comp Profiles,R217,217,R,Land Acres:,user_entry,
Land Comp Profiles,T217,217,T,N/A,user_entry,
Land Comp Profiles,B218,218,B,1.0,user_entry,
Land Comp Profiles,C218,218,C,0.0,user_entry,
Land Comp Profiles,D218,218,D,0x2a,user_entry,
Land Comp Profiles,E218,218,E,24.0,user_entry,
Land Comp Profiles,L218,218,L,Sale Date:,user_entry,
Land Comp Profiles,N218,218,N,N/A,user_entry,
Land Comp Profiles,R218,218,R,Price Per Acre:,user_entry,
Land Comp Profiles,T218,218,T,N/A,user_entry,
Land Comp Profiles,X218,218,X,<< Formula is not generic,user_entry,
Land Comp Profiles,B219,219,B,1.0,user_entry,
Land Comp Profiles,C219,219,C,0.0,user_entry,
Land Comp Profiles,D219,219,D,0x2a,user_entry,
Land Comp Profiles,E219,219,E,25.0,user_entry,
Land Comp Profiles,L219,219,L,Sale Price:,user_entry,
Land Comp Profiles,N219,219,N,N/A,user_entry,
Land Comp Profiles,R219,219,R,Property Rights:,user_entry,
Land Comp Profiles,T219,219,T,N/A,user_entry,
Land Comp Profiles,B220,220,B,1.0,user_entry,
Land Comp Profiles,C220,220,C,0.0,user_entry,
Land Comp Profiles,D220,220,D,0x2a,user_entry,
Land Comp Profiles,E220,220,E,26.0,user_entry,
Land Comp Profiles,H220,220,H,0x7,user_entry,
Land Comp Profiles,I220,220,I,Auto,user_entry,
Land Comp Profiles,L220,220,L,Financing:,user_entry,
Land Comp Profiles,N220,220,N,N/A,user_entry,
Land Comp Profiles,R220,220,R,Conditions of Sale:,user_entry,
Land Comp Profiles,T220,220,T,N/A,user_entry,
Land Comp Profiles,B221,221,B,1.0,user_entry,
Land Comp Profiles,C221,221,C,0.0,user_entry,
Land Comp Profiles,D221,221,D,0x2a,user_entry,
Land Comp Profiles,E221,221,E,27.0,user_entry,
Land Comp Profiles,H221,221,H,0x7,user_entry,
Land Comp Profiles,I221,221,I,Auto,user_entry,
Land Comp Profiles,L221,221,L,Grantor:,user_entry,
Land Comp Profiles,N221,221,N,N/A,user_entry,
Land Comp Profiles,R221,221,R,Grantee:,user_entry,
Land Comp Profiles,T221,221,T,N/A,user_entry,
Land Comp Profiles,B222,222,B,1.0,user_entry,
Land Comp Profiles,C222,222,C,0.0,user_entry,
Land Comp Profiles,D222,222,D,0x2a,user_entry,
Land Comp Profiles,E222,222,E,28.0,user_entry,
Land Comp Profiles,H222,222,H,0x7,user_entry,
Land Comp Profiles,I222,222,I,Auto,user_entry,
Land Comp Profiles,L222,222,L,Book/Page or Ref Doc:,user_entry,
Land Comp Profiles,N222,222,N,N/A,user_entry,
Land Comp Profiles,R222,222,R,Verification:,user_entry,
Land Comp Profiles,T222,222,T,N/A,user_entry,
Land Comp Profiles,B223,223,B,1.0,user_entry,
Land Comp Profiles,C223,223,C,0.0,user_entry,
Land Comp Profiles,D223,223,D,0x2a,user_entry,
Land Comp Profiles,E223,223,E,29.0,user_entry,
Land Comp Profiles,H223,223,H,0x7,user_entry,
Land Comp Profiles,I223,223,I,Auto,user_entry,
Land Comp Profiles,L223,223,L,Traffic Count:,user_entry,
Land Comp Profiles,N223,223,N,N/A,user_entry,
Land Comp Profiles,B224,224,B,1.0,user_entry,
Land Comp Profiles,C224,224,C,0.0,user_entry,
Land Comp Profiles,D224,224,D,0x2a,user_entry,
Land Comp Profiles,E224,224,E,30.0,user_entry,
Land Comp Profiles,H224,224,H,0x7,user_entry,
Land Comp Profiles,I224,224,I,Auto,user_entry,
Land Comp Profiles,B225,225,B,1.0,user_entry,
Land Comp Profiles,C225,225,C,0.0,user_entry,
Land Comp Profiles,D225,225,D,0x2a,user_entry,
Land Comp Profiles,E225,225,E,31.0,user_entry,
Land Comp Profiles,H225,225,H,0x7,user_entry,
Land Comp Profiles,I225,225,I,Auto,user_entry,
Land Comp Profiles,B226,226,B,1.0,user_entry,
Land Comp Profiles,C226,226,C,0.0,user_entry,
Land Comp Profiles,D226,226,D,0x2a,user_entry,
Land Comp Profiles,E226,226,E,32.0,user_entry,
Land Comp Profiles,H226,226,H,0x7,user_entry,
Land Comp Profiles,I226,226,I,Auto,user_entry,
Land Comp Profiles,B227,227,B,1.0,user_entry,
Land Comp Profiles,C227,227,C,0.0,user_entry,
Land Comp Profiles,D227,227,D,0x2a,user_entry,
Land Comp Profiles,E227,227,E,33.0,user_entry,
Land Comp Profiles,H227,227,H,0x7,user_entry,
Land Comp Profiles,I227,227,I,Auto,user_entry,
Land Comp Profiles,B228,228,B,1.0,user_entry,
Land Comp Profiles,C228,228,C,0.0,user_entry,
Land Comp Profiles,D228,228,D,0x2a,user_entry,
Land Comp Profiles,E228,228,E,34.0,user_entry,
Land Comp Profiles,H228,228,H,0x7,user_entry,
Land Comp Profiles,I228,228,I,Auto,user_entry,
Land Comp Profiles,B229,229,B,1.0,user_entry,
Land Comp Profiles,C229,229,C,0.0,user_entry,
Land Comp Profiles,D229,229,D,0x2a,user_entry,
Land Comp Profiles,E229,229,E,35.0,user_entry,
Land Comp Profiles,H229,229,H,0x7,user_entry,
Land Comp Profiles,I229,229,I,Auto,user_entry,
Land Comp Profiles,B230,230,B,1.0,user_entry,
Land Comp Profiles,C230,230,C,0.0,user_entry,
Land Comp Profiles,D230,230,D,0x2a,user_entry,
Land Comp Profiles,E230,230,E,36.0,user_entry,
Land Comp Profiles,H230,230,H,0x7,user_entry,
Land Comp Profiles,I230,230,I,Auto,user_entry,
Land Comp Profiles,B231,231,B,1.0,user_entry,
Land Comp Profiles,C231,231,C,0.0,user_entry,
Land Comp Profiles,D231,231,D,0x2a,user_entry,
Land Comp Profiles,E231,231,E,37.0,user_entry,
Land Comp Profiles,H231,231,H,0x7,user_entry,
Land Comp Profiles,I231,231,I,Auto,user_entry,
Land Comp Profiles,B232,232,B,1.0,user_entry,
Land Comp Profiles,C232,232,C,0.0,user_entry,
Land Comp Profiles,D232,232,D,0x2a,user_entry,
Land Comp Profiles,E232,232,E,38.0,user_entry,
Land Comp Profiles,H232,232,H,VeryHidden,user_entry,
Land Comp Profiles,B233,233,B,1.0,user_entry,
Land Comp Profiles,C233,233,C,0.0,user_entry,
Land Comp Profiles,D233,233,D,0x2a,user_entry,
Land Comp Profiles,E233,233,E,39.0,user_entry,
Land Comp Profiles,H233,233,H,VeryHidden,user_entry,
Land Comp Profiles,L233,233,L,Project Amenities,user_entry,
Land Comp Profiles,B234,234,B,1.0,user_entry,
Land Comp Profiles,C234,234,C,0.0,user_entry,
Land Comp Profiles,D234,234,D,0x2a,user_entry,
Land Comp Profiles,E234,234,E,40.0,user_entry,
Land Comp Profiles,H234,234,H,VeryHidden,user_entry,
Land Comp Profiles,I234,234,I,Hide,user_entry,
Land Comp Profiles,B235,235,B,1.0,user_entry,
Land Comp Profiles,C235,235,C,0.0,user_entry,
Land Comp Profiles,D235,235,D,0x2a,user_entry,
Land Comp Profiles,E235,235,E,41.0,user_entry,
Land Comp Profiles,H235,235,H,VeryHidden,user_entry,
Land Comp Profiles,B236,236,B,1.0,user_entry,
Land Comp Profiles,C236,236,C,0.0,user_entry,
Land Comp Profiles,D236,236,D,0x2a,user_entry,
Land Comp Profiles,E236,236,E,42.0,user_entry,
Land Comp Profiles,H236,236,H,VeryHidden,user_entry,
Land Comp Profiles,L236,236,L,Unit Features,user_entry,
Land Comp Profiles,B237,237,B,1.0,user_entry,
Land Comp Profiles,C237,237,C,0.0,user_entry,
Land Comp Profiles,D237,237,D,0x2a,user_entry,
Land Comp Profiles,E237,237,E,43.0,user_entry,
Land Comp Profiles,H237,237,H,VeryHidden,user_entry,
Land Comp Profiles,I237,237,I,Hide,user_entry,
Land Comp Profiles,B238,238,B,1.0,user_entry,
Land Comp Profiles,C238,238,C,0.0,user_entry,
Land Comp Profiles,D238,238,D,0x2a,user_entry,
Land Comp Profiles,E238,238,E,44.0,user_entry,
Land Comp Profiles,H238,238,H,VeryHidden,user_entry,
Land Comp Profiles,B239,239,B,1.0,user_entry,
Land Comp Profiles,C239,239,C,0.0,user_entry,
Land Comp Profiles,D239,239,D,0x2a,user_entry,
Land Comp Profiles,E239,239,E,45.0,user_entry,
Land Comp Profiles,H239,239,H,VeryHidden,user_entry,
Land Comp Profiles,L239,239,L,Major Tenants,user_entry,
Land Comp Profiles,B240,240,B,1.0,user_entry,
Land Comp Profiles,C240,240,C,0.0,user_entry,
Land Comp Profiles,D240,240,D,0x2a,user_entry,
Land Comp Profiles,E240,240,E,46.0,user_entry,
Land Comp Profiles,H240,240,H,VeryHidden,user_entry,
Land Comp Profiles,I240,240,I,Hide,user_entry,
Land Comp Profiles,B241,241,B,1.0,user_entry,
Land Comp Profiles,C241,241,C,0.0,user_entry,
Land Comp Profiles,D241,241,D,0x2a,user_entry,
Land Comp Profiles,E241,241,E,47.0,user_entry,
Land Comp Profiles,H241,241,H,0x7,user_entry,
Land Comp Profiles,B242,242,B,1.0,user_entry,
Land Comp Profiles,C242,242,C,0.0,user_entry,
Land Comp Profiles,D242,242,D,0x2a,user_entry,
Land Comp Profiles,E242,242,E,48.0,user_entry,
Land Comp Profiles,H242,242,H,0x7,user_entry,
Land Comp Profiles,L242,242,L,Financial Detail,user_entry,
Land Comp Profiles,B243,243,B,1.0,user_entry,
Land Comp Profiles,C243,243,C,0.0,user_entry,
Land Comp Profiles,D243,243,D,0x2a,user_entry,
Land Comp Profiles,E243,243,E,49.0,user_entry,
Land Comp Profiles,H243,243,H,0x7,user_entry,
Land Comp Profiles,I243,243,I,Hide,user_entry,
Land Comp Profiles,B244,244,B,1.0,user_entry,
Land Comp Profiles,C244,244,C,0.0,user_entry,
Land Comp Profiles,D244,244,D,0x2a,user_entry,
Land Comp Profiles,E244,244,E,50.0,user_entry,
Land Comp Profiles,H244,244,H,0x7,user_entry,
Land Comp Profiles,I244,244,I,Hide,user_entry,
Land Comp Profiles,B245,245,B,1.0,user_entry,
Land Comp Profiles,C245,245,C,0.0,user_entry,
Land Comp Profiles,D245,245,D,0x2a,user_entry,
Land Comp Profiles,E245,245,E,51.0,user_entry,
Land Comp Profiles,H245,245,H,0x7,user_entry,
Land Comp Profiles,I245,245,I,Hide,user_entry,
Land Comp Profiles,B246,246,B,1.0,user_entry,
Land Comp Profiles,C246,246,C,0.0,user_entry,
Land Comp Profiles,D246,246,D,0x2a,user_entry,
Land Comp Profiles,E246,246,E,52.0,user_entry,
Land Comp Profiles,H246,246,H,0x7,user_entry,
Land Comp Profiles,I246,246,I,Hide,user_entry,
Land Comp Profiles,B247,247,B,1.0,user_entry,
Land Comp Profiles,C247,247,C,0.0,user_entry,
Land Comp Profiles,D247,247,D,0x2a,user_entry,
Land Comp Profiles,E247,247,E,53.0,user_entry,
Land Comp Profiles,H247,247,H,0x7,user_entry,
Land Comp Profiles,I247,247,I,Hide,user_entry,
Land Comp Profiles,B248,248,B,1.0,user_entry,
Land Comp Profiles,C248,248,C,0.0,user_entry,
Land Comp Profiles,D248,248,D,0x2a,user_entry,
Land Comp Profiles,E248,248,E,54.0,user_entry,
Land Comp Profiles,H248,248,H,0x7,user_entry,
Land Comp Profiles,I248,248,I,Hide,user_entry,
Land Comp Profiles,B249,249,B,1.0,user_entry,
Land Comp Profiles,C249,249,C,0.0,user_entry,
Land Comp Profiles,D249,249,D,0x2a,user_entry,
Land Comp Profiles,E249,249,E,55.0,user_entry,
Land Comp Profiles,H249,249,H,0x7,user_entry,
Land Comp Profiles,I249,249,I,Hide,user_entry,
Land Comp Profiles,B250,250,B,1.0,user_entry,
Land Comp Profiles,C250,250,C,0.0,user_entry,
Land Comp Profiles,D250,250,D,0x2a,user_entry,
Land Comp Profiles,E250,250,E,56.0,user_entry,
Land Comp Profiles,H250,250,H,0x7,user_entry,
Land Comp Profiles,I250,250,I,Hide,user_entry,
Land Comp Profiles,B251,251,B,1.0,user_entry,
Land Comp Profiles,C251,251,C,0.0,user_entry,
Land Comp Profiles,D251,251,D,0x2a,user_entry,
Land Comp Profiles,E251,251,E,57.0,user_entry,
Land Comp Profiles,H251,251,H,VeryHidden,user_entry,
Land Comp Profiles,B252,252,B,1.0,user_entry,
Land Comp Profiles,C252,252,C,0.0,user_entry,
Land Comp Profiles,D252,252,D,0x2a,user_entry,
Land Comp Profiles,E252,252,E,58.0,user_entry,
Land Comp Profiles,H252,252,H,VeryHidden,user_entry,
Land Comp Profiles,L252,252,L,Care Types,user_entry,
Land Comp Profiles,R252,252,R,Census Mix,user_entry,
Land Comp Profiles,B253,253,B,1.0,user_entry,
Land Comp Profiles,C253,253,C,0.0,user_entry,
Land Comp Profiles,D253,253,D,0x2a,user_entry,
Land Comp Profiles,E253,253,E,59.0,user_entry,
Land Comp Profiles,H253,253,H,VeryHidden,user_entry,
Land Comp Profiles,L253,253,L,Care,user_entry,
Land Comp Profiles,M253,253,M,Units,user_entry,
Land Comp Profiles,N253,253,N,Beds,user_entry,
Land Comp Profiles,O253,253,O,Occ.,user_entry,
Land Comp Profiles,P253,253,P,2nd Person,user_entry,
Land Comp Profiles,R253,253,R,Private Pay,user_entry,
Land Comp Profiles,S253,253,S,Medicaid,user_entry,
Land Comp Profiles,T253,253,T,Medicare,user_entry,
Land Comp Profiles,U253,253,U,Mng. Care,user_entry,
Land Comp Profiles,V253,253,V,Other,user_entry,
Land Comp Profiles,B254,254,B,1.0,user_entry,
Land Comp Profiles,C254,254,C,0.0,user_entry,
Land Comp Profiles,D254,254,D,0x2a,user_entry,
Land Comp Profiles,E254,254,E,60.0,user_entry,
Land Comp Profiles,H254,254,H,VeryHidden,user_entry,
Land Comp Profiles,B255,255,B,1.0,user_entry,
Land Comp Profiles,C255,255,C,0.0,user_entry,
Land Comp Profiles,D255,255,D,0x2a,user_entry,
Land Comp Profiles,E255,255,E,61.0,user_entry,
Land Comp Profiles,H255,255,H,VeryHidden,user_entry,
Land Comp Profiles,B256,256,B,1.0,user_entry,
Land Comp Profiles,C256,256,C,0.0,user_entry,
Land Comp Profiles,D256,256,D,0x2a,user_entry,
Land Comp Profiles,E256,256,E,62.0,user_entry,
Land Comp Profiles,H256,256,H,VeryHidden,user_entry,
Land Comp Profiles,B257,257,B,1.0,user_entry,
Land Comp Profiles,C257,257,C,0.0,user_entry,
Land Comp Profiles,D257,257,D,0x2a,user_entry,
Land Comp Profiles,E257,257,E,63.0,user_entry,
Land Comp Profiles,H257,257,H,VeryHidden,user_entry,
Land Comp Profiles,B258,258,B,1.0,user_entry,
Land Comp Profiles,C258,258,C,0.0,user_entry,
Land Comp Profiles,D258,258,D,0x2a,user_entry,
Land Comp Profiles,E258,258,E,64.0,user_entry,
Land Comp Profiles,H258,258,H,VeryHidden,user_entry,
Land Comp Profiles,B259,259,B,1.0,user_entry,
Land Comp Profiles,C259,259,C,0.0,user_entry,
Land Comp Profiles,D259,259,D,0x2a,user_entry,
Land Comp Profiles,E259,259,E,65.0,user_entry,
Land Comp Profiles,H259,259,H,VeryHidden,user_entry,
Land Comp Profiles,I259,259,I,Auto,user_entry,
Land Comp Profiles,B260,260,B,1.0,user_entry,
Land Comp Profiles,C260,260,C,0.0,user_entry,
Land Comp Profiles,D260,260,D,0x2a,user_entry,
Land Comp Profiles,E260,260,E,66.0,user_entry,
Land Comp Profiles,H260,260,H,VeryHidden,user_entry,
Land Comp Profiles,B261,261,B,1.0,user_entry,
Land Comp Profiles,C261,261,C,0.0,user_entry,
Land Comp Profiles,D261,261,D,0x2a,user_entry,
Land Comp Profiles,E261,261,E,67.0,user_entry,
Land Comp Profiles,H261,261,H,VeryHidden,user_entry,
Land Comp Profiles,L261,261,L,Unit Mix,user_entry,
Land Comp Profiles,B262,262,B,1.0,user_entry,
Land Comp Profiles,C262,262,C,0.0,user_entry,
Land Comp Profiles,D262,262,D,0x2a,user_entry,
Land Comp Profiles,E262,262,E,68.0,user_entry,
Land Comp Profiles,H262,262,H,VeryHidden,user_entry,
Land Comp Profiles,L262,262,L,Revenue Unit,user_entry,
Land Comp Profiles,P262,262,P,Units,user_entry,
Land Comp Profiles,R262,262,R,Vacant Units,user_entry,
Land Comp Profiles,V262,262,V,Asking Rent/Unit,user_entry,
Land Comp Profiles,Y262,262,Y,Rev Unit1,user_entry,
Land Comp Profiles,Z262,262,Z,Rev Unit2,user_entry,
Land Comp Profiles,AJ262,262,AJ,Occupied Units,user_entry,
Land Comp Profiles,B263,263,B,1.0,user_entry,
Land Comp Profiles,C263,263,C,0.0,user_entry,
Land Comp Profiles,D263,263,D,0x2a,user_entry,
Land Comp Profiles,E263,263,E,69.0,user_entry,
Land Comp Profiles,F263,263,F,1.0,user_entry,
Land Comp Profiles,H263,263,H,VeryHidden,user_entry,
Land Comp Profiles,I263,263,I,Hide,user_entry,
Land Comp Profiles,AJ263,263,AJ,0.0,user_entry,
Land Comp Profiles,B264,264,B,1.0,user_entry,
Land Comp Profiles,C264,264,C,0.0,user_entry,
Land Comp Profiles,D264,264,D,0x2a,user_entry,
Land Comp Profiles,E264,264,E,70.0,user_entry,
Land Comp Profiles,F264,264,F,2.0,user_entry,
Land Comp Profiles,H264,264,H,VeryHidden,user_entry,
Land Comp Profiles,I264,264,I,Hide,user_entry,
Land Comp Profiles,AJ264,264,AJ,0.0,user_entry,
Land Comp Profiles,B265,265,B,1.0,user_entry,
Land Comp Profiles,C265,265,C,0.0,user_entry,
Land Comp Profiles,D265,265,D,0x2a,user_entry,
Land Comp Profiles,E265,265,E,71.0,user_entry,
Land Comp Profiles,F265,265,F,3.0,user_entry,
Land Comp Profiles,H265,265,H,VeryHidden,user_entry,
Land Comp Profiles,I265,265,I,Hide,user_entry,
Land Comp Profiles,AJ265,265,AJ,0.0,user_entry,
Land Comp Profiles,B266,266,B,1.0,user_entry,
Land Comp Profiles,C266,266,C,0.0,user_entry,
Land Comp Profiles,D266,266,D,0x2a,user_entry,
Land Comp Profiles,E266,266,E,72.0,user_entry,
Land Comp Profiles,F266,266,F,4.0,user_entry,
Land Comp Profiles,H266,266,H,VeryHidden,user_entry,
Land Comp Profiles,I266,266,I,Hide,user_entry,
Land Comp Profiles,AJ266,266,AJ,0.0,user_entry,
Land Comp Profiles,B267,267,B,1.0,user_entry,
Land Comp Profiles,C267,267,C,0.0,user_entry,
Land Comp Profiles,D267,267,D,0x2a,user_entry,
Land Comp Profiles,E267,267,E,73.0,user_entry,
Land Comp Profiles,F267,267,F,5.0,user_entry,
Land Comp Profiles,H267,267,H,VeryHidden,user_entry,
Land Comp Profiles,I267,267,I,Hide,user_entry,
Land Comp Profiles,AJ267,267,AJ,0.0,user_entry,
Land Comp Profiles,B268,268,B,1.0,user_entry,
Land Comp Profiles,C268,268,C,0.0,user_entry,
Land Comp Profiles,D268,268,D,0x2a,user_entry,
Land Comp Profiles,E268,268,E,74.0,user_entry,
Land Comp Profiles,F268,268,F,6.0,user_entry,
Land Comp Profiles,H268,268,H,VeryHidden,user_entry,
Land Comp Profiles,I268,268,I,Hide,user_entry,
Land Comp Profiles,AJ268,268,AJ,0.0,user_entry,
Land Comp Profiles,B269,269,B,1.0,user_entry,
Land Comp Profiles,C269,269,C,0.0,user_entry,
Land Comp Profiles,D269,269,D,0x2a,user_entry,
Land Comp Profiles,E269,269,E,75.0,user_entry,
Land Comp Profiles,F269,269,F,7.0,user_entry,
Land Comp Profiles,H269,269,H,VeryHidden,user_entry,
Land Comp Profiles,I269,269,I,Hide,user_entry,
Land Comp Profiles,AJ269,269,AJ,0.0,user_entry,
Land Comp Profiles,B270,270,B,1.0,user_entry,
Land Comp Profiles,C270,270,C,0.0,user_entry,
Land Comp Profiles,D270,270,D,0x2a,user_entry,
Land Comp Profiles,E270,270,E,76.0,user_entry,
Land Comp Profiles,F270,270,F,8.0,user_entry,
Land Comp Profiles,H270,270,H,VeryHidden,user_entry,
Land Comp Profiles,I270,270,I,Hide,user_entry,
Land Comp Profiles,AJ270,270,AJ,0.0,user_entry,
Land Comp Profiles,B271,271,B,1.0,user_entry,
Land Comp Profiles,C271,271,C,0.0,user_entry,
Land Comp Profiles,D271,271,D,0x2a,user_entry,
Land Comp Profiles,E271,271,E,77.0,user_entry,
Land Comp Profiles,F271,271,F,9.0,user_entry,
Land Comp Profiles,H271,271,H,VeryHidden,user_entry,
Land Comp Profiles,I271,271,I,Hide,user_entry,
Land Comp Profiles,AJ271,271,AJ,0.0,user_entry,
Land Comp Profiles,B272,272,B,1.0,user_entry,
Land Comp Profiles,C272,272,C,0.0,user_entry,
Land Comp Profiles,D272,272,D,0x2a,user_entry,
Land Comp Profiles,E272,272,E,78.0,user_entry,
Land Comp Profiles,F272,272,F,10.0,user_entry,
Land Comp Profiles,H272,272,H,VeryHidden,user_entry,
Land Comp Profiles,I272,272,I,Hide,user_entry,
Land Comp Profiles,AJ272,272,AJ,0.0,user_entry,
Land Comp Profiles,B273,273,B,1.0,user_entry,
Land Comp Profiles,C273,273,C,0.0,user_entry,
Land Comp Profiles,D273,273,D,0x2a,user_entry,
Land Comp Profiles,E273,273,E,79.0,user_entry,
Land Comp Profiles,F273,273,F,11.0,user_entry,
Land Comp Profiles,H273,273,H,VeryHidden,user_entry,
Land Comp Profiles,I273,273,I,Hide,user_entry,
Land Comp Profiles,AJ273,273,AJ,0.0,user_entry,
Land Comp Profiles,B274,274,B,1.0,user_entry,
Land Comp Profiles,C274,274,C,0.0,user_entry,
Land Comp Profiles,D274,274,D,0x2a,user_entry,
Land Comp Profiles,E274,274,E,80.0,user_entry,
Land Comp Profiles,F274,274,F,12.0,user_entry,
Land Comp Profiles,H274,274,H,VeryHidden,user_entry,
Land Comp Profiles,I274,274,I,Hide,user_entry,
Land Comp Profiles,AJ274,274,AJ,0.0,user_entry,
Land Comp Profiles,B275,275,B,1.0,user_entry,
Land Comp Profiles,C275,275,C,0.0,user_entry,
Land Comp Profiles,D275,275,D,0x2a,user_entry,
Land Comp Profiles,E275,275,E,81.0,user_entry,
Land Comp Profiles,F275,275,F,13.0,user_entry,
Land Comp Profiles,H275,275,H,VeryHidden,user_entry,
Land Comp Profiles,I275,275,I,Hide,user_entry,
Land Comp Profiles,AJ275,275,AJ,0.0,user_entry,
Land Comp Profiles,B276,276,B,1.0,user_entry,
Land Comp Profiles,C276,276,C,0.0,user_entry,
Land Comp Profiles,D276,276,D,0x2a,user_entry,
Land Comp Profiles,E276,276,E,82.0,user_entry,
Land Comp Profiles,F276,276,F,14.0,user_entry,
Land Comp Profiles,H276,276,H,VeryHidden,user_entry,
Land Comp Profiles,I276,276,I,Hide,user_entry,
Land Comp Profiles,AJ276,276,AJ,0.0,user_entry,
Land Comp Profiles,B277,277,B,1.0,user_entry,
Land Comp Profiles,C277,277,C,0.0,user_entry,
Land Comp Profiles,D277,277,D,0x2a,user_entry,
Land Comp Profiles,E277,277,E,83.0,user_entry,
Land Comp Profiles,F277,277,F,15.0,user_entry,
Land Comp Profiles,H277,277,H,VeryHidden,user_entry,
Land Comp Profiles,I277,277,I,Hide,user_entry,
Land Comp Profiles,AJ277,277,AJ,0.0,user_entry,
Land Comp Profiles,B278,278,B,1.0,user_entry,
Land Comp Profiles,C278,278,C,0.0,user_entry,
Land Comp Profiles,D278,278,D,0x2a,user_entry,
Land Comp Profiles,E278,278,E,84.0,user_entry,
Land Comp Profiles,F278,278,F,16.0,user_entry,
Land Comp Profiles,H278,278,H,VeryHidden,user_entry,
Land Comp Profiles,I278,278,I,Hide,user_entry,
Land Comp Profiles,AJ278,278,AJ,0.0,user_entry,
Land Comp Profiles,B279,279,B,1.0,user_entry,
Land Comp Profiles,C279,279,C,0.0,user_entry,
Land Comp Profiles,D279,279,D,0x2a,user_entry,
Land Comp Profiles,E279,279,E,85.0,user_entry,
Land Comp Profiles,F279,279,F,17.0,user_entry,
Land Comp Profiles,H279,279,H,VeryHidden,user_entry,
Land Comp Profiles,I279,279,I,Hide,user_entry,
Land Comp Profiles,AJ279,279,AJ,0.0,user_entry,
Land Comp Profiles,B280,280,B,1.0,user_entry,
Land Comp Profiles,C280,280,C,0.0,user_entry,
Land Comp Profiles,D280,280,D,0x2a,user_entry,
Land Comp Profiles,E280,280,E,86.0,user_entry,
Land Comp Profiles,F280,280,F,18.0,user_entry,
Land Comp Profiles,H280,280,H,VeryHidden,user_entry,
Land Comp Profiles,I280,280,I,Hide,user_entry,
Land Comp Profiles,AJ280,280,AJ,0.0,user_entry,
Land Comp Profiles,B281,281,B,1.0,user_entry,
Land Comp Profiles,C281,281,C,0.0,user_entry,
Land Comp Profiles,D281,281,D,0x2a,user_entry,
Land Comp Profiles,E281,281,E,87.0,user_entry,
Land Comp Profiles,F281,281,F,19.0,user_entry,
Land Comp Profiles,H281,281,H,VeryHidden,user_entry,
Land Comp Profiles,I281,281,I,Hide,user_entry,
Land Comp Profiles,AJ281,281,AJ,0.0,user_entry,
Land Comp Profiles,B282,282,B,1.0,user_entry,
Land Comp Profiles,C282,282,C,0.0,user_entry,
Land Comp Profiles,D282,282,D,0x2a,user_entry,
Land Comp Profiles,E282,282,E,88.0,user_entry,
Land Comp Profiles,F282,282,F,20.0,user_entry,
Land Comp Profiles,H282,282,H,VeryHidden,user_entry,
Land Comp Profiles,I282,282,I,Hide,user_entry,
Land Comp Profiles,AJ282,282,AJ,0.0,user_entry,
Land Comp Profiles,B283,283,B,1.0,user_entry,
Land Comp Profiles,C283,283,C,0.0,user_entry,
Land Comp Profiles,D283,283,D,0x2a,user_entry,
Land Comp Profiles,E283,283,E,89.0,user_entry,
Land Comp Profiles,H283,283,H,VeryHidden,user_entry,
Land Comp Profiles,I283,283,I,Hide,user_entry,
Land Comp Profiles,L283,283,L,Totals / Wtd. Average,user_entry,
Land Comp Profiles,P283,283,P,0.0,user_entry,
Land Comp Profiles,R283,283,R,0.0,user_entry,
Land Comp Profiles,T283,283,T,0.0,user_entry,
Land Comp Profiles,V283,283,V,0.0,user_entry,
Land Comp Profiles,AJ283,283,AJ,0.0,user_entry,
Land Comp Profiles,B284,284,B,1.0,user_entry,
Land Comp Profiles,C284,284,C,0.0,user_entry,
Land Comp Profiles,D284,284,D,0x2a,user_entry,
Land Comp Profiles,E284,284,E,90.0,user_entry,
Land Comp Profiles,H284,284,H,0x7,user_entry,
Land Comp Profiles,B285,285,B,1.0,user_entry,
Land Comp Profiles,C285,285,C,0.0,user_entry,
Land Comp Profiles,D285,285,D,0x2a,user_entry,
Land Comp Profiles,E285,285,E,91.0,user_entry,
Land Comp Profiles,H285,285,H,0x7,user_entry,
Land Comp Profiles,L285,285,L,Sale Comments,user_entry,
Land Comp Profiles,B286,286,B,1.0,user_entry,
Land Comp Profiles,C286,286,C,0.0,user_entry,
Land Comp Profiles,D286,286,D,0x2a,user_entry,
Land Comp Profiles,E286,286,E,92.0,user_entry,
Land Comp Profiles,H286,286,H,0x7,user_entry,
Land Comp Profiles,I286,286,I,Auto,user_entry,
Land Comp Profiles,B287,287,B,1.0,user_entry,
Land Comp Profiles,B288,288,B,1.0,user_entry,
Land Comp Profiles,L288,288,L,N1_chtCompProfile1,user_entry,
Land Comp Profiles,B289,289,B,VeryHidden,user_entry,
Land Comp Profiles,C289,289,C,VeryHidden,user_entry,
Land Comp Profiles,D289,289,D,VeryHidden,user_entry,
Land Comp Profiles,E289,289,E,VeryHidden,user_entry,
Land Comp Profiles,F289,289,F,VeryHidden,user_entry,
Land Comp Profiles,G289,289,G,VeryHidden,user_entry,
Land Comp Profiles,H289,289,H,VeryHidden,user_entry,
Land Comp Profiles,Y289,289,Y,VeryHidden,user_entry,
Land Comp Profiles,Z289,289,Z,VeryHidden,user_entry,
Land Comp Profiles,AA289,289,AA,VeryHidden,user_entry,
Land Comp Profiles,AB289,289,AB,VeryHidden,user_entry,
Land Comp Profiles,AC289,289,AC,VeryHidden,user_entry,
Land Comp Profiles,AD289,289,AD,VeryHidden,user_entry,
Land Comp Profiles,AE289,289,AE,VeryHidden,user_entry,
Land Comp Profiles,AF289,289,AF,VeryHidden,user_entry,
Land Comp Profiles,AG289,289,AG,VeryHidden,user_entry,
Land Comp Profiles,AH289,289,AH,VeryHidden,user_entry,
Land Comp Profiles,AI289,289,AI,VeryHidden,user_entry,
Land Comp Profiles,AJ289,289,AJ,VeryHidden,user_entry,
Land Comp Profiles,AK289,289,AK,VeryHidden,user_entry,
Land Comp Profiles,A290,290,A,,user_entry,
Land Comp Profiles,H291,291,H,VeryHidden,user_entry,
Land Comp Profiles,B292,292,B,CompNum,user_entry,
Land Comp Profiles,C292,292,C,CompID,user_entry,
Land Comp Profiles,D292,292,D,HT row,user_entry,
Land Comp Profiles,E292,292,E,Field Row,user_entry,
Land Comp Profiles,F292,292,F,Unit Mix Index,user_entry,
Land Comp Profiles,B293,293,B,2.0,user_entry,
Land Comp Profiles,L293,293,L,Land Sale Comparable 2,user_entry,
Land Comp Profiles,B294,294,B,2.0,user_entry,
Land Comp Profiles,C294,294,C,0.0,user_entry,
Land Comp Profiles,D294,294,D,0x2a,user_entry,
Land Comp Profiles,E294,294,E,1.0,user_entry,
Land Comp Profiles,L294,294,L,Property Name:,user_entry,
Land Comp Profiles,N294,294,N,N/A,user_entry,
Land Comp Profiles,B295,295,B,2.0,user_entry,
Land Comp Profiles,C295,295,C,0.0,user_entry,
Land Comp Profiles,D295,295,D,0x2a,user_entry,
Land Comp Profiles,E295,295,E,2.0,user_entry,
Land Comp Profiles,I295,295,I,add dynamic show/hide spacer rows to maintain pic height constant,user_entry,
Land Comp Profiles,L295,295,L,Address:,user_entry,
Land Comp Profiles,N295,295,N,N/A,user_entry,
Land Comp Profiles,B296,296,B,2.0,user_entry,
Land Comp Profiles,C296,296,C,0.0,user_entry,
Land Comp Profiles,D296,296,D,0x2a,user_entry,
Land Comp Profiles,E296,296,E,3.0,user_entry,
Land Comp Profiles,L296,296,L,"City, State  Zip:",user_entry,
Land Comp Profiles,N296,296,N,N/A,user_entry,
Land Comp Profiles,B297,297,B,2.0,user_entry,
Land Comp Profiles,C297,297,C,0.0,user_entry,
Land Comp Profiles,D297,297,D,0x2a,user_entry,
Land Comp Profiles,E297,297,E,4.0,user_entry,
Land Comp Profiles,H297,297,H,0x7,user_entry,
Land Comp Profiles,I297,297,I,Auto,user_entry,
Land Comp Profiles,L297,297,L,County:,user_entry,
Land Comp Profiles,N297,297,N,N/A,user_entry,
Land Comp Profiles,B298,298,B,2.0,user_entry,
Land Comp Profiles,C298,298,C,0.0,user_entry,
Land Comp Profiles,D298,298,D,0x2a,user_entry,
Land Comp Profiles,E298,298,E,5.0,user_entry,
Land Comp Profiles,H298,298,H,0x7,user_entry,
Land Comp Profiles,I298,298,I,Hide,user_entry,
Land Comp Profiles,L298,298,L,ID:,user_entry,
Land Comp Profiles,N298,298,N,N/A,user_entry,
Land Comp Profiles,B299,299,B,2.0,user_entry,
Land Comp Profiles,C299,299,C,0.0,user_entry,
Land Comp Profiles,D299,299,D,0x2a,user_entry,
Land Comp Profiles,E299,299,E,6.0,user_entry,
Land Comp Profiles,H299,299,H,0x7,user_entry,
Land Comp Profiles,I299,299,I,Auto,user_entry,
Land Comp Profiles,L299,299,L,Property Type:,user_entry,
Land Comp Profiles,N299,299,N,N/A,user_entry,
Land Comp Profiles,B300,300,B,2.0,user_entry,
Land Comp Profiles,C300,300,C,0.0,user_entry,
Land Comp Profiles,D300,300,D,0x2a,user_entry,
Land Comp Profiles,E300,300,E,7.0,user_entry,
Land Comp Profiles,H300,300,H,0x7,user_entry,
Land Comp Profiles,I300,300,I,Auto,user_entry,
Land Comp Profiles,L300,300,L,Property Subtype:,user_entry,
Land Comp Profiles,N300,300,N,N/A,user_entry,
