Entities Name,Updated ERD Field Names,CoStar Source Fields,GreenST market data,Trepp Fields
property_type_ref,property_type_id,Property Type,Property Type,
,major_type,Secondary Type,Property Class Name,
,property_type,,,
,sub_type,,,
,is_active,,,
Geography,geography_id,Market Name,Geography Name,address
,geo_type,Submarket Name,Geography Code,city
,geo_name,Submarket Cluster,CBSA Code,county
,geo_code,City,Geography Type,state
,parent_geo_id,State,Population,zip
,lat_centroid,Zip,Median Household Income,msa
,lng_centroid,County Name,Households,msaname
,north_boundary,Country,Industrial Employment,latitude
,south_boundary,Continent,Office Employment,longitude
,east_boundary,Subcontinent,Total Employment,
,west_boundary,Closest Transit Stop,,
,boundary_comments,Closest Transit Stop Dist (mi),,
,opportunity_zone,Closest Transit Stop Walk Time (min),,
,vacancy_rate,,,
,avg_asking_rent_sf,,,
,avg_cap_rate,,,
,population,,,
,median_hh_income,,,
,median_home_value,,,
,created_at,,,
,updated_at,,,
,created_by_user_id,,,
,updated_by_user_id,,,
Property,property_id,Property Address,,property_id
,parcel_id,Property Name,,file_id
,geography_id,PropertyID,,property_name
,lightbox_id,Condo,,property_type
,lightbox_created_by,Collateral Type,,propertysubtype
,lightbox_timestamp,,,propertysubtype2
,name,,,prop_units
,appraisal_usage,,,prop_sqft
,ready_for_use,,,year_built
,property_type_id,,,year_renovated
,owner,,,occupancy
,address,,,occupancy_date
,lat,,,prop_bloomberg_name
,lng,,,stmt_sqft
,parcel_verification_data,,,stmt_units
,is_ground_lease,,,stmt_occ_rate
,parcel_comments,,,mr_occ_rate
,appraisal_file,,,calc_occ_rate
,other_db_refs,,,
,supporting_files,,,
,floor_area_ratio,,,
,custom_fields,,,
,created_at,,,
,updated_at,,,
,created_by_user_id,,,
,updated_by_user_id,,,
school_district,school_district_id,,,
,geography_id,,,
,district_name,,,
,district_url,,,
,enrollment,,,
,student_teacher_ratio,,,
,per_pupil_spending,,,
,created_at,,,
,updated_at,,,
project,project_id,,,statement_id
,project_name,,,stmt_type
,client_name,,,source
,status,,,
,created_by_user_id,,,
,created_at,,,
project_property,project_property_id,,,
,project_id,,,
,property_id,,,
,assigned_to_user_id,,,
,added_at,,,
site,site_id,Fema Flood Zone,,
,property_id,FEMA Map Date,,
,number_of_parcels,FEMA Map Identifier,,
,land_use,FIRM ID,,
,site_acres,FIRM Panel Number,,
,land_sf,Flood Risk Area,,
,buildable_sf,Floodplain Area,,
,land_hectares,In SFHA,,
,land_square_meters,Land Area (AC),,
,allowable_floor_area_sf,Land Area (SF),,
,allowable_units,,,
,proposed_sf,,,
,proposed_units,,,
,land_units,,,
,land_unit_type,,,
,land_unit_approved_or_zoned,,,
,road_frontage,,,
,primary_frontage_lf,,,
,primary_frontage_st,,,
,secondary_frontage_lf,,,
,secondary_frontage_st,,,
,tertiary_frontage_lf,,,
,tertiary_frontage_st,,,
,site_dimensions,,,
,water_frontage,,,
,effective_water_frontage,,,
,depth,,,
,access,,,
,site_views,,,
,site_visibility,,,
,shape,,,
,site_topography,,,
,corner,,,
,site_utilities,,,
,all_utilities_to_site,,,
,flood_zone,,,
,flood_map_panel,,,
,fema_map_date,,,
,within_flood_plain,,,
,area_in_flood_zone,,,
,earthquake_hazard_risk,,,
,earthquake_zone_comments,,,
,encumbrance_or_easement,,,
,environmental_issues,,,
,site_drainage,,,
,rail_service,,,
,demographics_survey_date,,,
,median_home_value,,,
,median_household_income,,,
,traffic_survey_date,,,
,traffic_count,,,
,secondary_traffic_count,,,
,tertiary_traffic_count,,,
,soil_type,,,
,productivity_index,,,
,tillable_acres,,,
,percent_tillable,,,
,wetlands_type,,,
,wetland_acres,,,
,percent_wetlands,,,
,woodland_acres,,,
,other_acres,,,
,waste_acres,,,
,home_site_acres,,,
,site_comments,,,
,custom_fields,,,
,created_at,,,
,updated_at,,,
,created_by_user_id,,,
,updated_by_user_id,,,
site_area_breakdown,site_area_id,,,
,site_id,,,
,area_category,,,
,site_acres,,,
,square_feet,,,
improvement,improvement_id,Number of Units,Existing Buildings,occupancy
,property_id,Star Rating,Under Construction Buildings,occupancy_date
,building_description,Building Class,Under Construction Units,prop_units
,no_of_buildings,Building Status,Gross Delivered Buildings,prop_sqft
,construction_class,Month Built,Gross Delivered Units,year_built
,building_class,Year Built,Net Delivered Units,year_renovated
,perimeter,Year Renovated,Net Delivered Units 12 Mo,
,source_for_sf_area,Number of Stories,Construction Starts Units,
,no_of_multifamily_rooms,Amenities,Construction Starts Units 12 Mo,
,no_of_multifamily_bedrooms,Building Park,Demolished Units,
,no_of_mf_bathrooms,Construction Begin,,
,multifamily_amenities,Construction Material,,
,usable_area,Energy Star,,
,load_factor,Features,,
,no_of_units,LEED Certified,,
,gba_total,Number of Parking Spaces,,
,ra_total,Parking Spaces/Unit,,
,land_to_building_ratio,Style,,
,surface_parking_spaces,Total Buildings,,
,covered_parking_spaces,,,
,garage_parking_spaces,,,
,parking,,,
,parking_ratio_unit,,,
,parking_ratio_gba,,,
,parking_ratio_ra,,,
,no_of_stories,,,
,no_of_rooms,,,
,no_of_seats,,,
,no_of_beds,,,
,no_of_bedrooms,,,
,no_of_bathrooms,,,
,no_of_half_baths,,,
,no_of_spaces,,,
,no_of_bays,,,
,no_of_golf_holes,,,
,average_daily_rate,,,
,lh_occupancy,,,
,rev_par,,,
,product_segment,,,
,hotel_flag,,,
,design_appeal,,,
,building_condition,,,
,construction_type,,,
,building_quality,,,
,site_landscaping,,,
,parking_type,,,
,parking_adequacy,,,
,parking_condition,,,
,parking_comments,,,
,deferred_maintenance,,,
,ff_and_e,,,
,year_built,,,
,year_built_numeric,,,
,renovations_description,,,
,proportion_renovated,,,
,total_economic_life,,,
,effective_age,,,
,remaining_economic_life,,,
,foundation_type,,,
,exterior_wall,,,
,basement_use_and_finish,,,
,basement_size,,,
,column_spacing,,,
,ceiling_height,,,
,roof_cover,,,
,roof_type,,,
,no_of_truck_doors,,,
,no_of_truck_doors_with_levelers,,,
,no_of_craneways,,,
,typical_bay_depth,,,
,clear_height,,,
,cooling_type,,,
,heating_type,,,
,no_of_elevators,,,
,no_of_escalators,,,
,sprinkler_type,,,
,residential_design,,,
,residential_amenities,,,
,fireplace_or_woodstove,,,
,garage_type,,,
,no_of_docks,,,
,porch_or_deck,,,
,ancillary_buildings,,,
,tenant_improvements,,,
,building_features,,,
,building_amenities,,,
,improvement_comments,,,
,gba_total_meters,,,
,ra_total_meters,,,
,parcel_id,,,
,id,,,
,perimeter_sf,,,
,multifamily_gba,,,
,office_gba,,,
,office_ra,,,
,retail_gba,,,
,retail_gla,,,
,industrial_gba,,,
,industrial_ra,,,
,other_gba,,,
,other_ra,,,
,gross_building_area,,,
,rentable_area,,,
,condition_id,,,
,quality_id,,,
,parking_type_id,,,
,parking_adequacy_id,,,
,parking_condition_id,,,
,foundation_id,,,
,exterior_wall_id,,,
,roof_cover_id,,,
,roof_type_id,,,
,cooling_id,,,
,heating_id,,,
,sprinklers_id,,,
,custom_fields,,,
,created_at,,,
,updated_at,,,
,created_by_user_id,,,
,updated_by_user_id,,,
property_zoning,property_zoning_id,Zoning,,
,property_id,,,
,zoning_jurisdiction,,,
,zoning_code,,,
,minimum_lot_area,,,
,setback_distance,,,
,rear_yard_distance,,,
,ordinance_document,,,
,notes,,,
,id,,,
,zoning_id,,,
,zoning_authority,,,
,zoning_district,,,
,zoning_designation,,,
,zoning_type,,,
,zoning_summary,,,
,zoned_density,,,
,permitted_uses,,,
,max_site_coverage,,,
,min_lot_area,,,
,front_set_back_distance,,,
,side_yard_distance,,,
,back_yard_distance,,,
,max_build_height,,,
,parking_requirement,,,
,ordinance_document_url,,,
,zoning_notes,,,
,created_at,,,
,updated_at,,,
,created_by_user_id,,,
,updated_by_user_id,,,
time_log,time_log_id,,,data_load_date
,user_id,,,data_update_date
,project_id,,,stmt_begin_date
,property_id,,,stmt_end_date
,session_start,,,stmt_file_date
,session_end,,,reporting_year
,duration_seconds,,,mr_occdt
,activity_description,,,calc_occdt
property_assessment,property_assessment_id,,,Real Estate Taxes
,property_id,,,
,taxing_authority,,,
,tax_id,,,
,assessment_year,,,
,land_assessment,,,
,improvement_assessment,,,
,other_assessment,,,
,total_assessment,,,
,tax_rate,,,
,base_taxes,,,
,special_assessments,,,
,total_taxes,,,
,equalization_ratio,,,
,implied_value,,,
,custom_fields,,,
,created_at,,,
,updated_at,,,
,created_by_user_id,,,
,updated_by_user_id,,,
sale_comp,sale_comp_id,For Sale Price,Average Sale Price,Net Operating Income
,property_id,Cap Rate,Average Units Sold,Effective Gross Income
,potential_gross_income_multiplier,For Sale Price Per Unit,Cap Rate,Expense Ratio
,effective_gross_income_multiplier,For Sale Price Per SF,Cap Rate Transactions,Effective Potential Gross Income
,cap_rate,Interest Rate,Market Cap Rate,
,sale_date,Interest Rate Type,Market Sale Price Growth,
,transaction_type,Loan Type,Market Sale Price Index,
,id,Maturity Date,Market Sale Price Per Unit,
,is_active,Origination Amount,Median Cap Rate,
,is_deleted,Origination Date,Median Price/Bldg SF,
,is_excel_entry,,Median Price/Unit,
,is_confidential,,Sales Volume Transactions,
,actual_price,,Sold Units,
,ff_and_e_adjustment,,Total Sales Transactions,
,excess_land_adjustment,,Total Sales Volume,
,business_value_adjustment,,Transaction Sale Price/Unit,
,financing_terms_adjustment,,Asset Value,
,conditions_of_sale_adjustment,,Capital Value Index,
,expenditures_after_sale_adjustment,,,
,other_adjustment,,,
,price_adjustment,,,
,sale_price,,,
,price_per_sf,,,
,price_per_ra,,,
,price_per_unit,,,
,price_per_room,,,
,price_per_bedroom,,,
,price_per_bed,,,
,price_per_mf_room,,,
,price_per_mf_bedroom,,,
,price_per_land_sf,,,
,price_per_acre,,,
,price_per_land_unit,,,
,price_per_usable_acre,,,
,price_per_buildable_sf,,,
,price_per_primary_frontage,,,
,price_per_far,,,
,price_per_bay,,,
,price_per_space,,,
,price_per_gba_meters,,,
,price_per_ra_meters,,,
,price_per_land_sqm,,,
,price_per_land_hectares,,,
,grantor_seller,,,
,grantee_buyer,,,
,property_rights,,,
,financing_type,,,
,conditions_of_sale,,,
,current_use,,,
,property_included,,,
,days_on_market,,,
,recording_date,,,
,book_page_or_ref_doc,,,
,lender_name,,,
,buyer_type,,,
,proposed_use,,,
,highest_and_best_use,,,
,verification_source,,,
,verification_phone,,,
,verificationdate,,,
,data_source,,,
,sale_supporting_files,,,
,legal_description,,,
,finish_condition,,,
,appraisal_date,,,
,appraised_value,,,
,land_value_per_sf,,,
,land_value,,,
,improvement_value,,,
,improvement_value_per_sf,,,
,net_income_multiplier,,,
,hotel_room_rev_multiplier,,,
,tos_cap_rate,,,
,tos_egim,,,
,tos_noi,,,
,tos_occupancy_rate,,,
,tos_vacancy_rate,,,
,tos_price_per_rsf,,,
,tos_price_per_useable_acre_land,,,
,tos_price_per_useable_sf_land,,,
,tos_number_of_tenants,,,
,tos_tenancy_type,,,
,tos_weighted_avg_lease_term,,,
,tos_effective_age,,,
,discount_rate,,,
,expense_growth_rate,,,
,income_growth_rate,,,
,terminal_cap_rate,,,
,holding_period_years,,,
,income_growth,,,
,risk_profile,,,
,original_list_price,,,
,original_lp_percent_diff,,,
,current_list_price,,,
,current_lp_percent_diff,,,
,environmental_concerns,,,
,environmental_status,,,
,environmental_remarks,,,
,clean_up_costs,,,
,type_of_contamination,,,
,responsible_party,,,
,percent_diminution_in_value,,,
,diminution_source,,,
,percent_stigma,,,
,adjustment_comments,,,
,internal_comments,,,
,sale_notes,,,
,sale_comments,,,
,price_per_usable_land_sf,,,
,custom_fields,,,
,created_at,,,
,updated_at,,,
,created_by_user_id,,,
,updated_by_user_id,,,
commercial_survey,commercial_survey_id,,Absorption %,stmt_occ_rate
,property_id,,Absorption Units,mr_occ_rate
,id,,Absorption Units 12 Mo,calc_occ_rate
,instance_type,,Demand Units,Vacancy
,comm_lease_survey_date,,Inventory Units,Physical Vacancy
,is_confidential,,Market Asking Rent Growth,Concessions
,comm_rent_per_sf_min,,Market Asking Rent Growth 12 Mo,Collection Loss
,comm_rent_per_sf_max,,Market Asking Rent Index,Bad Debt
,rent_per_sf_per_mo_min,,Market Asking Rent/SF,
,rent_per_sf_per_mo_max,,Market Asking Rent/Unit,
,comm_size_min,,Market Asking Rent/Unit 1 Bedroom,
,comm_size_max,,Market Asking Rent/Unit 2 Bedroom,
,comm_verification_source,,Market Asking Rent/Unit 3 Bedroom,
,comm_vacancy_rate,,Market Asking Rent/Unit Studio,
,no_of_tenants,,Market Effective Rent Growth,
,sf_leased,,Market Effective Rent Growth 12 Mo,
,anchor_tenants,,Market Effective Rent/SF,
,shadow_anchors,,Market Effective Rent/Unit,
,comm_lease_comments,,Market Effective Rent/Unit 1 Bedroom,
,tenant_name,,Market Effective Rent/Unit 2 Bedroom,
,comm_lease_type,,Market Effective Rent/Unit 3 Bedroom,
,comm_lease_notes,,Market Effective Rent/Unit Studio,
,comm_lease_terms,,Occupancy Rate,
,comm_rent_concessions,,Stabilized Vacancy,
,rent_roll_summary_commleasenotes,,Vacancy Rate,
,rent_escalations,,,
lease_comp,lease_comp_id,,,Rental Income
,commercial_survey_id,,,Commercial Rental Income
,id,,,Expense Reimbursements
,tenant_name,,,Commercial Expense Reimbursements
,lessor_name,,,Loss to Lease
,lease_type,,,Concessions
,type_or_use_of_space,,,
,lease_transaction_type,,,
,suite_number,,,
,floor_level,,,
,unit_sf,,,
,effective_rent_sf,,,
,effective_rent_sf_mo,,,
,eff_rent_per_year,,,
,eff_rent_per_mo,,,
,leasestartdate,,,
,leaseexpiredate,,,
,base_rent_sf,,,
,base_rent_sf_mo,,,
,base_rent_per_year,,,
,base_rent_per_mo,,,
,lease_term_months,,,
,lease_concessions,,,
,expense_stop,,,
,lease_commencement_date,,,
,expense_reimbursements,,,
,lease_tenant_improvs,,,
,lease_options,,,
,percent_rent,,,
,tenant_cam,,,
,rent_escalations,,,
,verification_date,,,
,verification_source,,,
,comm_lease_survey_date,,,
,data_source,,,
,notes,,,
,size_sq_meters,,,
,rent_per_sq_meter,,,
,rent_per_sq_meter_per_mo,,,
,rent_per_sf_per_mo,,,
,percent_office_ul,,,
,anchor_type,,,
,costs_to_finish,,,
,current_rent_per_mo,,,
,space_finish,,,
,free_rent_months,,,
,lease_conditions,,,
,rent_basis,,,
,rent_last_increased,,,
,tenant_parking,,,
,custom_fields,,,
,created_at,,,
,updated_at,,,
,created_by_user_id,,,
,updated_by_user_id,,,
rent_comp,rent_comp_id,Avg Unit SF,,
,property_id,Avg Asking/SF,,
,id,Avg Asking/Unit,,
,mf_lease_survey_date,Avg Concessions %,,
,mf_source_notes,Avg Effective/SF,,
,instance_type,Avg Effective/Unit,,
,management_company,Vacancy %,,
,mf_surveyed_unit_count_total,Percent Leased,,
,mf_vacant_units_count,Rent Type,,
,vacancy_rate,,,
,mf_occupancy,,,
,utilities_paid_by_owner,,,
,mf_rent_type,,,
,mf_rent_concessions,,,
,mf_carport_fee_monthly,,,
,project_style,,,
,mf_garage_fee_monthly,,,
,storage_fee,,,
,mf_rent_per_mo_min,,,
,mf_rent_per_mo_max,,,
,mf_rent_per_sf_min,,,
,mf_rent_per_sf_max,,,
,mf_rent_per_sf_per_mo_min,,,
,mf_rent_per_sf_per_mo_max,,,
,mf_size_sf_min,,,
,mf_size_sf_max,,,
,mf_br_min,,,
,mf_br_max,,,
,mf_total_rent_per_month,,,
,mf_total_annual_rent,,,
,avg_mf_unit_size,,,
,mf_weighted_avg_rent_per_unit,,,
,mf_weighted_avg_rent_per_sf_per_mo,,,
,mf_weighted_avg_rent_per_sf_per_year,,,
,total_market_rent,,,
,project_amenities,,,
,mf_unit_amenities,,,
,mf_lease_comments,,,
,care_type_comments,,,
,mf_lease_notes,,,
,custom_fields,,,
,created_at,,,
,updated_at,,,
,created_by_user_id,,,
,updated_by_user_id,,,
unit_mix,unit_mix_id,Affordable Type,,
,rent_comp_id,% 1-Bed,,
,unit_category,% 2-Bed,,
,unit_type,% 3-Bed,,
,unit_count,% 4-Bed,,
,vacant_units,% Studios,,
,unit_sf,Four Bedroom Asking Rent/SF,,
,unit_floor,Four Bedroom Asking Rent/Unit,,
,no_of_rooms,Four Bedroom Avg SF,,
,no_of_bedrooms,Four Bedroom Concessions %,,
,no_of_baths,Four Bedroom Effective Rent/SF,,
,no_of_beds,Four Bedroom Effective Rent/Unit,,
,rent_per_mo,Four Bedroom Vacancy %,,
,annual_rent_per_sf,Four Bedroom Vacant Units,,
,rent_per_sf_per_mo,Number of 1 Bedroom Units,,
,market_rent_per_mo,Number of 2 Bedroom Units,,
,market_rent_per_sf,Number of 3 Bedroom Units,,
,daily_rate_per_unit,Number of 4 Bedroom Units,,
,size_sq_meters,Number of Studio Units,,
,rent_per_sq_meter,One Bedroom Asking Rent/SF,,
,last_rent_increase,One Bedroom Asking Rent/Unit,,
,rent_increase_percent,One Bedroom Avg SF,,
,lease_start_date,One Bedroom Concessions %,,
,lease_expiration_date,One Bedroom Effective Rent/SF,,
,community_fee_min,One Bedroom Effective Rent/Unit,,
,community_fee_max,One Bedroom Vacancy %,,
,sf_size_min,One Bedroom Vacant Units,,
,sf_size_max,Studio Asking Rent/SF,,
,daily_rate_per_unit_min,Studio Asking Rent/Unit,,
,daily_rate_per_unit_max,Studio Avg SF,,
,entry_fee_min,Studio Concessions %,,
,entry_fee_max,Studio Effective Rent/SF,,
,contract_rent_min,Studio Effective Rent/Unit,,
,contract_rent_max,Studio Vacancy %,,
,market_rent_min,Studio Vacant Units,,
,market_rent_max,Three Bedroom Asking Rent/SF,,
,unit_height_ft,Three Bedroom Asking Rent/Unit,,
,unit_width_ft,Three Bedroom Avg SF,,
,unit_depth_ft,Three Bedroom Concessions %,,
,income_target_percent,Three Bedroom Effective Rent/SF,,
,max_gross_lihtc_restricted_rent,Three Bedroom Effective Rent/Unit,,
,is_lihtc,Three Bedroom Vacancy %,,
,utility_allowance,Three Bedroom Vacant Units,,
,occupancy_type,Two Bedroom Asking Rent/SF,,
,affordability_status,Two Bedroom Asking Rent/Unit,,
,tenant_profile,Two Bedroom Avg SF,,
,monthly_or_daily_rent,Two Bedroom Concessions %,,
,custom_fields,Two Bedroom Effective Rent/SF,,
,created_at,Two Bedroom Effective Rent/Unit,,
,updated_at,Two Bedroom Vacancy %,,
,created_by_user_id,Two Bedroom Vacant Units,,
,updated_by_user_id,,,
property_source_attribution,attribution_id,,,
,property_id,,,
,field_name,,,
,field_value,,,
,source_system,,,
,ingestion_timestamp,,,
property_merge_audit_log,audit_log_id,,,
,property_id,,,
,field_changed,,,
,old_value,,,
,new_value,,,
,merged_by_user_or_system,,,
,merge_timestamp,,,
lease_comp_merge_audit_log,audit_log_id,,,
,lease_comp_id,,,
,field_changed,,,
,old_value,,,
,new_value,,,
,merged_by_user_or_system,,,
,merge_timestamp,,,
lease_comp_source_attribution,attribution_id,,,
,lease_comp_id,,,
,field_name,,,
,field_value,,,
,source_system,,,
,ingestion_timestamp,,,
,created_at,,,
,updated_at,,,
,created_by_user_id,,,
,updated_by_user_id,,,
rent_comp_merge_audit_log,audit_log_id,,,
,rent_comp_id,,,
,field_changed,,,
,old_value,,,
,new_value,,,
,merged_by_user_or_system,,,
,merge_timestamp,,,
rent_comp_source_attribution,attribution_id,,,
,rent_comp_id,,,
,field_name,,,
,field_value,,,
,source_system,,,
,ingestion_timestamp,,,
,created_at,,,
,updated_at,,,
,created_by_user_id,,,
,updated_by_user_id,,,
company_contacts,,Sale Company Name,,
,,Sale Company Address,,
,,Sale Company City State Zip,,
,,Sale Company Phone,,
,,Sale Company Fax,,
,,Sale Company Contact,,
,,Architect Name,,
,,Developer Name,,
,,Fund Name,,
,,Originator,,
,,Owner Contact,,
,,Owner Name,,
,,Property Manager Address,,
,,Property Manager City State Zip,,
,,Property Manager Contact,,
,,Property Manager Name,,
,,Property Manager Phone,,
,,Sales Company,,
,,Sales Contact,,
,,Sales Contact Phone,,
property_operations,,,NOI Index,Income
,,,Income Return,Rental Income
,,,Appreciation Return,Loss to Lease
,,,Total Return,Commercial Rental Income
,,,,Commercial Expense Reimbursements
,,,,Effective Potential Gross Income
,,,,Vacancy
,,,,Bad Debt
,,,,Collection Loss
,,,,Concessions
,,,,Effective Rental Revenue
,,,,Physical Vacancy
,,,,Other Revenue
,,,,Net Parking Income
,,,,Cable Income
,,,,Laundry Income
,,,,Other Income
,,,,Expense Reimbursements
,,,,Flex Income Item
,,,,Total Other Revenue
,,,,Net Operating Income
,,,,Effective Gross Income
,,,,Total Expenses
,,,,Real Estate Taxes
,,,,Insurance
,,,,Natural Gas
,,,,Electricity
,,,,Water/Sewer
,,,,Trash
,,,,Other Utilities
,,,,Total Utilities
,,,,Grounds
,,,,Exteriminating/Pest Contol
,,,,Cleaning/Unit Turnover
,,,,Other Repairs and Maintenance
,,,,Total Repairs and Maintenance
,,,,Security
,,,,Administrative Payroll
,,,,Maintenance Payroll
,,,,Employee Tax and Benefits
,,,,Employee Units
,,,,Total Payroll
,,,,Model Units
,,,,Other Advertising
,,,,Total Advertising and Marketing
,,,,General/Administrative
,,,,Management
,,,,Ground Rent
,,,,Flex Expense Item
,,,,Reserves
,,,,Expense Ratio
market_forecast_snapshot,,,Period,
,,,Slice,
,,,As Of,
,,,Forecast Scenario,