LightBox Source Fields,CoStar Source Fields,Consolidated ERD Fields
_constructionclassid,% 1-Bed,access
_sourceforsfareaid,% 2-Bed,acres
Assessment_assessmentcomments,% 3-Bed,anchor_type
Assessment_assessmentyear,% 4-Bed,appraisal_file
Assessment_assessorwebsite,% Studios,activestatus
Assessment_basetaxes,$Price/Unit,activity_description
Assessment_equalizationratio,Affordable Type,actual_price
Assessment_historicalassessedvalue1,Amenities,added_at
Assessment_historicalassessedvalue2,Architect Name,address
Assessment_historicalassessedvalue3,Avg Asking/Bed,adjustment_comments
Assessment_historicalassessedvalue4,Avg Asking/SF,adr
Assessment_historicalimprovvalue1,Avg Asking/Unit,affordability_status
Assessment_historicalimprovvalue2,Avg Concessions %,all_utilities_to_site
Assessment_historicalimprovvalue3,Avg Effective/SF,allowable_floor_area_sf
Assessment_historicalimprovvalue4,Avg Effective/Unit,allowable_units
Assessment_historicallandvalue1,Avg Unit SF,allutilities
Assessment_historicallandvalue2,Building Class,amenities
Assessment_historicallandvalue3,Building Operating Expenses,anchor_tenants
Assessment_historicallandvalue4,Building Park,back_yard_distance
Assessment_historicaltaxes1,Building Status,anchors
Assessment_historicaltaxes2,Building Tax Expenses,ancillary_buildings
Assessment_historicaltaxes3,Cap Rate,annual_rent_per_sf
Assessment_historicaltaxes4,City,appraisal_date
Assessment_historicalyear1,Closest Transit Stop,appraisal_usage
Assessment_historicalyear2,Closest Transit Stop Dist (mi),appraised_value
Assessment_historicalyear3,Closest Transit Stop Walk Time (min),area_category
Assessment_historicalyear4,Constr Status,area_in_flood_zone
Assessment_impliedvalue,Construction Begin,assessment_year
Assessment_improvementassessment,Construction Material,assigned_to_user_id
Assessment_landassessment,Continent,attribution_id
Assessment_marketvalue,Core Factor,audit_log_id
Assessment_otherassessment,Country,authority
Assessment_specialassessments,County Name,average_daily_rate
Assessment_Subparcels OLD_impliedvalue,Cross Street,avg_asking_rent_sf
Assessment_Subparcels_,Developer Name,avg_cap_rate
Assessment_Subparcels_assessinfoid,Energy Star,avg_mf_unit_size
Assessment_Subparcels_assessmentyear,Features,base_rent_per_mo
Assessment_Subparcels_basetaxes,Fema Flood Zone,base_rent_per_year
Assessment_Subparcels_equalizationratio,FEMA Map Date,base_rent_sf
Assessment_Subparcels_id,FEMA Map Identifier,base_rent_sf_mo
Assessment_Subparcels_impliedvalue,FIRM ID,base_taxes
Assessment_Subparcels_improvementassessment,FIRM Panel Number,basement_size
Assessment_Subparcels_isdeleted,Flood Risk Area,basement_use_and_finish
Assessment_Subparcels_landassessment,Floodplain Area,baths
Assessment_Subparcels_marketvalue,For Sale Price,bedrooms
Assessment_Subparcels_otherassessment,For Sale Status,beds
Assessment_Subparcels_specialassessments,Four Bedroom Asking Rent/Bed,book_page_or_ref_doc
Assessment_Subparcels_taxes,Four Bedroom Asking Rent/SF,boundary_comments
Assessment_Subparcels_taxid,Four Bedroom Asking Rent/Unit,buildable_sf
Assessment_Subparcels_taxingauthority,Four Bedroom Avg SF,building_amenities
Assessment_Subparcels_taxrate,Four Bedroom Concessions %,building_class
Assessment_Subparcels_taxratecode,Four Bedroom Effective Rent/Bed,building_condition
Assessment_Subparcels_taxrateper,Four Bedroom Effective Rent/SF,building_description
Assessment_Subparcels_taxyear,Four Bedroom Effective Rent/Unit,building_features
Assessment_Subparcels_totalassessment,Four Bedroom Vacancy %,building_quality
Assessment_taxes,Four Bedroom Vacant Units,business_value_adjustment
Assessment_taxesperacre,Fund Name,buyer_type
Assessment_taxespergbam2,Gas,cap_rate
Assessment_taxesperhectares,Heating,care_type_comments
Assessment_taxesperlandm2,In SFHA,category
Assessment_taxesperlandsf,Land Area (AC),cbsa_id
Assessment_taxesperlandunit,Land Area (SF),cbsa_name
Assessment_taxesperra,Last Sale Date,ceiling_height
Assessment_taxesperram2,Last Sale Price,censusblock
Assessment_taxespersfgba,Latitude,censustract
Assessment_taxesperunit,Leasing Company Address,city
Assessment_taxid,Leasing Company City State Zip,comm_lease_comments
Assessment_taxingauthority,Leasing Company Contact,clean_up_costs
Assessment_taxrate,Leasing Company Fax,clear_height
Assessment_taxratecode,Leasing Company Name,client_name
Assessment_taxrateper,Leasing Company Phone,column_spacing
Assessment_taxyear,LEED Certified,comm_lease_notes
Assessment_totalassessment,Longitude,comm_lease_terms
Improvement_adr,Market Name,comm_lease_type
Improvement_amenities,Month Built,comm_rent_concessions
Improvement_ancillarybuildings,Month Renovated,comm_rent_per_sf_max
Improvement_basementsize,Number Of 1 Bedrooms Units,comm_rent_per_sf_min
Improvement_basementuseandfinish,Number Of 2 Bedrooms Units,comm_size_max
Improvement_buildingclass,Number Of 3 Bedrooms Units,comm_size_min
Improvement_BuildingDescription,Number Of 4 Bedrooms Units,comm_vacancy_rate
Improvement_ceilingheight,Number of Beds,comm_verification_source
Improvement_columnspacing,Number Of Elevators,commercial_survey_id
Improvement_condition,Number Of Parking Spaces,community_fee_max
Improvement_construction,Number Of Stories,community_fee_min
Improvement_constructionclass,Number Of Studios Units,commvacancy
Improvement_cooling,Number Of Units,concessions
Improvement_coveredparkingspaces,One Bedroom Asking Rent/Bed,condition_id
Improvement_deferredmaintance,One Bedroom Asking Rent/SF,conditions_of_sale
Improvement_designappeal,One Bedroom Asking Rent/Unit,conditions_of_sale_adjustment
Improvement_docks,One Bedroom Avg SF,confidential
Improvement_effectiveage,One Bedroom Concessions %,construction_type
Improvement_exteriorwall,One Bedroom Effective Rent/Bed,contract_rent_max
Improvement_features,One Bedroom Effective Rent/SF,contract_rent_min
Improvement_ffande,One Bedroom Effective Rent/Unit,cooling_id
Improvement_fireplaceorwoodstove,One Bedroom Vacancy %,cooling_type
Improvement_foundation,One Bedroom Vacant Units,corner
Improvement_garage,Operation Type,costs_to_finish
Improvement_garageparkingspaces,Operational Status,country
Improvement_gbamultifamily,Ops Expense,county
Improvement_gbamultifamilymeters,Ops Expense Per SF,covered_parking_spaces
Improvement_gbaother,Owner Address,craneways
Improvement_gbaothermeters,Owner City State Zip,created_at
Improvement_gbatotal,Owner Contact,created_by_user_id
Improvement_gbatotalmeters,Owner Name,createdby
Improvement_heating,Owner Phone,current_lp_percent_diff
Improvement_hotelflag,Parcel Number 1(Min),current_rent_per_mo
Improvement_improvmentcomments,Parcel Number 2(Max),current_use
Improvement_landscaping,Parent Company,custom_fields
Improvement_landtobuildingratio,Parking Ratio,daily_rate_per_unit
Improvement_lhoccupancy,Parking Spaces/Unit,daily_rate_per_unit_max
Improvement_multifamilyamenities,Primary Agent Name,daily_rate_per_unit_min
Improvement_noofbathrooms,Primary Corridors,data_source
Improvement_noofbedrooms,Property Address,days_on_market
Improvement_noofbeds,Property Location,deferred_maintenance
Improvement_noofbuildings,Property Manager Address,demographics_survey_date
Improvement_noofelevators,Property Manager City State Zip,depth
Improvement_noofescalators,Property Manager Contact,design_appeal
Improvement_noofgolfholes,Property Manager Name,dimensions
Improvement_noofhalfbaths,Property Manager Phone,diminution_source
Improvement_noofmfbathrooms,Property Name,discount_rate
Improvement_noofmultifamilybedrooms,PropertyID,district_name
Improvement_noofmultifamilyrooms,PropertyType,comm_lease_survey_date
Improvement_noofmultifamilyunits,Proposed Land Use,district_url
Improvement_noofotherunits,RBA,districtspending
Improvement_noofrooms,Recorded Owner Address,drainage
Improvement_noofseats,Recorded Owner City State Zip,duration_seconds
Improvement_noofstories,Recorded Owner Contact,earthquake_hazard_risk
Improvement_noofunits,Recorded Owner Name,earthquake_zone_comments
Improvement_parking,Recorded Owner Phone,east_boundary
Improvement_parkingadequacy,Sale Company Address,eff_rent_per_mo
Improvement_parkingcomments,Sale Company City State Zip,eff_rent_per_year
Improvement_parkingcondition,Sale Company Contact,effective_age
Improvement_parkingratiogba,Sale Company Fax,effective_gross_income_multiplier
Improvement_parkingratiora,Sale Company Name,effective_rent_sf
Improvement_parkingratiora,Sale Company Phone,effective_rent_sf_mo
Improvement_parkingratiounit,Sales Company,effective_water_frontage
Improvement_parkingtype,Sales Contact,egim
Improvement_perimeter,Sales Contact Phone,encumbrance_or_easement
Improvement_porchordeck,Secondary Type,enrollment
Improvement_productsegment,Services,entry_fee_max
Improvement_proportionrenovated,Sewer,entry_fee_min
Improvement_quality,Sprinklers,environmental_concerns
Improvement_ramultifamily,Star Rating,environmental_issues
Improvement_ramultifamilymeters,State,environmental_remarks
Improvement_raother,Studio Asking Rent/Bed,environmental_status
Improvement_raothermeters,Studio Asking Rent/SF,equalization_ratio
Improvement_ratotal,Studio Asking Rent/Unit,escalations
Improvement_ratotalmeters,Studio Avg SF,excess_land_adjustment
Improvement_remainingeconomiclife,Studio Concessions %,expenditures_after_sale_adjustment
Improvement_renovations,Studio Effective Rent/Bed,expense_growth_rate
Improvement_residentialamenities,Studio Effective Rent/SF,expense_reimbursements
Improvement_residentialdesign,Studio Effective Rent/Unit,expense_stop
Improvement_revpar,Studio Vacancy %,exterior_wall
Improvement_roofcover,Studio Vacant Units,exterior_wall_id
Improvement_rooftype,Style,far
Improvement_sourceforsfarea,Subcontinent,features
Improvement_sprinklers,Submarket Cluster,fema_map_date
Improvement_Subrecords_basementsize,Submarket Name,ff_and_e
Improvement_Subrecords_basementuseandfinish,Tax Year,ff_and_e_adjustment
Improvement_Subrecords_ceilingheight,Taxes Per SF,field_changed
Improvement_Subrecords_clearheight,Taxes Total,field_name
Improvement_Subrecords_columnspacing,Three Bedroom Asking Rent/Bed,construction_class
Improvement_Subrecords_condition,Three Bedroom Asking Rent/SF,current_list_price
Improvement_Subrecords_conditionid,Three Bedroom Asking Rent/Unit,field_value
Improvement_Subrecords_construction,Three Bedroom Avg SF,financing
Improvement_Subrecords_constructionclass,Three Bedroom Concessions %,financing_terms_adjustment
Improvement_Subrecords_cooling,Three Bedroom Effective Rent/Bed,financing_type
Improvement_Subrecords_coolingid,Three Bedroom Effective Rent/SF,finish
Improvement_Subrecords_deferredmaintance,Three Bedroom Effective Rent/Unit,finish_condition
Improvement_Subrecords_designappeal,Three Bedroom Vacancy %,fireplace_or_woodstove
Improvement_Subrecords_docks,Three Bedroom Vacant Units,flood_map_panel
Improvement_Subrecords_effectiveage,Total Buildings,flood_zone
Improvement_Subrecords_exteriorwall,True Owner Address,floor
Improvement_Subrecords_exteriorwallid,True Owner City State Zip,floor_area_ratio
Improvement_Subrecords_ffande,True Owner Contact,floor_level
Improvement_Subrecords_fireplaceorwoodstove,True Owner Name,foundation_id
Improvement_Subrecords_foundation,True Owner Phone,foundation_type
Improvement_Subrecords_foundationid,Two Bedroom Asking Rent/Bed,free_rent_months
Improvement_Subrecords_garage,Two Bedroom Asking Rent/SF,front_set_back_distance
Improvement_Subrecords_gbamultifamilymeters,Two Bedroom Asking Rent/Unit,garage_parking_spaces
Improvement_Subrecords_gbaothermeters,Two Bedroom Avg SF,garage_type
Improvement_Subrecords_gbatotalmeters,Two Bedroom Concessions %,gba
Improvement_Subrecords_heating,Two Bedroom Effective Rent/Bed,gba_total
Improvement_Subrecords_heatingid,Two Bedroom Effective Rent/SF,gba_total_meters
Improvement_Subrecords_id,Two Bedroom Effective Rent/Unit,geo_code
Improvement_Subrecords_landscaping,Two Bedroom Vacancy %,geo_name
Improvement_Subrecords_multifamilyamenities,Two Bedroom Vacant Units,geo_type
Improvement_Subrecords_multifamilygba,Typical Floor Size,geography_id
Improvement_Subrecords_NA_parcelId,University,grantee
Improvement_Subrecords_NA_ramultifamily,Water,grantee_buyer
Improvement_Subrecords_noofbathrooms,Year Built,grantor
Improvement_Subrecords_noofbedrooms,Year Renovated,grantor_seller
Improvement_Subrecords_noofbeds,Zip,gross_building_area
Improvement_Subrecords_noofelevators,Zoning,heating_id
Improvement_Subrecords_noofescalators,,heating_type
Improvement_Subrecords_noofgolfholes,,highest_and_best_use
Improvement_Subrecords_noofhalfbaths,,holding_period_years
Improvement_Subrecords_noofindustrialunits,,home_site_acres
Improvement_Subrecords_noofofficeunits,,hotel_flag
Improvement_Subrecords_noofotherunits,,hotel_room_rev_multiplier
Improvement_Subrecords_noofretailunits,,id
Improvement_Subrecords_noofrooms,,implied_value
Improvement_Subrecords_noofseats,,improvement_assessment
Improvement_Subrecords_noofstories,,improvement_comments
Improvement_Subrecords_nooftruckdoors,,improvement_id
Improvement_Subrecords_nooftruckdoorswithlevelers,,improvement_subrecords_condition
Improvement_Subrecords_noofunits,,improvement_subrecords_construction
Improvement_Subrecords_othergba,,improvement_subrecords_cooling
Improvement_Subrecords_otherra,,improvement_subrecords_deferredmaintance
Improvement_Subrecords_perimetersf,,improvement_subrecords_docks
Improvement_Subrecords_porchordeck,,improvement_subrecords_foundation
Improvement_Subrecords_quality,,improvement_subrecords_garage
Improvement_Subrecords_qualityid,,improvement_subrecords_heating
Improvement_Subrecords_ramultifamilymeters,,improvement_subrecords_landscaping
Improvement_Subrecords_raothermeters,,improvement_subrecords_landtobuildingratio
Improvement_Subrecords_ratotalmeters,,improvement_subrecords_loadfactor
Improvement_Subrecords_remainingeconomiclife,,improvement_subrecords_multifamilyamenities
Improvement_Subrecords_renovations,,improvement_subrecords_noofbathrooms
Improvement_Subrecords_rentablearea,,improvement_subrecords_noofbays
Improvement_Subrecords_residentialamenities,,improvement_subrecords_noofbedrooms
Improvement_Subrecords_residentialdesign,,improvement_subrecords_noofbeds
Improvement_Subrecords_roofcover,,improvement_subrecords_noofelevators
Improvement_Subrecords_roofcoverid,,improvement_subrecords_noofescalators
Improvement_Subrecords_rooftype,,improvement_subrecords_noofgolfholes
Improvement_Subrecords_rooftypeid,,improvement_subrecords_noofhalfbaths
Improvement_Subrecords_sourceforsfarea,,improvement_subrecords_noofrooms
Improvement_Subrecords_sprinklers,,improvement_subrecords_noofseats
Improvement_Subrecords_sprinklersid,,improvement_subrecords_noofspaces
Improvement_Subrecords_tenantimprovements,,improvement_subrecords_noofstories
Improvement_Subrecords_totaleconomiclife,,improvement_subrecords_nooftruckdoors
Improvement_Subrecords_yearbuilt,,improvement_subrecords_nooftruckdoorswithlevelers
Improvement_surfaceparkingspaces,,improvement_subrecords_noofunits
Improvement_totaleconomiclife,,improvement_subrecords_parking
Improvement_yearbuilt,,improvement_subrecords_parkingadequacy
Improvement_yearbuiltnumeric,,improvement_subrecords_parkingcomments
incExp_advertisingandmarketing,,improvement_subrecords_parkingcondition
incExp_annualrent,,improvement_subrecords_parkingtype
incExp_baserentabatement,,improvement_subrecords_porchordeck
incExp_buildingrepairs,,improvement_subrecords_proportionrenovated
incExp_cam,,improvement_subrecords_quality
incExp_cleaning,,improvement_subrecords_ratotalmeters
incExp_comments,,improvement_subrecords_remainingeconomiclife
incExp_deductreserves,,improvement_subrecords_renovations
incExp_egi,,improvement_subrecords_residentialamenities
incExp_egipersf,,improvement_subrecords_residentialdesign
incExp_egiperunit,,improvement_subrecords_roofcover
incExp_electricexpense,,improvement_subrecords_rooftype
incExp_ExpensePerSF,,improvement_subrecords_sourceforsfarea
incExp_ExpensePerUnit,,improvement_subrecords_sprinklers
incExp_expenseratio,,improvement_subrecords_surfaceparkingspaces
incExp_expensereimbursements,,improvement_subrecords_tenantimprovements
incExp_expleasingcommissions,,improvement_subrecords_totaleconomiclife
incExp_exptenantimprovements,,improvement_subrecords_typicalbaydepth
incExp_financialstype,,improvement_subrecords_usablearea
incExp_fuelexpense,,improvement_subrecords_yearbuilt
incExp_gasexpense,,improvement_value
incExp_generalandadministrative,,improvement_value_per_sf
incExp_generalandadministrative2,,income_growth
incExp_GroundRentExp,,income_growth_rate
incExp_groundsandsecurity,,income_target_percent
incExp_insurance,,incometarget
incExp_maintenancesalaries,,industrial_gba
incExp_management,,industrial_ra
incExp_managerleasingsalaries,,ingestion_timestamp
incExp_name,,instance_type
incExp_netparkingincome,,internal_comments
incExp_noi,,is_active
incExp_noiperbed,,is_confidential
incExp_noipergbam2,,is_deleted
incExp_noiperrasf,,is_excel_entry
incExp_noipersf,,is_ground_lease
incExp_noiperunit,,is_lihtc
incExp_noiperusablesf,,isexcel
incExp_nonrevenueunits,,jurisdiction
incExp_occupancy,,land_assessment
incExp_onsitemanagementexp,,land_hectares
incExp_otherexpenses,,land_sf
incExp_otherincome,,land_square_meters
incExp_otherrepairs,,land_unit_approved_or_zoned
incExp_othersalaries,,land_unit_type
incExp_paintinganddecorating,,land_units
incExp_payrolltaxes,,land_use
incExp_payrolltotal,,land_value
incExp_percentagerent,,land_value_per_sf
incExp_pgi,,last_rent_increase
incExp_pgipersf,,lat
incExp_pgiperunit,,lat_centroid
incExp_professionalservicesexp,,lease_commencement_date
incExp_repairsandmaintenance,,lease_comp_id
incExp_reserves,,lease_concessions
incExp_sewerexpense,,lease_conditions
incExp_surveydate,,lease_expiration_date
incExp_taxexpense,,lease_options
incExp_totalexpenses,,lease_start_date
incExp_totalutilities,,lease_tenant_improvs
incExp_trashexpense,,lease_term_months
incExp_vacancy,,lease_transaction_type
incExp_vacancycost,,lease_type
incExp_vacancycostpersf,,leasedate
incExp_vacancycostperunit,,leaseexpiration
incExp_waterexpense,,leaseexpiredate
Parcel_address,,leasestart
Parcel_appraisalfile,,leaseterm
Parcel_appraisalusage,,legal_description
Parcel_cbsa_id,,lender
Parcel_cbsa_name,,lender_name
Parcel_censusblock,,lessor
Parcel_censustract,,lessor_name
Parcel_city,,lh_occupancy
Parcel_country,,lhtc
Parcel_county,,lightbox_created_by
Parcel_createdby,,lightbox_id
Parcel_districtspending,,lightbox_timestamp
Parcel_districturl,,lng
Parcel_eastboundary,,lng_centroid
Parcel_enrollment,,locationdescription
Parcel_far,,major_type
Parcel_id,,management_company
Parcel_isgroundlease,,market
Parcel_lat,,market_rent_max
Parcel_lng,,market_rent_min
Parcel_locationdescription,,market_rent_per_mo
Parcel_market,,market_rent_per_sf
Parcel_msa,,marketrentmo
Parcel_municipality,,marketrentsf
Parcel_name,,max_build_height
Parcel_name,,max_gross_lihtc_restricted_rent
Parcel_neighborhood,,max_site_coverage
Parcel_neighborhoodcomments,,median_hh_income
Parcel_northboundary,,median_home_value
Parcel_opportunityzone,,median_household_income
Parcel_otherdbrefs,,merge_timestamp
Parcel_owner,,merged_by_user_or_system
Parcel_parcelcomments,,mf_br_max
Parcel_parcelverificationdata,,mf_br_min
Parcel_propertymajortype,,mf_carport_fee_monthly
Parcel_propertysubtype,,mf_garage_fee_monthly
Parcel_propertytype,,mf_lease_comments
Parcel_readyforuse,,mf_lease_notes
Parcel_schooldistrict,,mf_lease_survey_date
Parcel_southboundary,,mf_occupancy
Parcel_state,,mf_rent_concessions
Parcel_studentteacherratio,,mf_rent_per_mo_max
Parcel_submarket,,mf_rent_per_mo_min
Parcel_supportingfiles,,mf_rent_per_sf_max
Parcel_timestamp,,mf_rent_per_sf_min
Parcel_townshiprange,,mf_rent_per_sf_per_mo_max
Parcel_westboundary,,mf_rent_per_sf_per_mo_min
Parcel_zip,,mf_rent_type
Saleinfo_NIM,,mf_size_sf_max
Sales_activestatus,,mf_size_sf_min
Sales_adjustmentcomments,,mf_source_notes
Sales_appraisaldate,,mf_surveyed_unit_count_total
Sales_appraisedvalue,,mf_total_annual_rent
Sales_bookpageorrefdoc,,mf_total_rent_per_month
Sales_businessvalueadjustment,,mf_unit_amenities
Sales_buyertype,,mf_vacant_units_count
Sales_caprate,,mf_weighted_avg_rent_per_sf_per_mo
Sales_caprate,,mf_weighted_avg_rent_per_sf_per_year
Sales_cleanupcosts,,mf_weighted_avg_rent_per_unit
Sales_conditionsofsale,,mfamenities
Sales_conditionsofsaleadjustment,,min_lot_area
Sales_confidential,,minimum_lot_area
Sales_currentlistprice,,monthly_or_daily_rent
Sales_currentlppercentdiff,,msa
Sales_currentuse,,multifamily_gba
Sales_datasource,,municipality
Sales_daysonmarket,,name
Sales_diminutionsource,,neighborhood
Sales_discountrate,,neighborhoodcomments
Sales_egim,,net_income_multiplier
Sales_egim,,net_rentable_area
Sales_environmentalconcerns,,new_value
Sales_environmentalremarks,,nim
Sales_environmentalstatus,,no_of_baths
Sales_excesslandadjustment,,no_of_buildings
Sales_expendituresaftersaleadjustment,,no_of_craneways
Sales_expensegrowthrate,,no_of_docks
Sales_ffandeadjustment,,no_of_mf_bathrooms
Sales_financing,,no_of_multifamily_bedrooms
Sales_financingtermsadjustment,,no_of_multifamily_rooms
Sales_grantee,,no_of_tenants
Sales_grantor,,north_boundary
Sales_highestandbestuse,,notes
Sales_holdingperiodyears,,number_of_parcels
Sales_hotelroomrevmultiplier,,number_of_units
Sales_id,,occupancy_type
Sales_improvementvalue,,office_gba
Sales_improvementvaluepersf,,office_ra
Sales_incomegrowth,,old_value
Sales_incomegrowthrate,,opportunity_zone
Sales_internalcomments,,options
Sales_isdeleted,,ordinance_document
Sales_isexcel,,ordinance_document_url
Sales_landvalue,,original_list_price
Sales_landvaluepersf,,original_lp_percent_diff
Sales_legaldescription,,other_acres
Sales_lender,,other_adjustment
Sales_nim,,other_assessment
Sales_originallistprice,,other_db_refs
Sales_originallppercentdiff,,other_gba
Sales_otheradjustment,,other_ra
Sales_percentdiminutioninvalue,,owner
Sales_percentstigma,,parcel_comments
Sales_pgim,,parcel_id
Sales_pgim,,parcel_verification_data
Sales_price,,parent_geo_id
Sales_priceactual,,parking_adequacy_id
Sales_priceadjustment,,parking_condition_id
Sales_priceperacre,,parking_ratio_gba
Sales_priceperbed,,parking_ratio_ra
Sales_priceperbedroom,,parking_ratio_unit
Sales_priceperbuildablesf,,parking_requirement
Sales_priceperfar,,parking_type_id
Sales_pricepergbameters,,per_pupil_spending
Sales_priceperlandhectares,,percent_diminution_in_value
Sales_priceperlandsf,,percent_office_ul
Sales_priceperlandsqm,,percent_rent
Sales_priceperlandunit,,percent_stigma
Sales_pricepermfbedroom,,percent_tillable
Sales_pricepermfroom,,percent_wetlands
Sales_priceperprimaryfrontage,,perimeter
Sales_priceperra,,perimeter_sf
Sales_priceperrameters,,permitted_uses
Sales_priceperroom,,pgim
Sales_pricepersf,,population
Sales_priceperunit,,potential_gross_income_multiplier
Sales_priceperusableacre,,price
Sales_priceperusableacre,,price_adjustment
Sales_priceperusablelandsf,,price_per_acre
Sales_propertyincluded,,price_per_bay
Sales_propertyrights,,price_per_bed
Sales_proposeduse,,price_per_bedroom
Sales_recordingdate,,price_per_buildable_sf
Sales_responsibleparty,,price_per_far
Sales_riskprofile,,price_per_gba_meters
Sales_salecomments,,price_per_land_hectares
Sales_saledate,,price_per_land_sf
Sales_salenotes,,price_per_land_sqm
Sales_salesupportingfiles,,price_per_land_unit
Sales_terminalcaprate,,price_per_mf_bedroom
Sales_toscaprate,,price_per_mf_room
Sales_toseffectiveage,,price_per_primary_frontage
Sales_tosegim,,price_per_ra
Sales_tosnoi,,price_per_ra_meters
Sales_tosoccupancyrate,,price_per_room
Sales_tospriceperrsf,,price_per_sf
Sales_tospriceperuseableacreland,,price_per_space
Sales_tospriceperuseablesfland,,price_per_unit
Sales_tosvacancyrate,,price_per_usable_acre
Sales_transactiontype,,price_per_usable_land_sf
Sales_typeofcontamination,,priceactual
Sales_verificationdate,,primary_frontage_lf
Sales_verificationphone,,primary_frontage_st
Sales_verificationsource,,product_segment
Sites_access,,productivity_index
Sites_acres,,project_amenities
Sites_allowablefloorareasf,,project_id
Sites_allowableunits,,project_name
Sites_allutilities,,project_property_id
Sites_areainfloodzone,,project_style
Sites_buildablesf,,property_assessment_id
Sites_corner,,property_id
Sites_demographicssurveydate,,property_included
Sites_depth,,property_rights
Sites_dimensions,,property_type
Sites_drainage,,property_type_id
Sites_earthquakehazardrisk,,property_zoning_id
Sites_earthquakezonecomments,,propertymajortype
Sites_easementacres,,propertysubtype
Sites_easementlandsf,,proposed_sf
Sites_effectivewaterfrontage,,proposed_units
Sites_encumbranceoreasement,,proposed_use
Sites_environmentalissues,,quality_id
Sites_excessacres,,ra_total
Sites_excesslandsf,,rail_service
Sites_femamapdate,,ready_for_use
Sites_floodmappanel,,rear_yard_distance
Sites_floodzone,,recording_date
Sites_homesiteacres,,renovations_description
Sites_landhectares,,rent_basis
Sites_landsf,,rent_comp_id
Sites_landsquaremeters,,rent_escalations
Sites_landunitapprovedorzoned,,rent_increase_percent
Sites_landunits,,rent_last_increased
Sites_landunittype,,rent_per_mo
Sites_landuse,,rent_per_sf_per_mo
Sites_medianhomevalue,,rent_per_sf_per_mo_max
Sites_medianhouseholdincome,,rent_per_sf_per_mo_min
Sites_NumberOfParcels,,rent_per_sq_meter
Sites_otheracres,,rent_per_sq_meter_per_mo
Sites_percenttillable,,rent_roll_summary_commleasenotes
Sites_percentwetlands,,rentable_area
Sites_primaryfrontagelf,,rentincreased
Sites_primaryfrontagest,,rentperm2
Sites_productivityindex,,rentperm2permo
Sites_proposedsf,,responsible_party
Sites_proposedunits,,retail_gba
Sites_roadfrontage,,retail_gla
Sites_secondaryfrontagelf,,rev_par
Sites_secondaryfrontagest,,risk_profile
Sites_shape,,road_frontage
Sites_sitecomments,,roof_cover_id
Sites_soiltype,,roof_type_id
Sites_Subparcels_acres,,rooms
Sites_Subparcels_id,,sale_comments
Sites_Subparcels_identification,,sale_comp_id
Sites_Subparcels_landsf,,sale_date
Sites_Subparcels_parcelid,,sale_notes
Sites_Subparcels_subparcelcomments,,sale_price
Sites_SurplusAcres,,sale_supporting_files
Sites_SurplusLandSF,,school_district_id
Sites_tertiaryfrontagelf,,schooldistrict
Sites_tertiaryfrontagest,,secondary_frontage_lf
Sites_tillableacres,,secondary_frontage_st
Sites_topography,,secondary_traffic_count
Sites_UnusableAcres,,session_end
Sites_UnusableLandSF,,session_start
Sites_usableacres,,setback_distance
Sites_usablelandsf,,sf_leased
Sites_utilities,,sf_size_max
Sites_views,,sf_size_min
Sites_visibility,,shadow_anchors
Sites_wasteacres,,shalcommunityfee
Sites_waterfrontage,,shalentryfee
Sites_wetlandacres,,shaloccupancypercentage
Sites_wetlandstype,,shalsecondpersonfeemonthly
Sites_withinfloodplainname,,shalunitcount
Sites_woodlandacres,,shape
Unit Lease Summary_avgmfunitsize,,shcaretypecomments
Unit Lease Summary_ID,,shilcommunityfee
Unit Lease Summary_instancetype,,shilentryfee
Unit Lease Summary_managementcompany,,shilunitcount
Unit Lease Summary_mfamenities,,shmccommunityfee
Unit Lease Summary_mfbrmax,,shmcentryfee
Unit Lease Summary_mfbrmin,,shmcoccupancypercentage
Unit Lease Summary_mfcarportfeemonthly,,shmcsecondpersonfeemonthly
Unit Lease Summary_mfgaragefeemonthly,,shmcunitcount
Unit Lease Summary_mfleasecomments,,shothercommunityfee
Unit Lease Summary_mfleasenotes,,shotherentryfee
Unit Lease Summary_mfleasesurveydate,,shotheroccupancypercentage
Unit Lease Summary_mfoccupancy,,shothersecondpersonfeemonthly
Unit Lease Summary_mfrentconcessions,,shotherunitcount
Unit Lease Summary_mfrentpermomax,,shpayormedicaidpercentage
Unit Lease Summary_mfrentpermomin,,shpayormedicarepercentage
Unit Lease Summary_mfrentpersfmax,,shpayorotherpercentage
Unit Lease Summary_mfrentpersfmin,,shpayorprivatepaypercentage
Unit Lease Summary_mfrentpersfpermomax,,shpayorvapercentage
Unit Lease Summary_mfrentpersfpermomin,,shsncommunityfee
Unit Lease Summary_mfrenttype,,shsnentryfee
Unit Lease Summary_mfsizesfmax,,shsnoccupancypercentage
Unit Lease Summary_mfsizesfmin,,shsnsecondpersonfeemonthly
Unit Lease Summary_MFSourceNotes,,shsnunitcount
Unit Lease Summary_mfsurveyedunitcounttotal,,side_yard_distance
Unit Lease Summary_mftotalannualrent,,site_acres
Unit Lease Summary_mftotalrentpermonth,,site_area_id
Unit Lease Summary_mfvacantunitscount,,site_comments
Unit Lease Summary_mfweightedavgrentpersfpermo,,site_dimensions
Unit Lease Summary_mfweightedavgrentpersfperyear,,site_drainage
Unit Lease Summary_mfweightedavgrentperunit,,site_id
Unit Lease Summary_projectamenities,,site_landscaping
Unit Lease Summary_projectstyle,,site_topography
Unit Lease Summary_shalcommunityfee,,site_utilities
Unit Lease Summary_shalentryfee,,site_views
Unit Lease Summary_shaloccupancypercentage,,site_visibility
Unit Lease Summary_shalsecondpersonfeemonthly,,size_sq_meters
Unit Lease Summary_shalunitcount,,sizem2
Unit Lease Summary_shcaretypecomments,,soil_type
Unit Lease Summary_shilcommunityfee,,source_system
Unit Lease Summary_shilentryfee,,south_boundary
Unit Lease Summary_shiloccupancypercentage,,space_finish
Unit Lease Summary_shilsecondpersonfeemonthly,,special_assessments
Unit Lease Summary_shilunitcount,,sprinkler_type
Unit Lease Summary_shmccommunityfee,,sprinklers_id
Unit Lease Summary_shmcentryfee,,square_feet
Unit Lease Summary_shmcoccupancypercentage,,state
Unit Lease Summary_shmcsecondpersonfeemonthly,,status
Unit Lease Summary_shmcunitcount,,storage_fee
Unit Lease Summary_shothercommunityfee,,student_teacher_ratio
Unit Lease Summary_shotherentryfee,,sub_type
Unit Lease Summary_shotheroccupancypercentage,,submarket
Unit Lease Summary_shothersecondpersonfeemonthly,,suite
Unit Lease Summary_shotherunitcount,,suite_number
Unit Lease Summary_shpayormedicaidpercentage,,supporting_files
Unit Lease Summary_SHPayorMedicarePercentage,,tax_id
Unit Lease Summary_shpayorotherpercentage,,tax_rate
Unit Lease Summary_shpayorprivatepaypercentage,,taxing_authority
Unit Lease Summary_shpayorvapercentage,,tenant
Unit Lease Summary_shsncommunityfee,,tenant_cam
Unit Lease Summary_shsnentryfee,,tenant_name
Unit Lease Summary_shsnoccupancypercentage,,tenant_parking
Unit Lease Summary_shsnsecondpersonfeemonthly,,tenant_profile
Unit Lease Summary_shsnunitcount,,terminal_cap_rate
Unit Lease Summary_storagefee,,tertiary_frontage_lf
Unit Lease Summary_totalmarketrent,,tertiary_frontage_st
Unit Lease Summary_UtilitiesPaidByOwner,,tertiary_traffic_count
Unit Lease Summary_vacancyrate,,tillable_acres
Unit Lease_affordabilitystatus,,time_log_id
Unit Lease_annualrentpersf,,timestamp
Unit Lease_baths,,topography
Unit Lease_bedrooms,,tos_cap_rate
Unit Lease_beds,,tos_effective_age
Unit Lease_category,,tos_egim
Unit Lease_communityfeemax,,tos_noi
Unit Lease_communityfeemin,,tos_number_of_tenants
Unit Lease_contractrentmax,,tos_occupancy_rate
Unit Lease_contractrentmin,,tos_price_per_rsf
Unit Lease_dailyrateperunit,,tos_price_per_useable_acre_land
Unit Lease_dailyrateperunitmax,,tos_price_per_useable_sf_land
Unit Lease_dailyrateperunitmin,,tos_tenancy_type
Unit Lease_entryfeemax,,tos_vacancy_rate
Unit Lease_entryfeemin,,tos_weighted_avg_lease_term
Unit Lease_floor,,tosweightedaverageleaseterm
Unit Lease_incometarget,,total_assessment
Unit Lease_lastrentincrease,,total_market_rent
Unit Lease_leaseexpiration,,total_taxes
Unit Lease_leasestart,,townshiprange
Unit Lease_lhtc,,traffic_count
Unit Lease_marketrentmax,,traffic_survey_date
Unit Lease_marketrentmin,,transaction_type
Unit Lease_marketrentmo,,type_of_contamination
Unit Lease_marketrentsf,,type_or_use_of_space
Unit Lease_MaxGrossLIHTCRestrictedRent,,unit_category
Unit Lease_monthlyordailyrent,,unit_count
Unit Lease_occupancytype,,unit_depth_ft
Unit Lease_rentincreasepercent,,unit_floor
Unit Lease_rentperm2,,unit_height_ft
Unit Lease_rentpermo,,unit_mix_id
Unit Lease_rentpersfpermo,,unit_sf
Unit Lease_rooms,,unit_type
Unit Lease_sfsizemax,,unit_width_ft
Unit Lease_sfsizemin,,unitdepth
Unit Lease_sizem2,,unitheight
Unit Lease_tenantprofile,,unitwidth
Unit Lease_unitcount,,updated_at
Unit Lease_unitdepth,,updated_by_user_id
Unit Lease_unitheight,,use_mix_id
Unit Lease_unitsf,,use_type
Unit Lease_unittype,,user_id
Unit Lease_unitwidth,,utilities
Unit Lease_utilityallowance,,utilities_paid_by_owner
Unit Lease_vacantunits,,utility_allowance
Zoning_comments,,vacancy_rate
Zoning_district,,vacant_units
Zoning_jurisdiction,,verification_date
Zoning_maxbuildheight,,verification_phone
Zoning_maxsitecoverage,,verification_source
Zoning_minimumlotarea,,views
Zoning_OrdinanceDocument,,visibility
Zoning_parkingrequirement,,waste_acres
Zoning_PermittedUses,,water_frontage
Zoning_rearyarddistance,,west_boundary
Zoning_setbackdistance,,wetland_acres
Zoning_sideyarddistance,,wetlands_type
Zoning_Subrecords_authority,,within_flood_plain
Zoning_Subrecords_backyarddistance,,withinfloodplainname
Zoning_Subrecords_comments,,woodland_acres
Zoning_Subrecords_district,,year_built_numeric
Zoning_Subrecords_frontsetbackdistance,,zip
Zoning_Subrecords_id,,zoned_density
Zoning_Subrecords_maxbuildheight,,zoning
Zoning_Subrecords_maxsitecoverage,,zoning_authority
Zoning_Subrecords_minlotarea,,zoning_code
Zoning_Subrecords_NA_jurisdiction,,zoning_designation
Zoning_Subrecords_ordinancedocument,,zoning_district
Zoning_Subrecords_permitteduses,,zoning_id
Zoning_Subrecords_sideyarddistance,,zoning_jurisdiction
Zoning_Subrecords_type,,zoning_notes
Zoning_Subrecords_zoneddensity,,zoning_subrecords_comments
Zoning_Subrecords_zoning,,zoning_subrecords_district
Zoning_Subrecords_Zoningid,,zoning_subrecords_summary
Zoning_summary,,zoning_subrecords_type
Zoning_type,,zoning_summary
Zoning_zoneddensity,,zoning_type
Zoning_zoningcode,,