LightBox Source Fields,CoStar Source Fields,Consolidated ERD Fields,LightBox Aligned Fields
_constructionclassid,% 1-Bed,access,Sites_access
_sourceforsfareaid,% 2-Bed,acres,Sites_acres
Assessment_assessmentcomments,% 3-Bed,anchor_type,
Assessment_assessmentyear,% 4-Bed,appraisal_file,Parcel_appraisalfile
Assessment_assessorwebsite,% Studios,activestatus,Sales_activestatus
Assessment_basetaxes,$Price/Unit,activity_description,
Assessment_equalizationratio,Affordable Type,actual_price,
Assessment_historicalassessedvalue1,Amenities,added_at,
Assessment_historicalassessedvalue2,Architect Name,address,Parcel_address
Assessment_historicalassessedvalue3,Avg Asking/Bed,adjustment_comments,Sales_adjustmentcomments
Assessment_historicalassessedvalue4,Avg Asking/SF,adr,Improvement_adr
Assessment_historicalimprovvalue1,Avg Asking/Unit,affordability_status,Unit Lease_affordabilitystatus
Assessment_historicalimprovvalue2,Avg Concessions %,all_utilities_to_site,Sites_allutilities
Assessment_historicalimprovvalue3,Avg Effective/SF,allowable_floor_area_sf,Sites_allowablefloorareasf
Assessment_historicalimprovvalue4,Avg Effective/Unit,allowable_units,Sites_allowableunits
Assessment_historicallandvalue1,Avg Unit SF,allutilities,Sites_utilities
Assessment_historicallandvalue2,Building Class,amenities,Improvement_amenities
Assessment_historicallandvalue3,Building Operating Expenses,anchor_tenants,
Assessment_historicallandvalue4,Building Park,back_yard_distance,Zoning_Subrecords_backyarddistance
Assessment_historicaltaxes1,Building Status,anchors,
Assessment_historicaltaxes2,Building Tax Expenses,ancillary_buildings,Improvement_ancillarybuildings
Assessment_historicaltaxes3,Cap Rate,annual_rent_per_sf,
Assessment_historicaltaxes4,City,appraisal_date,Sales_appraisaldate
Assessment_historicalyear1,Closest Transit Stop,appraisal_usage,Parcel_appraisalusage
Assessment_historicalyear2,Closest Transit Stop Dist (mi),appraised_value,Sales_appraisedvalue
Assessment_historicalyear3,Closest Transit Stop Walk Time (min),area_category,Unit Lease_category
Assessment_historicalyear4,Constr Status,area_in_flood_zone,Sites_areainfloodzone
Assessment_impliedvalue,Construction Begin,assessment_year,
Assessment_improvementassessment,Construction Material,assigned_to_user_id,
Assessment_landassessment,Continent,attribution_id,
Assessment_marketvalue,Core Factor,audit_log_id,
Assessment_otherassessment,Country,authority,
Assessment_specialassessments,County Name,average_daily_rate,
Assessment_Subparcels OLD_impliedvalue,Cross Street,avg_asking_rent_sf,
Assessment_Subparcels_,Developer Name,avg_cap_rate,Sales_caprate
Assessment_Subparcels_assessinfoid,Energy Star,avg_mf_unit_size,Unit Lease Summary_avgmfunitsize
Assessment_Subparcels_assessmentyear,Features,base_rent_per_mo,Unit Lease_rentpermo
Assessment_Subparcels_basetaxes,Fema Flood Zone,base_rent_per_year,
Assessment_Subparcels_equalizationratio,FEMA Map Date,base_rent_sf,
Assessment_Subparcels_id,FEMA Map Identifier,base_rent_sf_mo,
Assessment_Subparcels_impliedvalue,FIRM ID,base_taxes,Assessment_basetaxes
Assessment_Subparcels_improvementassessment,FIRM Panel Number,basement_size,Improvement_basementsize
Assessment_Subparcels_isdeleted,Flood Risk Area,basement_use_and_finish,Improvement_basementuseandfinish
Assessment_Subparcels_landassessment,Floodplain Area,baths,Unit Lease_baths
Assessment_Subparcels_marketvalue,For Sale Price,bedrooms,Unit Lease_bedrooms
Assessment_Subparcels_otherassessment,For Sale Status,beds,Unit Lease_beds
Assessment_Subparcels_specialassessments,Four Bedroom Asking Rent/Bed,book_page_or_ref_doc,Sales_bookpageorrefdoc
Assessment_Subparcels_taxes,Four Bedroom Asking Rent/SF,boundary_comments,
Assessment_Subparcels_taxid,Four Bedroom Asking Rent/Unit,buildable_sf,
Assessment_Subparcels_taxingauthority,Four Bedroom Avg SF,building_amenities,
Assessment_Subparcels_taxrate,Four Bedroom Concessions %,building_class,Improvement_buildingclass
Assessment_Subparcels_taxratecode,Four Bedroom Effective Rent/Bed,building_condition,
Assessment_Subparcels_taxrateper,Four Bedroom Effective Rent/SF,building_description,Improvement_BuildingDescription
Assessment_Subparcels_taxyear,Four Bedroom Effective Rent/Unit,building_features,
Assessment_Subparcels_totalassessment,Four Bedroom Vacancy %,building_quality,
Assessment_taxes,Four Bedroom Vacant Units,business_value_adjustment,Sales_businessvalueadjustment
Assessment_taxesperacre,Fund Name,buyer_type,Sales_buyertype
Assessment_taxespergbam2,Gas,cap_rate,Sales_toscaprate
Assessment_taxesperhectares,Heating,care_type_comments,Unit Lease Summary_shcaretypecomments
Assessment_taxesperlandm2,In SFHA,category,
Assessment_taxesperlandsf,Land Area (AC),cbsa_id,Parcel_cbsa_id
Assessment_taxesperlandunit,Land Area (SF),cbsa_name,Parcel_cbsa_name
Assessment_taxesperra,Last Sale Date,ceiling_height,Improvement_ceilingheight
Assessment_taxesperram2,Last Sale Price,censusblock,Parcel_censusblock
Assessment_taxespersfgba,Latitude,censustract,Parcel_censustract
Assessment_taxesperunit,Leasing Company Address,city,Parcel_city
Assessment_taxid,Leasing Company City State Zip,comm_lease_comments,
Assessment_taxingauthority,Leasing Company Contact,clean_up_costs,Sales_cleanupcosts
Assessment_taxrate,Leasing Company Fax,clear_height,Improvement_Subrecords_clearheight
Assessment_taxratecode,Leasing Company Name,client_name,
Assessment_taxrateper,Leasing Company Phone,column_spacing,Improvement_columnspacing
Assessment_taxyear,LEED Certified,comm_lease_notes,
Assessment_totalassessment,Longitude,comm_lease_terms,
Improvement_adr,Market Name,comm_lease_type,
Improvement_amenities,Month Built,comm_rent_concessions,
Improvement_ancillarybuildings,Month Renovated,comm_rent_per_sf_max,
Improvement_basementsize,Number Of 1 Bedrooms Units,comm_rent_per_sf_min,
Improvement_basementuseandfinish,Number Of 2 Bedrooms Units,comm_size_max,
Improvement_buildingclass,Number Of 3 Bedrooms Units,comm_size_min,
Improvement_BuildingDescription,Number Of 4 Bedrooms Units,comm_vacancy_rate,
Improvement_ceilingheight,Number of Beds,comm_verification_source,Sales_verificationsource
Improvement_columnspacing,Number Of Elevators,commercial_survey_id,
Improvement_condition,Number Of Parking Spaces,community_fee_max,Unit Lease_communityfeemax
Improvement_construction,Number Of Stories,community_fee_min,Unit Lease_communityfeemin
Improvement_constructionclass,Number Of Studios Units,commvacancy,
Improvement_cooling,Number Of Units,concessions,Unit Lease Summary_mfrentconcessions
Improvement_coveredparkingspaces,One Bedroom Asking Rent/Bed,condition_id,Improvement_Subrecords_conditionid
Improvement_deferredmaintance,One Bedroom Asking Rent/SF,conditions_of_sale,Improvement_condition
Improvement_designappeal,One Bedroom Asking Rent/Unit,conditions_of_sale_adjustment,Sales_conditionsofsaleadjustment
Improvement_docks,One Bedroom Avg SF,confidential,Sales_confidential
Improvement_effectiveage,One Bedroom Concessions %,construction_type,Improvement_construction
Improvement_exteriorwall,One Bedroom Effective Rent/Bed,contract_rent_max,Unit Lease_contractrentmax
Improvement_features,One Bedroom Effective Rent/SF,contract_rent_min,Unit Lease_contractrentmin
Improvement_ffande,One Bedroom Effective Rent/Unit,cooling_id,Improvement_Subrecords_coolingid
Improvement_fireplaceorwoodstove,One Bedroom Vacancy %,cooling_type,Improvement_cooling
Improvement_foundation,One Bedroom Vacant Units,corner,Sites_corner
Improvement_garage,Operation Type,costs_to_finish,
Improvement_garageparkingspaces,Operational Status,country,Parcel_country
Improvement_gbamultifamily,Ops Expense,county,Parcel_county
Improvement_gbamultifamilymeters,Ops Expense Per SF,covered_parking_spaces,Improvement_coveredparkingspaces
Improvement_gbaother,Owner Address,craneways,
Improvement_gbaothermeters,Owner City State Zip,created_at,
Improvement_gbatotal,Owner Contact,created_by_user_id,
Improvement_gbatotalmeters,Owner Name,createdby,Parcel_createdby
Improvement_heating,Owner Phone,current_lp_percent_diff,Sales_currentlppercentdiff
Improvement_hotelflag,Parcel Number 1(Min),current_rent_per_mo,
Improvement_improvmentcomments,Parcel Number 2(Max),current_use,Sales_currentuse
Improvement_landscaping,Parent Company,custom_fields,
Improvement_landtobuildingratio,Parking Ratio,daily_rate_per_unit,Unit Lease_dailyrateperunit
Improvement_lhoccupancy,Parking Spaces/Unit,daily_rate_per_unit_max,Unit Lease_dailyrateperunitmax
Improvement_multifamilyamenities,Primary Agent Name,daily_rate_per_unit_min,Unit Lease_dailyrateperunitmin
Improvement_noofbathrooms,Primary Corridors,data_source,Sales_datasource
Improvement_noofbedrooms,Property Address,days_on_market,Sales_daysonmarket
Improvement_noofbeds,Property Location,deferred_maintenance,Improvement_deferredmaintance
Improvement_noofbuildings,Property Manager Address,demographics_survey_date,Sites_demographicssurveydate
Improvement_noofelevators,Property Manager City State Zip,depth,Sites_depth
Improvement_noofescalators,Property Manager Contact,design_appeal,Improvement_designappeal
Improvement_noofgolfholes,Property Manager Name,dimensions,Sites_dimensions
Improvement_noofhalfbaths,Property Manager Phone,diminution_source,Sales_diminutionsource
Improvement_noofmfbathrooms,Property Name,discount_rate,Sales_discountrate
Improvement_noofmultifamilybedrooms,PropertyID,district_name,
Improvement_noofmultifamilyrooms,PropertyType,comm_lease_survey_date,
Improvement_noofmultifamilyunits,Proposed Land Use,district_url,Parcel_districturl
Improvement_noofotherunits,RBA,districtspending,Parcel_districtspending
Improvement_noofrooms,Recorded Owner Address,drainage,Sites_drainage
Improvement_noofseats,Recorded Owner City State Zip,duration_seconds,
Improvement_noofstories,Recorded Owner Contact,earthquake_hazard_risk,Sites_earthquakehazardrisk
Improvement_noofunits,Recorded Owner Name,earthquake_zone_comments,Sites_earthquakezonecomments
Improvement_parking,Recorded Owner Phone,east_boundary,Parcel_eastboundary
Improvement_parkingadequacy,Sale Company Address,eff_rent_per_mo,Unit Lease_rentperm2
Improvement_parkingcomments,Sale Company City State Zip,eff_rent_per_year,
Improvement_parkingcondition,Sale Company Contact,effective_age,Improvement_effectiveage
Improvement_parkingratiogba,Sale Company Fax,effective_gross_income_multiplier,
Improvement_parkingratiora,Sale Company Name,effective_rent_sf,
Improvement_parkingratiora,Sale Company Phone,effective_rent_sf_mo,
Improvement_parkingratiounit,Sales Company,effective_water_frontage,Sites_effectivewaterfrontage
Improvement_parkingtype,Sales Contact,egim,Sales_egim
Improvement_perimeter,Sales Contact Phone,encumbrance_or_easement,Sites_encumbranceoreasement
Improvement_porchordeck,Secondary Type,enrollment,Parcel_enrollment
Improvement_productsegment,Services,entry_fee_max,Unit Lease_entryfeemax
Improvement_proportionrenovated,Sewer,entry_fee_min,Unit Lease_entryfeemin
Improvement_quality,Sprinklers,environmental_concerns,Sales_environmentalconcerns
Improvement_ramultifamily,Star Rating,environmental_issues,Sites_environmentalissues
Improvement_ramultifamilymeters,State,environmental_remarks,Sales_environmentalremarks
Improvement_raother,Studio Asking Rent/Bed,environmental_status,Sales_environmentalstatus
Improvement_raothermeters,Studio Asking Rent/SF,equalization_ratio,Assessment_equalizationratio
Improvement_ratotal,Studio Asking Rent/Unit,escalations,
Improvement_ratotalmeters,Studio Avg SF,excess_land_adjustment,Sales_excesslandadjustment
Improvement_remainingeconomiclife,Studio Concessions %,expenditures_after_sale_adjustment,Sales_expendituresaftersaleadjustment
Improvement_renovations,Studio Effective Rent/Bed,expense_growth_rate,Sales_expensegrowthrate
Improvement_residentialamenities,Studio Effective Rent/SF,expense_reimbursements,incExp_expensereimbursements
Improvement_residentialdesign,Studio Effective Rent/Unit,expense_stop,
Improvement_revpar,Studio Vacancy %,exterior_wall,Improvement_exteriorwall
Improvement_roofcover,Studio Vacant Units,exterior_wall_id,Improvement_Subrecords_exteriorwallid
Improvement_rooftype,Style,far,Parcel_far
Improvement_sourceforsfarea,Subcontinent,features,Improvement_features
Improvement_sprinklers,Submarket Cluster,fema_map_date,Sites_femamapdate
Improvement_Subrecords_basementsize,Submarket Name,ff_and_e,
Improvement_Subrecords_basementuseandfinish,Tax Year,ff_and_e_adjustment,Sales_ffandeadjustment
Improvement_Subrecords_ceilingheight,Taxes Per SF,field_changed,
Improvement_Subrecords_clearheight,Taxes Total,field_name,
Improvement_Subrecords_columnspacing,Three Bedroom Asking Rent/Bed,construction_class,Improvement_constructionclass
Improvement_Subrecords_condition,Three Bedroom Asking Rent/SF,current_list_price,Sales_currentlistprice
Improvement_Subrecords_conditionid,Three Bedroom Asking Rent/Unit,field_value,
Improvement_Subrecords_construction,Three Bedroom Avg SF,financing,Sales_financing
Improvement_Subrecords_constructionclass,Three Bedroom Concessions %,financing_terms_adjustment,Sales_financingtermsadjustment
Improvement_Subrecords_cooling,Three Bedroom Effective Rent/Bed,financing_type,
Improvement_Subrecords_coolingid,Three Bedroom Effective Rent/SF,finish,
Improvement_Subrecords_deferredmaintance,Three Bedroom Effective Rent/Unit,finish_condition,
Improvement_Subrecords_designappeal,Three Bedroom Vacancy %,fireplace_or_woodstove,Improvement_fireplaceorwoodstove
Improvement_Subrecords_docks,Three Bedroom Vacant Units,flood_map_panel,Sites_floodmappanel
Improvement_Subrecords_effectiveage,Total Buildings,flood_zone,Sites_floodzone
Improvement_Subrecords_exteriorwall,True Owner Address,floor,Unit Lease_floor
Improvement_Subrecords_exteriorwallid,True Owner City State Zip,floor_area_ratio,
Improvement_Subrecords_ffande,True Owner Contact,floor_level,
Improvement_Subrecords_fireplaceorwoodstove,True Owner Name,foundation_id,Improvement_Subrecords_foundationid
Improvement_Subrecords_foundation,True Owner Phone,foundation_type,Improvement_foundation
Improvement_Subrecords_foundationid,Two Bedroom Asking Rent/Bed,free_rent_months,
Improvement_Subrecords_garage,Two Bedroom Asking Rent/SF,front_set_back_distance,Zoning_Subrecords_frontsetbackdistance
Improvement_Subrecords_gbamultifamilymeters,Two Bedroom Asking Rent/Unit,garage_parking_spaces,Improvement_garageparkingspaces
Improvement_Subrecords_gbaothermeters,Two Bedroom Avg SF,garage_type,
Improvement_Subrecords_gbatotalmeters,Two Bedroom Concessions %,gba,
Improvement_Subrecords_heating,Two Bedroom Effective Rent/Bed,gba_total,
Improvement_Subrecords_heatingid,Two Bedroom Effective Rent/SF,gba_total_meters,
Improvement_Subrecords_id,Two Bedroom Effective Rent/Unit,geo_code,
Improvement_Subrecords_landscaping,Two Bedroom Vacancy %,geo_name,
Improvement_Subrecords_multifamilyamenities,Two Bedroom Vacant Units,geo_type,
Improvement_Subrecords_multifamilygba,Typical Floor Size,geography_id,
Improvement_Subrecords_NA_parcelId,University,grantee,Sales_grantee
Improvement_Subrecords_NA_ramultifamily,Water,grantee_buyer,
Improvement_Subrecords_noofbathrooms,Year Built,grantor,Sales_grantor
Improvement_Subrecords_noofbedrooms,Year Renovated,grantor_seller,
Improvement_Subrecords_noofbeds,Zip,gross_building_area,
Improvement_Subrecords_noofelevators,Zoning,heating_id,Improvement_Subrecords_heatingid
Improvement_Subrecords_noofescalators,,heating_type,Improvement_heating
Improvement_Subrecords_noofgolfholes,,highest_and_best_use,Sales_highestandbestuse
Improvement_Subrecords_noofhalfbaths,,holding_period_years,Sales_holdingperiodyears
Improvement_Subrecords_noofindustrialunits,,home_site_acres,Sites_homesiteacres
Improvement_Subrecords_noofofficeunits,,hotel_flag,Improvement_hotelflag
Improvement_Subrecords_noofotherunits,,hotel_room_rev_multiplier,Sales_hotelroomrevmultiplier
Improvement_Subrecords_noofretailunits,,id,Improvement_Subrecords_id
Improvement_Subrecords_noofrooms,,implied_value,Assessment_impliedvalue
Improvement_Subrecords_noofseats,,improvement_assessment,Assessment_assessmentyear
Improvement_Subrecords_noofstories,,improvement_comments,Sales_salecomments
Improvement_Subrecords_nooftruckdoors,,improvement_id,Parcel_id
Improvement_Subrecords_nooftruckdoorswithlevelers,,improvement_subrecords_condition,Improvement_Subrecords_condition
Improvement_Subrecords_noofunits,,improvement_subrecords_construction,Improvement_Subrecords_construction
Improvement_Subrecords_othergba,,improvement_subrecords_cooling,Improvement_Subrecords_cooling
Improvement_Subrecords_otherra,,improvement_subrecords_deferredmaintance,Improvement_Subrecords_deferredmaintance
Improvement_Subrecords_perimetersf,,improvement_subrecords_docks,Improvement_docks
Improvement_Subrecords_porchordeck,,improvement_subrecords_foundation,Improvement_Subrecords_foundation
Improvement_Subrecords_quality,,improvement_subrecords_garage,Improvement_garage
Improvement_Subrecords_qualityid,,improvement_subrecords_heating,Improvement_Subrecords_heating
Improvement_Subrecords_ramultifamilymeters,,improvement_subrecords_landscaping,Improvement_landscaping
Improvement_Subrecords_raothermeters,,improvement_subrecords_landtobuildingratio,Improvement_landtobuildingratio
Improvement_Subrecords_ratotalmeters,,improvement_subrecords_loadfactor,
Improvement_Subrecords_remainingeconomiclife,,improvement_subrecords_multifamilyamenities,Improvement_multifamilyamenities
Improvement_Subrecords_renovations,,improvement_subrecords_noofbathrooms,Improvement_noofbathrooms
Improvement_Subrecords_rentablearea,,improvement_subrecords_noofbays,
Improvement_Subrecords_residentialamenities,,improvement_subrecords_noofbedrooms,Improvement_noofbedrooms
Improvement_Subrecords_residentialdesign,,improvement_subrecords_noofbeds,Improvement_noofbeds
Improvement_Subrecords_roofcover,,improvement_subrecords_noofelevators,Improvement_noofelevators
Improvement_Subrecords_roofcoverid,,improvement_subrecords_noofescalators,Improvement_noofescalators
Improvement_Subrecords_rooftype,,improvement_subrecords_noofgolfholes,Improvement_noofgolfholes
Improvement_Subrecords_rooftypeid,,improvement_subrecords_noofhalfbaths,Improvement_noofhalfbaths
Improvement_Subrecords_sourceforsfarea,,improvement_subrecords_noofrooms,Improvement_noofrooms
Improvement_Subrecords_sprinklers,,improvement_subrecords_noofseats,Improvement_noofseats
Improvement_Subrecords_sprinklersid,,improvement_subrecords_noofspaces,Sites_NumberOfParcels
Improvement_Subrecords_tenantimprovements,,improvement_subrecords_noofstories,Improvement_noofstories
Improvement_Subrecords_totaleconomiclife,,improvement_subrecords_nooftruckdoors,Improvement_Subrecords_nooftruckdoors
Improvement_Subrecords_yearbuilt,,improvement_subrecords_nooftruckdoorswithlevelers,Improvement_Subrecords_nooftruckdoorswithlevelers
Improvement_surfaceparkingspaces,,improvement_subrecords_noofunits,Improvement_noofunits
Improvement_totaleconomiclife,,improvement_subrecords_parking,Improvement_parking
Improvement_yearbuilt,,improvement_subrecords_parkingadequacy,Improvement_parkingadequacy
Improvement_yearbuiltnumeric,,improvement_subrecords_parkingcomments,Improvement_parkingcomments
incExp_advertisingandmarketing,,improvement_subrecords_parkingcondition,Improvement_parkingcondition
incExp_annualrent,,improvement_subrecords_parkingtype,Improvement_parkingtype
incExp_baserentabatement,,improvement_subrecords_porchordeck,Improvement_porchordeck
incExp_buildingrepairs,,improvement_subrecords_proportionrenovated,Improvement_proportionrenovated
incExp_cam,,improvement_subrecords_quality,Improvement_quality
incExp_cleaning,,improvement_subrecords_ratotalmeters,Improvement_ratotalmeters
incExp_comments,,improvement_subrecords_remainingeconomiclife,Improvement_remainingeconomiclife
incExp_deductreserves,,improvement_subrecords_renovations,Improvement_renovations
incExp_egi,,improvement_subrecords_residentialamenities,Improvement_residentialamenities
incExp_egipersf,,improvement_subrecords_residentialdesign,Improvement_residentialdesign
incExp_egiperunit,,improvement_subrecords_roofcover,Improvement_roofcover
incExp_electricexpense,,improvement_subrecords_rooftype,Improvement_rooftype
incExp_ExpensePerSF,,improvement_subrecords_sourceforsfarea,Improvement_sourceforsfarea
incExp_ExpensePerUnit,,improvement_subrecords_sprinklers,Improvement_sprinklers
incExp_expenseratio,,improvement_subrecords_surfaceparkingspaces,Improvement_surfaceparkingspaces
incExp_expensereimbursements,,improvement_subrecords_tenantimprovements,Improvement_Subrecords_tenantimprovements
incExp_expleasingcommissions,,improvement_subrecords_totaleconomiclife,Improvement_Subrecords_totaleconomiclife
incExp_exptenantimprovements,,improvement_subrecords_typicalbaydepth,
incExp_financialstype,,improvement_subrecords_usablearea,Sites_usableacres
incExp_fuelexpense,,improvement_subrecords_yearbuilt,Improvement_Subrecords_yearbuilt
incExp_gasexpense,,improvement_value,
incExp_generalandadministrative,,improvement_value_per_sf,
incExp_generalandadministrative2,,income_growth,Sales_incomegrowth
incExp_GroundRentExp,,income_growth_rate,Sales_incomegrowthrate
incExp_groundsandsecurity,,income_target_percent,Unit Lease_incometarget
incExp_insurance,,incometarget,
incExp_maintenancesalaries,,industrial_gba,
incExp_management,,industrial_ra,
incExp_managerleasingsalaries,,ingestion_timestamp,
incExp_name,,instance_type,Unit Lease Summary_instancetype
incExp_netparkingincome,,internal_comments,Sales_internalcomments
incExp_noi,,is_active,
incExp_noiperbed,,is_confidential,
incExp_noipergbam2,,is_deleted,Sales_isdeleted
incExp_noiperrasf,,is_excel_entry,
incExp_noipersf,,is_ground_lease,Parcel_isgroundlease
incExp_noiperunit,,is_lihtc,
incExp_noiperusablesf,,isexcel,Sales_isexcel
incExp_nonrevenueunits,,jurisdiction,Zoning_jurisdiction
incExp_occupancy,,land_assessment,Assessment_landassessment
incExp_onsitemanagementexp,,land_hectares,Sites_landhectares
incExp_otherexpenses,,land_sf,Sites_SurplusLandSF
incExp_otherincome,,land_square_meters,Sites_landsquaremeters
incExp_otherrepairs,,land_unit_approved_or_zoned,Sites_landunitapprovedorzoned
incExp_othersalaries,,land_unit_type,Sites_landunittype
incExp_paintinganddecorating,,land_units,Sites_landunits
incExp_payrolltaxes,,land_use,Sites_landuse
incExp_payrolltotal,,land_value,Sales_landvalue
incExp_percentagerent,,land_value_per_sf,
incExp_pgi,,last_rent_increase,Unit Lease_lastrentincrease
incExp_pgipersf,,lat,Parcel_lat
incExp_pgiperunit,,lat_centroid,
incExp_professionalservicesexp,,lease_commencement_date,
incExp_repairsandmaintenance,,lease_comp_id,
incExp_reserves,,lease_concessions,
incExp_sewerexpense,,lease_conditions,
incExp_surveydate,,lease_expiration_date,Unit Lease_leaseexpiration
incExp_taxexpense,,lease_options,
incExp_totalexpenses,,lease_start_date,Unit Lease_leasestart
incExp_totalutilities,,lease_tenant_improvs,
incExp_trashexpense,,lease_term_months,
incExp_vacancy,,lease_transaction_type,Sales_transactiontype
incExp_vacancycost,,lease_type,
incExp_vacancycostpersf,,leasedate,
incExp_vacancycostperunit,,leaseexpiration,
incExp_waterexpense,,leaseexpiredate,
Parcel_address,,leasestart,
Parcel_appraisalfile,,leaseterm,
Parcel_appraisalusage,,legal_description,Sales_legaldescription
Parcel_cbsa_id,,lender,Sales_lender
Parcel_cbsa_name,,lender_name,
Parcel_censusblock,,lessor,
Parcel_censustract,,lessor_name,
Parcel_city,,lh_occupancy,Improvement_lhoccupancy
Parcel_country,,lhtc,Unit Lease_lhtc
Parcel_county,,lightbox_created_by,
Parcel_createdby,,lightbox_id,
Parcel_districtspending,,lightbox_timestamp,
Parcel_districturl,,lng,Parcel_lng
Parcel_eastboundary,,lng_centroid,
Parcel_enrollment,,locationdescription,Parcel_locationdescription
Parcel_far,,major_type,
Parcel_id,,management_company,Unit Lease Summary_managementcompany
Parcel_isgroundlease,,market,Parcel_market
Parcel_lat,,market_rent_max,Unit Lease_marketrentmax
Parcel_lng,,market_rent_min,Unit Lease_marketrentmin
Parcel_locationdescription,,market_rent_per_mo,Unit Lease_marketrentmo
Parcel_market,,market_rent_per_sf,
Parcel_msa,,marketrentmo,Unit Lease_marketrentsf
Parcel_municipality,,marketrentsf,
Parcel_name,,max_build_height,Zoning_maxbuildheight
Parcel_name,,max_gross_lihtc_restricted_rent,Unit Lease_MaxGrossLIHTCRestrictedRent
Parcel_neighborhood,,max_site_coverage,Zoning_maxsitecoverage
Parcel_neighborhoodcomments,,median_hh_income,
Parcel_northboundary,,median_home_value,Sites_medianhomevalue
Parcel_opportunityzone,,median_household_income,Sites_medianhouseholdincome
Parcel_otherdbrefs,,merge_timestamp,Parcel_timestamp
Parcel_owner,,merged_by_user_or_system,
Parcel_parcelcomments,,mf_br_max,Unit Lease Summary_mfbrmax
Parcel_parcelverificationdata,,mf_br_min,Unit Lease Summary_mfbrmin
Parcel_propertymajortype,,mf_carport_fee_monthly,Unit Lease Summary_mfcarportfeemonthly
Parcel_propertysubtype,,mf_garage_fee_monthly,Unit Lease Summary_mfgaragefeemonthly
Parcel_propertytype,,mf_lease_comments,Unit Lease Summary_mfleasecomments
Parcel_readyforuse,,mf_lease_notes,Unit Lease Summary_mfleasenotes
Parcel_schooldistrict,,mf_lease_survey_date,Unit Lease Summary_mfleasesurveydate
Parcel_southboundary,,mf_occupancy,Unit Lease Summary_mfoccupancy
Parcel_state,,mf_rent_concessions,
Parcel_studentteacherratio,,mf_rent_per_mo_max,Unit Lease Summary_mfrentpermomax
Parcel_submarket,,mf_rent_per_mo_min,Unit Lease Summary_mfrentpermomin
Parcel_supportingfiles,,mf_rent_per_sf_max,
Parcel_timestamp,,mf_rent_per_sf_min,
Parcel_townshiprange,,mf_rent_per_sf_per_mo_max,Unit Lease Summary_mfrentpersfpermomax
Parcel_westboundary,,mf_rent_per_sf_per_mo_min,Unit Lease Summary_mfrentpersfpermomin
Parcel_zip,,mf_rent_type,Unit Lease Summary_mfrenttype
Saleinfo_NIM,,mf_size_sf_max,
Sales_activestatus,,mf_size_sf_min,
Sales_adjustmentcomments,,mf_source_notes,Unit Lease Summary_MFSourceNotes
Sales_appraisaldate,,mf_surveyed_unit_count_total,Unit Lease Summary_mfsurveyedunitcounttotal
Sales_appraisedvalue,,mf_total_annual_rent,Unit Lease Summary_mftotalannualrent
Sales_bookpageorrefdoc,,mf_total_rent_per_month,Unit Lease Summary_mftotalrentpermonth
Sales_businessvalueadjustment,,mf_unit_amenities,Unit Lease Summary_mfamenities
Sales_buyertype,,mf_vacant_units_count,Unit Lease Summary_mfvacantunitscount
Sales_caprate,,mf_weighted_avg_rent_per_sf_per_mo,Unit Lease Summary_mfweightedavgrentpersfpermo
Sales_caprate,,mf_weighted_avg_rent_per_sf_per_year,Unit Lease Summary_mfweightedavgrentpersfperyear
Sales_cleanupcosts,,mf_weighted_avg_rent_per_unit,Unit Lease Summary_mfweightedavgrentperunit
Sales_conditionsofsale,,mfamenities,
Sales_conditionsofsaleadjustment,,min_lot_area,Zoning_Subrecords_minlotarea
Sales_confidential,,minimum_lot_area,Zoning_minimumlotarea
Sales_currentlistprice,,monthly_or_daily_rent,Unit Lease_monthlyordailyrent
Sales_currentlppercentdiff,,msa,Parcel_msa
Sales_currentuse,,multifamily_gba,
Sales_datasource,,municipality,Parcel_municipality
Sales_daysonmarket,,name,Parcel_name
Sales_diminutionsource,,neighborhood,Parcel_neighborhood
Sales_discountrate,,neighborhoodcomments,Parcel_neighborhoodcomments
Sales_egim,,net_income_multiplier,
Sales_egim,,net_rentable_area,Improvement_Subrecords_rentablearea
Sales_environmentalconcerns,,new_value,
Sales_environmentalremarks,,nim,Saleinfo_NIM
Sales_environmentalstatus,,no_of_baths,Improvement_Subrecords_noofbathrooms
Sales_excesslandadjustment,,no_of_buildings,Improvement_noofbuildings
Sales_expendituresaftersaleadjustment,,no_of_craneways,
Sales_expensegrowthrate,,no_of_docks,
Sales_ffandeadjustment,,no_of_mf_bathrooms,Improvement_noofmfbathrooms
Sales_financing,,no_of_multifamily_bedrooms,Improvement_noofmultifamilybedrooms
Sales_financingtermsadjustment,,no_of_multifamily_rooms,Improvement_noofmultifamilyrooms
Sales_grantee,,no_of_tenants,
Sales_grantor,,north_boundary,Parcel_northboundary
Sales_highestandbestuse,,notes,
Sales_holdingperiodyears,,number_of_parcels,
Sales_hotelroomrevmultiplier,,number_of_units,Improvement_Subrecords_noofunits
Sales_id,,occupancy_type,Unit Lease_occupancytype
Sales_improvementvalue,,office_gba,
Sales_improvementvaluepersf,,office_ra,
Sales_incomegrowth,,old_value,
Sales_incomegrowthrate,,opportunity_zone,Parcel_opportunityzone
Sales_internalcomments,,options,
Sales_isdeleted,,ordinance_document,Zoning_OrdinanceDocument
Sales_isexcel,,ordinance_document_url,
Sales_landvalue,,original_list_price,Sales_originallistprice
Sales_landvaluepersf,,original_lp_percent_diff,Sales_originallppercentdiff
Sales_legaldescription,,other_acres,Sites_otheracres
Sales_lender,,other_adjustment,Sales_otheradjustment
Sales_nim,,other_assessment,Assessment_otherassessment
Sales_originallistprice,,other_db_refs,Parcel_otherdbrefs
Sales_originallppercentdiff,,other_gba,
Sales_otheradjustment,,other_ra,
Sales_percentdiminutioninvalue,,owner,Parcel_owner
Sales_percentstigma,,parcel_comments,Sites_sitecomments
Sales_pgim,,parcel_id,Sales_id
Sales_pgim,,parcel_verification_data,Sales_verificationdate
Sales_price,,parent_geo_id,
Sales_priceactual,,parking_adequacy_id,
Sales_priceadjustment,,parking_condition_id,
Sales_priceperacre,,parking_ratio_gba,
Sales_priceperbed,,parking_ratio_ra,
Sales_priceperbedroom,,parking_ratio_unit,Improvement_parkingratiounit
Sales_priceperbuildablesf,,parking_requirement,Zoning_parkingrequirement
Sales_priceperfar,,parking_type_id,
Sales_pricepergbameters,,per_pupil_spending,
Sales_priceperlandhectares,,percent_diminution_in_value,Sales_percentdiminutioninvalue
Sales_priceperlandsf,,percent_office_ul,
Sales_priceperlandsqm,,percent_rent,
Sales_priceperlandunit,,percent_stigma,Sales_percentstigma
Sales_pricepermfbedroom,,percent_tillable,Sites_percenttillable
Sales_pricepermfroom,,percent_wetlands,Sites_percentwetlands
Sales_priceperprimaryfrontage,,perimeter,Improvement_perimeter
Sales_priceperra,,perimeter_sf,
Sales_priceperrameters,,permitted_uses,Zoning_PermittedUses
Sales_priceperroom,,pgim,Sales_pgim
Sales_pricepersf,,population,
Sales_priceperunit,,potential_gross_income_multiplier,
Sales_priceperusableacre,,price,Sales_price
Sales_priceperusableacre,,price_adjustment,Sales_priceadjustment
Sales_priceperusablelandsf,,price_per_acre,Sales_priceperacre
Sales_propertyincluded,,price_per_bay,Sales_priceperra
Sales_propertyrights,,price_per_bed,Sales_priceperbed
Sales_proposeduse,,price_per_bedroom,Sales_priceperbedroom
Sales_recordingdate,,price_per_buildable_sf,Sales_priceperbuildablesf
Sales_responsibleparty,,price_per_far,Sales_priceperfar
Sales_riskprofile,,price_per_gba_meters,
Sales_salecomments,,price_per_land_hectares,Sales_priceperlandhectares
Sales_saledate,,price_per_land_sf,
Sales_salenotes,,price_per_land_sqm,Sales_priceperlandsqm
Sales_salesupportingfiles,,price_per_land_unit,Sales_priceperlandunit
Sales_terminalcaprate,,price_per_mf_bedroom,Sales_pricepermfbedroom
Sales_toscaprate,,price_per_mf_room,Sales_pricepermfroom
Sales_toseffectiveage,,price_per_primary_frontage,Sales_priceperprimaryfrontage
Sales_tosegim,,price_per_ra,
Sales_tosnoi,,price_per_ra_meters,
Sales_tosoccupancyrate,,price_per_room,Sales_priceperroom
Sales_tospriceperrsf,,price_per_sf,
Sales_tospriceperuseableacreland,,price_per_space,
Sales_tospriceperuseablesfland,,price_per_unit,Sales_priceperunit
Sales_tosvacancyrate,,price_per_usable_acre,Sales_priceperusableacre
Sales_transactiontype,,price_per_usable_land_sf,Sales_priceperusablelandsf
Sales_typeofcontamination,,priceactual,Sales_priceactual
Sales_verificationdate,,primary_frontage_lf,Sites_primaryfrontagelf
Sales_verificationphone,,primary_frontage_st,Sites_primaryfrontagest
Sales_verificationsource,,product_segment,Improvement_productsegment
Sites_access,,productivity_index,Sites_productivityindex
Sites_acres,,project_amenities,Unit Lease Summary_projectamenities
Sites_allowablefloorareasf,,project_id,
Sites_allowableunits,,project_name,
Sites_allutilities,,project_property_id,
Sites_areainfloodzone,,project_style,Unit Lease Summary_projectstyle
Sites_buildablesf,,property_assessment_id,
Sites_corner,,property_id,
Sites_demographicssurveydate,,property_included,Sales_propertyincluded
Sites_depth,,property_rights,Sales_propertyrights
Sites_dimensions,,property_type,Parcel_propertytype
Sites_drainage,,property_type_id,Parcel_propertysubtype
Sites_earthquakehazardrisk,,property_zoning_id,
Sites_earthquakezonecomments,,propertymajortype,Parcel_propertymajortype
Sites_easementacres,,propertysubtype,
Sites_easementlandsf,,proposed_sf,
Sites_effectivewaterfrontage,,proposed_units,Sites_proposedunits
Sites_encumbranceoreasement,,proposed_use,Sales_proposeduse
Sites_environmentalissues,,quality_id,Improvement_Subrecords_qualityid
Sites_excessacres,,ra_total,
Sites_excesslandsf,,rail_service,
Sites_femamapdate,,ready_for_use,Parcel_readyforuse
Sites_floodmappanel,,rear_yard_distance,Zoning_rearyarddistance
Sites_floodzone,,recording_date,Sales_recordingdate
Sites_homesiteacres,,renovations_description,
Sites_landhectares,,rent_basis,
Sites_landsf,,rent_comp_id,
Sites_landsquaremeters,,rent_escalations,
Sites_landunitapprovedorzoned,,rent_increase_percent,Unit Lease_rentincreasepercent
Sites_landunits,,rent_last_increased,
Sites_landunittype,,rent_per_mo,
Sites_landuse,,rent_per_sf_per_mo,
Sites_medianhomevalue,,rent_per_sf_per_mo_max,
Sites_medianhouseholdincome,,rent_per_sf_per_mo_min,
Sites_NumberOfParcels,,rent_per_sq_meter,
Sites_otheracres,,rent_per_sq_meter_per_mo,
Sites_percenttillable,,rent_roll_summary_commleasenotes,
Sites_percentwetlands,,rentable_area,
Sites_primaryfrontagelf,,rentincreased,
Sites_primaryfrontagest,,rentperm2,
Sites_productivityindex,,rentperm2permo,Unit Lease_rentpersfpermo
Sites_proposedsf,,responsible_party,Sales_responsibleparty
Sites_proposedunits,,retail_gba,
Sites_roadfrontage,,retail_gla,
Sites_secondaryfrontagelf,,rev_par,Improvement_revpar
Sites_secondaryfrontagest,,risk_profile,Sales_riskprofile
Sites_shape,,road_frontage,Sites_roadfrontage
Sites_sitecomments,,roof_cover_id,Improvement_Subrecords_roofcoverid
Sites_soiltype,,roof_type_id,Improvement_Subrecords_rooftypeid
Sites_Subparcels_acres,,rooms,Unit Lease_rooms
Sites_Subparcels_id,,sale_comments,
Sites_Subparcels_identification,,sale_comp_id,
Sites_Subparcels_landsf,,sale_date,Sales_saledate
Sites_Subparcels_parcelid,,sale_notes,Sales_salenotes
Sites_Subparcels_subparcelcomments,,sale_price,
Sites_SurplusAcres,,sale_supporting_files,Sales_salesupportingfiles
Sites_SurplusLandSF,,school_district_id,Parcel_schooldistrict
Sites_tertiaryfrontagelf,,schooldistrict,
Sites_tertiaryfrontagest,,secondary_frontage_lf,Sites_secondaryfrontagelf
Sites_tillableacres,,secondary_frontage_st,Sites_secondaryfrontagest
Sites_topography,,secondary_traffic_count,
Sites_UnusableAcres,,session_end,
Sites_UnusableLandSF,,session_start,
Sites_usableacres,,setback_distance,Zoning_setbackdistance
Sites_usablelandsf,,sf_leased,
Sites_utilities,,sf_size_max,
Sites_views,,sf_size_min,
Sites_visibility,,shadow_anchors,
Sites_wasteacres,,shalcommunityfee,Unit Lease Summary_shalcommunityfee
Sites_waterfrontage,,shalentryfee,Unit Lease Summary_shalentryfee
Sites_wetlandacres,,shaloccupancypercentage,Unit Lease Summary_shaloccupancypercentage
Sites_wetlandstype,,shalsecondpersonfeemonthly,Unit Lease Summary_shalsecondpersonfeemonthly
Sites_withinfloodplainname,,shalunitcount,Unit Lease Summary_shalunitcount
Sites_woodlandacres,,shape,Sites_shape
Unit Lease Summary_avgmfunitsize,,shcaretypecomments,
Unit Lease Summary_ID,,shilcommunityfee,Unit Lease Summary_shilcommunityfee
Unit Lease Summary_instancetype,,shilentryfee,Unit Lease Summary_shilentryfee
Unit Lease Summary_managementcompany,,shilunitcount,Unit Lease Summary_shilunitcount
Unit Lease Summary_mfamenities,,shmccommunityfee,Unit Lease Summary_shmccommunityfee
Unit Lease Summary_mfbrmax,,shmcentryfee,Unit Lease Summary_shmcentryfee
Unit Lease Summary_mfbrmin,,shmcoccupancypercentage,Unit Lease Summary_shmcoccupancypercentage
Unit Lease Summary_mfcarportfeemonthly,,shmcsecondpersonfeemonthly,Unit Lease Summary_shmcsecondpersonfeemonthly
Unit Lease Summary_mfgaragefeemonthly,,shmcunitcount,Unit Lease Summary_shmcunitcount
Unit Lease Summary_mfleasecomments,,shothercommunityfee,Unit Lease Summary_shothercommunityfee
Unit Lease Summary_mfleasenotes,,shotherentryfee,Unit Lease Summary_shotherentryfee
Unit Lease Summary_mfleasesurveydate,,shotheroccupancypercentage,Unit Lease Summary_shotheroccupancypercentage
Unit Lease Summary_mfoccupancy,,shothersecondpersonfeemonthly,Unit Lease Summary_shothersecondpersonfeemonthly
Unit Lease Summary_mfrentconcessions,,shotherunitcount,Unit Lease Summary_shotherunitcount
Unit Lease Summary_mfrentpermomax,,shpayormedicaidpercentage,Unit Lease Summary_shpayormedicaidpercentage
Unit Lease Summary_mfrentpermomin,,shpayormedicarepercentage,Unit Lease Summary_SHPayorMedicarePercentage
Unit Lease Summary_mfrentpersfmax,,shpayorotherpercentage,Unit Lease Summary_shpayorotherpercentage
Unit Lease Summary_mfrentpersfmin,,shpayorprivatepaypercentage,Unit Lease Summary_shpayorprivatepaypercentage
Unit Lease Summary_mfrentpersfpermomax,,shpayorvapercentage,Unit Lease Summary_shpayorvapercentage
Unit Lease Summary_mfrentpersfpermomin,,shsncommunityfee,Unit Lease Summary_shsncommunityfee
Unit Lease Summary_mfrenttype,,shsnentryfee,Unit Lease Summary_shsnentryfee
Unit Lease Summary_mfsizesfmax,,shsnoccupancypercentage,Unit Lease Summary_shsnoccupancypercentage
Unit Lease Summary_mfsizesfmin,,shsnsecondpersonfeemonthly,Unit Lease Summary_shsnsecondpersonfeemonthly
Unit Lease Summary_MFSourceNotes,,shsnunitcount,Unit Lease Summary_shsnunitcount
Unit Lease Summary_mfsurveyedunitcounttotal,,side_yard_distance,Zoning_sideyarddistance
Unit Lease Summary_mftotalannualrent,,site_acres,Sites_wasteacres
Unit Lease Summary_mftotalrentpermonth,,site_area_id,
Unit Lease Summary_mfvacantunitscount,,site_comments,
Unit Lease Summary_mfweightedavgrentpersfpermo,,site_dimensions,
Unit Lease Summary_mfweightedavgrentpersfperyear,,site_drainage,
Unit Lease Summary_mfweightedavgrentperunit,,site_id,
Unit Lease Summary_projectamenities,,site_landscaping,Improvement_Subrecords_landscaping
Unit Lease Summary_projectstyle,,site_topography,Sites_topography
Unit Lease Summary_shalcommunityfee,,site_utilities,
Unit Lease Summary_shalentryfee,,site_views,
Unit Lease Summary_shaloccupancypercentage,,site_visibility,Sites_visibility
Unit Lease Summary_shalsecondpersonfeemonthly,,size_sq_meters,
Unit Lease Summary_shalunitcount,,sizem2,Unit Lease_sizem2
Unit Lease Summary_shcaretypecomments,,soil_type,Sites_soiltype
Unit Lease Summary_shilcommunityfee,,source_system,
Unit Lease Summary_shilentryfee,,south_boundary,Parcel_southboundary
Unit Lease Summary_shiloccupancypercentage,,space_finish,
Unit Lease Summary_shilsecondpersonfeemonthly,,special_assessments,Assessment_specialassessments
Unit Lease Summary_shilunitcount,,sprinkler_type,Improvement_Subrecords_sprinklers
Unit Lease Summary_shmccommunityfee,,sprinklers_id,Improvement_Subrecords_sprinklersid
Unit Lease Summary_shmcentryfee,,square_feet,
Unit Lease Summary_shmcoccupancypercentage,,state,Parcel_state
Unit Lease Summary_shmcsecondpersonfeemonthly,,status,
Unit Lease Summary_shmcunitcount,,storage_fee,Unit Lease Summary_storagefee
Unit Lease Summary_shothercommunityfee,,student_teacher_ratio,Parcel_studentteacherratio
Unit Lease Summary_shotherentryfee,,sub_type,
Unit Lease Summary_shotheroccupancypercentage,,submarket,Parcel_submarket
Unit Lease Summary_shothersecondpersonfeemonthly,,suite,
Unit Lease Summary_shotherunitcount,,suite_number,
Unit Lease Summary_shpayormedicaidpercentage,,supporting_files,Parcel_supportingfiles
Unit Lease Summary_SHPayorMedicarePercentage,,tax_id,Assessment_taxid
Unit Lease Summary_shpayorotherpercentage,,tax_rate,Assessment_taxrate
Unit Lease Summary_shpayorprivatepaypercentage,,taxing_authority,Assessment_taxingauthority
Unit Lease Summary_shpayorvapercentage,,tenant,
Unit Lease Summary_shsncommunityfee,,tenant_cam,incExp_cam
Unit Lease Summary_shsnentryfee,,tenant_name,
Unit Lease Summary_shsnoccupancypercentage,,tenant_parking,
Unit Lease Summary_shsnsecondpersonfeemonthly,,tenant_profile,Unit Lease_tenantprofile
Unit Lease Summary_shsnunitcount,,terminal_cap_rate,Sales_terminalcaprate
Unit Lease Summary_storagefee,,tertiary_frontage_lf,Sites_tertiaryfrontagelf
Unit Lease Summary_totalmarketrent,,tertiary_frontage_st,Sites_tertiaryfrontagest
Unit Lease Summary_UtilitiesPaidByOwner,,tertiary_traffic_count,
Unit Lease Summary_vacancyrate,,tillable_acres,Sites_tillableacres
Unit Lease_affordabilitystatus,,time_log_id,
Unit Lease_annualrentpersf,,timestamp,
Unit Lease_baths,,topography,
Unit Lease_bedrooms,,tos_cap_rate,
Unit Lease_beds,,tos_effective_age,Sales_toseffectiveage
Unit Lease_category,,tos_egim,Sales_tosegim
Unit Lease_communityfeemax,,tos_noi,Sales_tosnoi
Unit Lease_communityfeemin,,tos_number_of_tenants,
Unit Lease_contractrentmax,,tos_occupancy_rate,Sales_tosoccupancyrate
Unit Lease_contractrentmin,,tos_price_per_rsf,Sales_tospriceperrsf
Unit Lease_dailyrateperunit,,tos_price_per_useable_acre_land,Sales_tospriceperuseableacreland
Unit Lease_dailyrateperunitmax,,tos_price_per_useable_sf_land,Sales_tospriceperuseablesfland
Unit Lease_dailyrateperunitmin,,tos_tenancy_type,
Unit Lease_entryfeemax,,tos_vacancy_rate,Sales_tosvacancyrate
Unit Lease_entryfeemin,,tos_weighted_avg_lease_term,
Unit Lease_floor,,tosweightedaverageleaseterm,
Unit Lease_incometarget,,total_assessment,Assessment_totalassessment
Unit Lease_lastrentincrease,,total_market_rent,Unit Lease Summary_totalmarketrent
Unit Lease_leaseexpiration,,total_taxes,
Unit Lease_leasestart,,townshiprange,Parcel_townshiprange
Unit Lease_lhtc,,traffic_count,
Unit Lease_marketrentmax,,traffic_survey_date,
Unit Lease_marketrentmin,,transaction_type,
Unit Lease_marketrentmo,,type_of_contamination,Sales_typeofcontamination
Unit Lease_marketrentsf,,type_or_use_of_space,
Unit Lease_MaxGrossLIHTCRestrictedRent,,unit_category,
Unit Lease_monthlyordailyrent,,unit_count,Unit Lease_unitcount
Unit Lease_occupancytype,,unit_depth_ft,Unit Lease_unitdepth
Unit Lease_rentincreasepercent,,unit_floor,
Unit Lease_rentperm2,,unit_height_ft,Unit Lease_unitheight
Unit Lease_rentpermo,,unit_mix_id,
Unit Lease_rentpersfpermo,,unit_sf,
Unit Lease_rooms,,unit_type,Unit Lease_unittype
Unit Lease_sfsizemax,,unit_width_ft,Unit Lease_unitwidth
Unit Lease_sfsizemin,,unitdepth,
Unit Lease_sizem2,,unitheight,
Unit Lease_tenantprofile,,unitwidth,
Unit Lease_unitcount,,updated_at,
Unit Lease_unitdepth,,updated_by_user_id,
Unit Lease_unitheight,,use_mix_id,
Unit Lease_unitsf,,use_type,
Unit Lease_unittype,,user_id,
Unit Lease_unitwidth,,utilities,
Unit Lease_utilityallowance,,utilities_paid_by_owner,Unit Lease Summary_UtilitiesPaidByOwner
Unit Lease_vacantunits,,utility_allowance,Unit Lease_utilityallowance
Zoning_comments,,vacancy_rate,Unit Lease Summary_vacancyrate
Zoning_district,,vacant_units,Unit Lease_vacantunits
Zoning_jurisdiction,,verification_date,
Zoning_maxbuildheight,,verification_phone,Sales_verificationphone
Zoning_maxsitecoverage,,verification_source,
Zoning_minimumlotarea,,views,Sites_views
Zoning_OrdinanceDocument,,visibility,
Zoning_parkingrequirement,,waste_acres,
Zoning_PermittedUses,,water_frontage,Sites_waterfrontage
Zoning_rearyarddistance,,west_boundary,Parcel_westboundary
Zoning_setbackdistance,,wetland_acres,Sites_wetlandacres
Zoning_sideyarddistance,,wetlands_type,Sites_wetlandstype
Zoning_Subrecords_authority,,within_flood_plain,Sites_withinfloodplainname
Zoning_Subrecords_backyarddistance,,withinfloodplainname,
Zoning_Subrecords_comments,,woodland_acres,Sites_woodlandacres
Zoning_Subrecords_district,,year_built_numeric,Improvement_yearbuiltnumeric
Zoning_Subrecords_frontsetbackdistance,,zip,Parcel_zip
Zoning_Subrecords_id,,zoned_density,Zoning_Subrecords_zoneddensity
Zoning_Subrecords_maxbuildheight,,zoning,Zoning_Subrecords_id
Zoning_Subrecords_maxsitecoverage,,zoning_authority,Zoning_Subrecords_authority
Zoning_Subrecords_minlotarea,,zoning_code,Zoning_zoningcode
Zoning_Subrecords_NA_jurisdiction,,zoning_designation,
Zoning_Subrecords_ordinancedocument,,zoning_district,Zoning_district
Zoning_Subrecords_permitteduses,,zoning_id,
Zoning_Subrecords_sideyarddistance,,zoning_jurisdiction,Zoning_Subrecords_NA_jurisdiction
Zoning_Subrecords_type,,zoning_notes,
Zoning_Subrecords_zoneddensity,,zoning_subrecords_comments,Zoning_comments
Zoning_Subrecords_zoning,,zoning_subrecords_district,Zoning_Subrecords_district
Zoning_Subrecords_Zoningid,,zoning_subrecords_summary,Zoning_summary
Zoning_summary,,zoning_subrecords_type,Zoning_Subrecords_type
Zoning_type,,zoning_summary,
Zoning_zoneddensity,,zoning_type,Zoning_type
Zoning_zoningcode,,,
,,,_constructionclassid
,,,_sourceforsfareaid
,,,Assessment_assessmentcomments
,,,Assessment_assessorwebsite
,,,Assessment_historicalassessedvalue1
,,,Assessment_historicalassessedvalue2
,,,Assessment_historicalassessedvalue3
,,,Assessment_historicalassessedvalue4
,,,Assessment_historicalimprovvalue1
,,,Assessment_historicalimprovvalue2
,,,Assessment_historicalimprovvalue3
,,,Assessment_historicalimprovvalue4
,,,Assessment_historicallandvalue1
,,,Assessment_historicallandvalue2
,,,Assessment_historicallandvalue3
,,,Assessment_historicallandvalue4
,,,Assessment_historicaltaxes1
,,,Assessment_historicaltaxes2
,,,Assessment_historicaltaxes3
,,,Assessment_historicaltaxes4
,,,Assessment_historicalyear1
,,,Assessment_historicalyear2
,,,Assessment_historicalyear3
,,,Assessment_historicalyear4
,,,Assessment_improvementassessment
,,,Assessment_marketvalue
,,,Assessment_Subparcels OLD_impliedvalue
,,,Assessment_Subparcels_
,,,Assessment_Subparcels_assessinfoid
,,,Assessment_Subparcels_assessmentyear
,,,Assessment_Subparcels_basetaxes
,,,Assessment_Subparcels_equalizationratio
,,,Assessment_Subparcels_id
,,,Assessment_Subparcels_impliedvalue
,,,Assessment_Subparcels_improvementassessment
,,,Assessment_Subparcels_isdeleted
,,,Assessment_Subparcels_landassessment
,,,Assessment_Subparcels_marketvalue
,,,Assessment_Subparcels_otherassessment
,,,Assessment_Subparcels_specialassessments
,,,Assessment_Subparcels_taxes
,,,Assessment_Subparcels_taxid
,,,Assessment_Subparcels_taxingauthority
,,,Assessment_Subparcels_taxrate
,,,Assessment_Subparcels_taxratecode
,,,Assessment_Subparcels_taxrateper
,,,Assessment_Subparcels_taxyear
,,,Assessment_Subparcels_totalassessment
,,,Assessment_taxes
,,,Assessment_taxesperacre
,,,Assessment_taxespergbam2
,,,Assessment_taxesperhectares
,,,Assessment_taxesperlandm2
,,,Assessment_taxesperlandsf
,,,Assessment_taxesperlandunit
,,,Assessment_taxesperra
,,,Assessment_taxesperram2
,,,Assessment_taxespersfgba
,,,Assessment_taxesperunit
,,,Assessment_taxratecode
,,,Assessment_taxrateper
,,,Assessment_taxyear
,,,Improvement_ffande
,,,Improvement_gbamultifamily
,,,Improvement_gbamultifamilymeters
,,,Improvement_gbaother
,,,Improvement_gbaothermeters
,,,Improvement_gbatotal
,,,Improvement_gbatotalmeters
,,,Improvement_improvmentcomments
,,,Improvement_noofmultifamilyunits
,,,Improvement_noofotherunits
,,,Improvement_parkingratiogba
,,,Improvement_parkingratiora
,,,Improvement_ramultifamily
,,,Improvement_ramultifamilymeters
,,,Improvement_raother
,,,Improvement_raothermeters
,,,Improvement_ratotal
,,,Improvement_Subrecords_basementsize
,,,Improvement_Subrecords_basementuseandfinish
,,,Improvement_Subrecords_ceilingheight
,,,Improvement_Subrecords_columnspacing
,,,Improvement_Subrecords_constructionclass
,,,Improvement_Subrecords_designappeal
,,,Improvement_Subrecords_docks
,,,Improvement_Subrecords_effectiveage
,,,Improvement_Subrecords_exteriorwall
,,,Improvement_Subrecords_ffande
,,,Improvement_Subrecords_fireplaceorwoodstove
,,,Improvement_Subrecords_garage
,,,Improvement_Subrecords_gbamultifamilymeters
,,,Improvement_Subrecords_gbaothermeters
,,,Improvement_Subrecords_gbatotalmeters
,,,Improvement_Subrecords_multifamilyamenities
,,,Improvement_Subrecords_multifamilygba
,,,Improvement_Subrecords_NA_parcelId
,,,Improvement_Subrecords_NA_ramultifamily
,,,Improvement_Subrecords_noofbedrooms
,,,Improvement_Subrecords_noofbeds
,,,Improvement_Subrecords_noofelevators
,,,Improvement_Subrecords_noofescalators
,,,Improvement_Subrecords_noofgolfholes
,,,Improvement_Subrecords_noofhalfbaths
,,,Improvement_Subrecords_noofindustrialunits
,,,Improvement_Subrecords_noofofficeunits
,,,Improvement_Subrecords_noofotherunits
,,,Improvement_Subrecords_noofretailunits
,,,Improvement_Subrecords_noofrooms
,,,Improvement_Subrecords_noofseats
,,,Improvement_Subrecords_noofstories
,,,Improvement_Subrecords_othergba
,,,Improvement_Subrecords_otherra
,,,Improvement_Subrecords_perimetersf
,,,Improvement_Subrecords_porchordeck
,,,Improvement_Subrecords_quality
,,,Improvement_Subrecords_ramultifamilymeters
,,,Improvement_Subrecords_raothermeters
,,,Improvement_Subrecords_ratotalmeters
,,,Improvement_Subrecords_remainingeconomiclife
,,,Improvement_Subrecords_renovations
,,,Improvement_Subrecords_residentialamenities
,,,Improvement_Subrecords_residentialdesign
,,,Improvement_Subrecords_roofcover
,,,Improvement_Subrecords_rooftype
,,,Improvement_Subrecords_sourceforsfarea
,,,Improvement_totaleconomiclife
,,,Improvement_yearbuilt
,,,incExp_advertisingandmarketing
,,,incExp_annualrent
,,,incExp_baserentabatement
,,,incExp_buildingrepairs
,,,incExp_cleaning
,,,incExp_comments
,,,incExp_deductreserves
,,,incExp_egi
,,,incExp_egipersf
,,,incExp_egiperunit
,,,incExp_electricexpense
,,,incExp_ExpensePerSF
,,,incExp_ExpensePerUnit
,,,incExp_expenseratio
,,,incExp_expleasingcommissions
,,,incExp_exptenantimprovements
,,,incExp_financialstype
,,,incExp_fuelexpense
,,,incExp_gasexpense
,,,incExp_generalandadministrative
,,,incExp_generalandadministrative2
,,,incExp_GroundRentExp
,,,incExp_groundsandsecurity
,,,incExp_insurance
,,,incExp_maintenancesalaries
,,,incExp_management
,,,incExp_managerleasingsalaries
,,,incExp_name
,,,incExp_netparkingincome
,,,incExp_noi
,,,incExp_noiperbed
,,,incExp_noipergbam2
,,,incExp_noiperrasf
,,,incExp_noipersf
,,,incExp_noiperunit
,,,incExp_noiperusablesf
,,,incExp_nonrevenueunits
,,,incExp_occupancy
,,,incExp_onsitemanagementexp
,,,incExp_otherexpenses
,,,incExp_otherincome
,,,incExp_otherrepairs
,,,incExp_othersalaries
,,,incExp_paintinganddecorating
,,,incExp_payrolltaxes
,,,incExp_payrolltotal
,,,incExp_percentagerent
,,,incExp_pgi
,,,incExp_pgipersf
,,,incExp_pgiperunit
,,,incExp_professionalservicesexp
,,,incExp_repairsandmaintenance
,,,incExp_reserves
,,,incExp_sewerexpense
,,,incExp_surveydate
,,,incExp_taxexpense
,,,incExp_totalexpenses
,,,incExp_totalutilities
,,,incExp_trashexpense
,,,incExp_vacancy
,,,incExp_vacancycost
,,,incExp_vacancycostpersf
,,,incExp_vacancycostperunit
,,,incExp_waterexpense
,,,Parcel_parcelcomments
,,,Parcel_parcelverificationdata
,,,Sales_conditionsofsale
,,,Sales_improvementvalue
,,,Sales_improvementvaluepersf
,,,Sales_landvaluepersf
,,,Sales_nim
,,,Sales_pricepergbameters
,,,Sales_priceperlandsf
,,,Sales_priceperrameters
,,,Sales_pricepersf
,,,Sites_buildablesf
,,,Sites_easementacres
,,,Sites_easementlandsf
,,,Sites_excessacres
,,,Sites_excesslandsf
,,,Sites_landsf
,,,Sites_proposedsf
,,,Sites_Subparcels_acres
,,,Sites_Subparcels_id
,,,Sites_Subparcels_identification
,,,Sites_Subparcels_landsf
,,,Sites_Subparcels_parcelid
,,,Sites_Subparcels_subparcelcomments
,,,Sites_SurplusAcres
,,,Sites_UnusableAcres
,,,Sites_UnusableLandSF
,,,Sites_usablelandsf
,,,Unit Lease Summary_ID
,,,Unit Lease Summary_mfrentpersfmax
,,,Unit Lease Summary_mfrentpersfmin
,,,Unit Lease Summary_mfsizesfmax
,,,Unit Lease Summary_mfsizesfmin
,,,Unit Lease Summary_shiloccupancypercentage
,,,Unit Lease Summary_shilsecondpersonfeemonthly
,,,Unit Lease_annualrentpersf
,,,Unit Lease_sfsizemax
,,,Unit Lease_sfsizemin
,,,Unit Lease_unitsf
,,,Zoning_Subrecords_comments
,,,Zoning_Subrecords_maxbuildheight
,,,Zoning_Subrecords_maxsitecoverage
,,,Zoning_Subrecords_ordinancedocument
,,,Zoning_Subrecords_permitteduses
,,,Zoning_Subrecords_sideyarddistance
,,,Zoning_Subrecords_zoning
,,,Zoning_Subrecords_Zoningid
,,,Zoning_zoneddensity
