Initial ERD Field Names,Updated ERD Field Names,LightBox Source Fields,CoStar Source Fields,Consolidated ERD Fields,LightBox Aligned Fields
access,access,_constructionclassid,$Price/Unit,access,Sites_access
acres,activity_description,_sourceforsfareaid,Amenities,acres,Sites_acres
annualrentpersf,appraisal_usage,Assessment_historicallandvalue2,Anchor GLA,anchor_type,Rent Roll_anchortype
area_category,assigned_to_user_id,Assessment_historicaltaxes3,Anchor Tenants,appraisal_file,Parcel_appraisalfile
activestatus,actual_price,Assessment_assessmentcomments,Architect Name,activestatus,Sales_activestatus
activity_description,added_at,Assessment_assessmentyear,Average Weighted Rent,activity_description,
added_at,address,Assessment_assessorwebsite,Avg Rent-Direct (Industrial),actual_price,
address,adjustment_comments,Assessment_basetaxes,Avg Rent-Direct (Office),added_at,
adjustmentcomments,affordability_status,Assessment_equalizationratio,Avg Rent-Direct (Retail),address,Parcel_address
adr,all_utilities_to_site,Assessment_historicalassessedvalue1,Avg Rent-Sublet (Industrial),adjustment_comments,Sales_adjustmentcomments
affordabilitystatus,allowable_floor_area_sf,Assessment_historicalassessedvalue2,Avg Rent-Sublet (Office),adr,Improvement_adr
allowablefloorareasf,allowable_units,Assessment_historicalassessedvalue3,Avg Rent-Sublet (Retail),affordability_status,
allowableunits,anchor_tenants,Assessment_historicalassessedvalue4,Building Class,all_utilities_to_site,Sites_allutilities
allutilities,anchor_type,Assessment_historicalimprovvalue1,Building Operating Expenses,allowable_floor_area_sf,Sites_allowablefloorareasf
amenities,ancillary_buildings,Assessment_historicalimprovvalue2,Building Park,allowable_units,
anchors,annual_rent_per_sf,Assessment_historicalimprovvalue3,Building Status,allutilities,Sites_utilities
anchortype,appraisal_date,Assessment_historicalimprovvalue4,Building Tax Expenses,amenities,Improvement_amenities
ancillarybuildings,appraisal_file,Assessment_historicallandvalue1,Cap Rate,anchor_tenants,
baths,basement_use_and_finish,Assessment_Subparcels_assessinfoid,Ceiling Ht,back_yard_distance,Zoning_Subrecords_backyarddistance
appraisaldate,appraised_value,Assessment_historicallandvalue3,City,anchors,Rent Roll Summary_anchors
appraisalfile,area_category,Assessment_historicallandvalue4,Closest Transit Stop,ancillary_buildings,Improvement_ancillarybuildings
appraisalusage,area_in_flood_zone,Assessment_historicaltaxes1,Closest Transit Stop Dist (mi),annual_rent_per_sf,
appraisedvalue,assessment_year,Assessment_historicaltaxes2,Closest Transit Stop Walk Time (min),appraisal_date,Sales_appraisaldate
areainfloodzone,attribution_id,Assessment_historicaltaxes4,Constr Status,appraisal_usage,Parcel_appraisalusage
assigned_to_user_id,audit_log_id,Assessment_historicalyear1,Construction Begin,appraised_value,Sales_appraisedvalue
attribution_id,average_daily_rate,Assessment_historicalyear2,Construction Material,area_category,
audit_log_id,avg_asking_rent_sf,Assessment_historicalyear3,Continent,area_in_flood_zone,Sites_areainfloodzone
authority,avg_cap_rate,Assessment_historicalyear4,Core Factor,assessment_year,
avgmfunitsize,avg_mf_unit_size,Assessment_impliedvalue,Country,assigned_to_user_id,
backyarddistance,back_yard_distance,Assessment_improvementassessment,County Name,attribution_id,
basementsize,base_rent_per_mo,Assessment_landassessment,Cross Street,audit_log_id,
basementuseandfinish,base_rent_per_year,Assessment_marketvalue,Days On Market,authority,
baserentpermo,base_rent_sf,Assessment_otherassessment,Developer Name,average_daily_rate,
baserentperyear,base_rent_sf_mo,Assessment_specialassessments,Direct Available Space,avg_asking_rent_sf,
baserentsf,base_taxes,Assessment_Subparcels OLD_impliedvalue,Direct Services,avg_cap_rate,Sales_caprate
baserentsfmo,basement_size,Assessment_Subparcels_,Direct Vacant Space,avg_mf_unit_size,
bedrooms,book_page_or_ref_doc,Assessment_Subparcels_assessmentyear,Energy Star,base_rent_per_mo,Rent Roll_baserentpermo
beds,boundary_comments,Assessment_Subparcels_basetaxes,Exp Year,base_rent_per_year,Rent Roll_baserentperyear
bookpageorrefdoc,buildable_sf,Assessment_Subparcels_equalizationratio,Features,base_rent_sf,
buildablesf,building_amenities,Assessment_Subparcels_id,Fema Flood Zone,base_rent_sf_mo,
buildingclass,building_class,Assessment_Subparcels_impliedvalue,FEMA Map Date,base_taxes,Assessment_basetaxes
buildingdescription,building_condition,Assessment_Subparcels_improvementassessment,FEMA Map Identifier,basement_size,Improvement_basementsize
businessvalueadjustment,building_description,Assessment_Subparcels_isdeleted,FIRM ID,basement_use_and_finish,Improvement_basementuseandfinish
buyertype,building_features,Assessment_Subparcels_landassessment,FIRM Panel Number,baths,
caprate,building_quality,Assessment_Subparcels_marketvalue,Flood Risk Area,bedrooms,
category,business_value_adjustment,Assessment_Subparcels_otherassessment,Floodplain Area,beds,
cbsa_id,buyer_type,Assessment_Subparcels_specialassessments,For Sale Price,book_page_or_ref_doc,Sales_bookpageorrefdoc
cbsa_name,cap_rate,Assessment_Subparcels_taxes,For Sale Status,boundary_comments,
ceilingheight,care_type_comments,Assessment_Subparcels_taxid,Fund Name,buildable_sf,
censusblock,ceiling_height,Assessment_Subparcels_taxingauthority,Gas,building_amenities,
censustract,clean_up_costs,Assessment_Subparcels_taxrate,Heating,building_class,Improvement_buildingclass
city,clear_height,Assessment_Subparcels_taxratecode,In SFHA,building_condition,
cleanupcosts,client_name,Assessment_Subparcels_taxrateper,Land Area (AC),building_description,Improvement_BuildingDescription
clearheight,column_spacing,Assessment_Subparcels_taxyear,Land Area (SF),building_features,
client_name,comm_lease_comments,Assessment_Subparcels_totalassessment,Last Sale Date,building_quality,
columnspacing,comm_lease_notes,Assessment_taxes,Last Sale Price,business_value_adjustment,Sales_businessvalueadjustment
comments,comm_lease_survey_date,Assessment_taxesperacre,Latitude,buyer_type,Sales_buyertype
commercial_survey_id,comm_lease_terms,Assessment_taxespergbam2,Leasing Company Address,cap_rate,Sales_toscaprate
commleasecomments,comm_lease_type,Assessment_taxesperhectares,Leasing Company City State Zip,care_type_comments,
commleasenotes,comm_rent_concessions,Assessment_taxesperlandm2,Leasing Company Contact,category,
commleasesurveydate,comm_rent_per_sf_max,Assessment_taxesperlandsf,Leasing Company Fax,cbsa_id,Parcel_cbsa_id
commleaseterms,comm_rent_per_sf_min,Assessment_taxesperlandunit,Leasing Company Name,cbsa_name,Parcel_cbsa_name
commleasetype,comm_size_max,Assessment_taxesperra,Leasing Company Phone,ceiling_height,Improvement_ceilingheight
commrentconcessions,comm_size_min,Assessment_taxesperram2,LEED Certified,censusblock,Parcel_censusblock
commrentpersfmax,comm_vacancy_rate,Assessment_taxespersfgba,Longitude,censustract,Parcel_censustract
commrentpersfmin,comm_verification_source,Assessment_taxesperunit,Market Name,city,Parcel_city
commvacancy,conditions_of_sale,Assessment_taxrateper,Market Segment,comm_lease_comments,Rent Roll Summary_commleasecomments
commsizemax,commercial_survey_id,Assessment_taxid,Max Building Contiguous Space,clean_up_costs,Sales_cleanupcosts
commsizemin,community_fee_max,Assessment_taxingauthority,Max Floor Contiguous Space,clear_height,Improvement_Subrecords_clearheight
communityfeemax,community_fee_min,Assessment_taxrate,Month Built,client_name,
communityfeemin,condition_id,Assessment_taxratecode,Month Renovated,column_spacing,Improvement_columnspacing
commverificationsource,conditions_of_sale_adjustment,Assessment_taxyear,Number Of Elevators,comm_lease_notes,Rent Roll Summary_CommLeaseNotes
condition,construction_type,Improvement_adr,Number Of Parking Spaces,comm_lease_terms,Rent Roll Summary_CommLeaseType
conditionid,contract_rent_max,Improvement_amenities,Number Of Stories,comm_lease_type,
conditionsofsale,contract_rent_min,Improvement_ancillarybuildings,Office Space,comm_rent_concessions,Rent Roll Summary_commrentconcessions
conditionsofsaleadjustment,cooling_id,Improvement_basementsize,Operation Type,comm_rent_per_sf_max,
confidential,cooling_type,Improvement_basementuseandfinish,Operational Status,comm_rent_per_sf_min,
construction,corner,Improvement_buildingclass,Ops Expense,comm_size_max,
constructionclass,costs_to_finish,Improvement_BuildingDescription,Ops Expense Per SF,comm_size_min,
contractrentmax,covered_parking_spaces,Improvement_ceilingheight,Owner Address,comm_vacancy_rate,
contractrentmin,created_at,Improvement_columnspacing,Owner City State Zip,comm_verification_source,Rent Roll_verificationsource
cooling,created_by_user_id,Improvement_condition,Owner Contact,commercial_survey_id,
coolingid,current_list_price,Improvement_construction,Owner Name,community_fee_max,
corner,current_lp_percent_diff,Improvement_constructionclass,Owner Phone,community_fee_min,
coststofinish,current_rent_per_mo,Improvement_cooling,Parcel Number 1(Min),commvacancy,Rent Roll Summary_commvacancy
country,current_use,Improvement_coveredparkingspaces,Parcel Number 2(Max),concessions,Rent Roll_concessions
county,custom_fields,Improvement_deferredmaintance,Parent Company,condition_id,Improvement_Subrecords_conditionid
coveredparkingspaces,daily_rate_per_unit,Improvement_designappeal,Parking Ratio,conditions_of_sale,Improvement_condition
craneways,daily_rate_per_unit_max,Improvement_effectiveage,Parking Spaces/Unit,conditions_of_sale_adjustment,Sales_conditionsofsaleadjustment
created_at,daily_rate_per_unit_min,Improvement_exteriorwall,Percent Leased,confidential,Rent Roll Summary_confidential
createdby,days_on_market,Improvement_ffande,Pre-Leasing,construction_type,Improvement_construction
currentlistprice,deferred_maintenance,Improvement_fireplaceorwoodstove,Primary Agent Name,contract_rent_max,
currentlppercentdiff,demographics_survey_date,Improvement_foundation,Primary Corridors,contract_rent_min,
currentrentpermo,depth,Improvement_garage,Property Address,cooling_id,Improvement_Subrecords_coolingid
currentuse,design_appeal,Improvement_garageparkingspaces,Property Location,cooling_type,Improvement_cooling
dailyrateperunit,diminution_source,Improvement_gbaother,Property Manager Address,corner,Sites_corner
dailyrateperunitmax,discount_rate,Improvement_gbaothermeters,Property Manager City State Zip,costs_to_finish,Rent Roll_coststofinish
dailyrateperunitmin,district_name,Improvement_gbaretail,Property Manager Contact,country,Parcel_country
datasource,district_url,Improvement_gbaretailMeters,Property Manager Name,county,Parcel_county
daysonmarket,duration_seconds,Improvement_gbatotal,Property Manager Phone,covered_parking_spaces,Improvement_coveredparkingspaces
deferredmaintance,earthquake_hazard_risk,Improvement_gbatotalmeters,Property Name,craneways,
demographicssurveydate,earthquake_zone_comments,Improvement_heating,PropertyID,created_at,
depth,east_boundary,Improvement_hotelflag,PropertyType,created_by_user_id,
designappeal,eff_rent_per_mo,Improvement_improvmentcomments,Proposed Land Use,createdby,Parcel_createdby
diminutionsource,effective_age,Improvement_landtobuildingratio,RBA,current_lp_percent_diff,Sales_currentlppercentdiff
discountrate,effective_gross_income_multiplier,Improvement_lhoccupancy,Recorded Owner Address,current_rent_per_mo,Rent Roll_CurrentRentPerMo
district,effective_rent_sf,Improvement_noofbuildings,Recorded Owner City State Zip,current_use,Sales_currentuse
districtspending,effective_rent_sf_mo,Improvement_noofelevators,Recorded Owner Contact,custom_fields,
districturl,effective_water_frontage,Improvement_noofescalators,Recorded Owner Name,daily_rate_per_unit,
docks,encumbrance_or_easement,Improvement_noofgolfholes,Recorded Owner Phone,daily_rate_per_unit_max,
drainage,enrollment,Improvement_noofotherunits,Rent Type,daily_rate_per_unit_min,
duration_seconds,entry_fee_max,Improvement_noofretailunits,Rent/SF/Yr,data_source,Rent Roll_datasource
earthquakehazardrisk,entry_fee_min,Improvement_noofseats,Sale Company Address,days_on_market,Sales_daysonmarket
earthquakezonecomments,environmental_concerns,Improvement_noofstories,Sale Company City State Zip,deferred_maintenance,Improvement_deferredmaintance
eastboundary,environmental_issues,Improvement_noofunits,Sale Company Contact,demographics_survey_date,Sites_demographicssurveydate
effectiveage,environmental_remarks,Improvement_parking,Sale Company Fax,depth,Sites_depth
effectiverentsf,environmental_status,Improvement_parkingadequacy,Sale Company Name,design_appeal,Improvement_designappeal
effectiverentsfmo,equalization_ratio,Improvement_parkingcomments,Sale Company Phone,dimensions,Sites_dimensions
effectivewaterfrontage,excess_land_adjustment,Improvement_parkingcondition,Sales Company,diminution_source,Sales_diminutionsource
effrentpermo,expenditures_after_sale_adjustment,Improvement_parkingratiogba,Sales Contact,discount_rate,Sales_discountrate
effrentperyear,expense_growth_rate,Improvement_parkingratiora,Sales Contact Phone,district_name,
concessions,construction_class,Assessment_totalassessment,Scale,comm_lease_survey_date,Rent Roll Summary_commleasesurveydate
egim,expense_reimbursements,Improvement_parkingratiora,Secondary Type,district_url,
encumbranceoreasement,expense_stop,Improvement_parkingratiounit,Services,districtspending,
enrollment,exterior_wall,Improvement_parkingtype,Sewer,drainage,Sites_drainage
entryfeemax,exterior_wall_id,Improvement_percentoffice,Smallest Available Space,duration_seconds,
entryfeemin,fema_map_date,Improvement_percentretail,Sprinklers,earthquake_hazard_risk,Sites_earthquakehazardrisk
environmentalconcerns,ff_and_e,Improvement_perimeter,Star Rating,earthquake_zone_comments,Sites_earthquakezonecomments
environmentalissues,ff_and_e_adjustment,Improvement_productsegment,State,east_boundary,Parcel_eastboundary
environmentalremarks,field_changed,Improvement_proportionrenovated,Style,eff_rent_per_mo,Rent Roll_effrentpermo
environmentalstatus,field_name,Improvement_quality,Subcontinent,eff_rent_per_year,Rent Roll_effrentperyear
escalations,field_value,Improvement_raother,Sublet Available Space,effective_age,Improvement_effectiveage
excesslandadjustment,financing_terms_adjustment,Improvement_raothermeters,Sublet Services,effective_gross_income_multiplier,
expendituresaftersaleadjustment,financing_type,Improvement_raretailgla,Sublet Vacant Space,effective_rent_sf,
expensegrowthrate,finish_condition,Improvement_raretailmeters,Submarket Cluster,effective_rent_sf_mo,Rent Roll_effectiverentsfmo
expensereimbursements,fireplace_or_woodstove,Improvement_ratotal,Submarket Name,effective_water_frontage,Sites_effectivewaterfrontage
expensestop,flood_map_panel,Improvement_ratotalmeters,Tax Year,egim,Sales_egim
exteriorwall,flood_zone,Improvement_remainingeconomiclife,Taxes Per SF,encumbrance_or_easement,Sites_encumbranceoreasement
exteriorwallid,floor_area_ratio,Improvement_renovations,Taxes Total,enrollment,
far,floor_level,Improvement_roofcover,Tenancy,entry_fee_max,
features,foundation_id,Improvement_rooftype,Total Available Space (SF),entry_fee_min,
femamapdate,foundation_type,Improvement_sourceforsfarea,Total Buildings,environmental_concerns,Sales_environmentalconcerns
ffande,free_rent_months,Improvement_sprinklers,Total New Space (SF),environmental_issues,Sites_environmentalissues
ffandeadjustment,front_set_back_distance,Improvement_Subrecords_basementsize,Total Relet Space (SF),environmental_remarks,Sales_environmentalremarks
field_changed,garage_parking_spaces,Improvement_Subrecords_basementuseandfinish,Total Sublet Space (SF),environmental_status,Sales_environmentalstatus
field_name,garage_type,Improvement_Subrecords_ceilingheight,Total Vacant Avail Relet Space (SF),equalization_ratio,Assessment_equalizationratio
field_value,gba_total,Improvement_Subrecords_clearheight,Total Vacant Avail Sublet Space (SF),escalations,Rent Roll Summary_escalations
financing,gba_total_meters,Improvement_Subrecords_columnspacing,Total Vacant Available,excess_land_adjustment,Sales_excesslandadjustment
financingtermsadjustment,geo_code,Improvement_Subrecords_condition,True Owner Address,expenditures_after_sale_adjustment,Sales_expendituresaftersaleadjustment
finish,geo_name,Improvement_Subrecords_conditionid,True Owner City State Zip,expense_growth_rate,Sales_expensegrowthrate
finishcondition,geo_type,Improvement_Subrecords_construction,True Owner Contact,expense_reimbursements,Rent Roll_expensereimbursements
fireplaceorwoodstove,geography_id,Improvement_Subrecords_constructionclass,True Owner Name,expense_stop,Rent Roll_expensestop
floodmappanel,grantee_buyer,Improvement_Subrecords_cooling,True Owner Phone,exterior_wall,Improvement_exteriorwall
floodzone,grantor_seller,Improvement_Subrecords_coolingid,Typical Floor Size,exterior_wall_id,Improvement_Subrecords_exteriorwallid
floor,gross_building_area,Improvement_Subrecords_deferredmaintance,University,far,Parcel_far
floorlevel,heating_id,Improvement_Subrecords_designappeal,Vacancy %,features,Improvement_features
foundation,heating_type,Improvement_Subrecords_docks,Water,fema_map_date,Sites_femamapdate
foundationid,highest_and_best_use,Improvement_Subrecords_effectiveage,Year Built,ff_and_e,
freerentmonths,holding_period_years,Improvement_Subrecords_exteriorwall,Year Renovated,ff_and_e_adjustment,Sales_ffandeadjustment
frontsetbackdistance,home_site_acres,Improvement_Subrecords_exteriorwallid,Zip,field_changed,
garage,hotel_flag,Improvement_Subrecords_ffande,Zoning,field_name,
created_by_user_id,data_source,Improvement_features,,construction_class,Improvement_constructionclass
dimensions,eff_rent_per_year,Improvement_landscaping,,current_list_price,Sales_currentlistprice
garageparkingspaces,hotel_room_rev_multiplier,Improvement_Subrecords_fireplaceorwoodstove,,field_value,
gba,id,Improvement_Subrecords_foundation,,financing,Sales_financing
gbatotal,implied_value,Improvement_Subrecords_foundationid,,financing_terms_adjustment,Sales_financingtermsadjustment
gbatotalmeters,improvement_assessment,Improvement_Subrecords_garage,,financing_type,
grantee,improvement_comments,Improvement_Subrecords_gbaothermeters,,finish,Rent Roll_finish
grantor,improvement_id,Improvement_Subrecords_gbaretailmeters,,finish_condition,Sales_finishcondition
gross_building_area,improvement_value,Improvement_Subrecords_gbatotalmeters,,fireplace_or_woodstove,Improvement_fireplaceorwoodstove
heating,improvement_value_per_sf,Improvement_Subrecords_heating,,flood_map_panel,Sites_floodmappanel
heatingid,income_growth,Improvement_Subrecords_heatingid,,flood_zone,Sites_floodzone
highestandbestuse,income_growth_rate,Improvement_Subrecords_id,,floor,
holdingperiodyears,income_target_percent,Improvement_Subrecords_landscaping,,floor_area_ratio,
homesiteacres,industrial_gba,Improvement_Subrecords_NA_parcelId,,floor_level,Rent Roll_floorlevel
hotelflag,industrial_ra,Improvement_Subrecords_noofelevators,,foundation_id,Improvement_Subrecords_foundationid
hotelroomrevmultiplier,ingestion_timestamp,Improvement_Subrecords_noofescalators,,foundation_type,Improvement_foundation
id,instance_type,Improvement_Subrecords_noofgolfholes,,free_rent_months,Rent Roll_freerentmonths
improvement_id,internal_comments,Improvement_Subrecords_noofhalfbaths,,front_set_back_distance,Zoning_Subrecords_frontsetbackdistance
improvement_subrecords_ancillarybuildings,is_active,Improvement_Subrecords_noofretailunits,,garage_parking_spaces,Improvement_garageparkingspaces
improvement_subrecords_basementsize,is_confidential,Improvement_Subrecords_noofseats,,garage_type,
improvement_subrecords_basementuseandfinish,is_deleted,Improvement_Subrecords_noofstories,,gba,
improvement_subrecords_buildingclass,is_excel_entry,Improvement_Subrecords_nooftruckdoors,,gba_total,
improvement_subrecords_buildingdescription,is_ground_lease,Improvement_Subrecords_nooftruckdoorswithlevelers,,gba_total_meters,
improvement_subrecords_ceilingheight,is_lihtc,Improvement_Subrecords_othergba,,geo_code,
improvement_subrecords_clearheight,land_assessment,Improvement_Subrecords_otherra,,geo_name,
improvement_subrecords_columnspacing,land_hectares,Improvement_Subrecords_percentretail,,geo_type,
improvement_subrecords_condition,land_sf,Improvement_Subrecords_perimetersf,,geography_id,
improvement_subrecords_construction,land_square_meters,Improvement_Subrecords_porchordeck,,grantee,Sales_grantee
improvement_subrecords_constructionclass,land_to_building_ratio,Improvement_Subrecords_quality,,grantee_buyer,
improvement_subrecords_cooling,land_unit_approved_or_zoned,Improvement_Subrecords_qualityid,,grantor,Sales_grantor
improvement_subrecords_coveredparkingspaces,land_unit_type,Improvement_Subrecords_raothermeters,,grantor_seller,
improvement_subrecords_deferredmaintance,land_units,Improvement_Subrecords_ratotalmeters,,gross_building_area,
improvement_subrecords_designappeal,land_use,Improvement_Subrecords_remainingeconomiclife,,heating_id,Improvement_Subrecords_heatingid
improvement_subrecords_docks,land_value,Improvement_Subrecords_renovations,,heating_type,Improvement_heating
improvement_subrecords_effectiveage,land_value_per_sf,Improvement_Subrecords_rentablearea,,highest_and_best_use,Sales_highestandbestuse
improvement_subrecords_exteriorwall,last_rent_increase,Improvement_Subrecords_residentialamenities,,holding_period_years,Sales_holdingperiodyears
improvement_subrecords_ffande,lat,Improvement_Subrecords_residentialdesign,,home_site_acres,Sites_homesiteacres
improvement_subrecords_fireplaceorwoodstove,lat_centroid,Improvement_Subrecords_retailgba,,hotel_flag,Improvement_hotelflag
improvement_subrecords_foundation,lease_commencement_date,Improvement_Subrecords_retailgla,,hotel_room_rev_multiplier,Sales_hotelroomrevmultiplier
improvement_subrecords_garage,lease_comp_id,Improvement_Subrecords_roofcover,,id,Improvement_Subrecords_id
improvement_subrecords_garageparkingspaces,lease_concessions,Improvement_Subrecords_roofcoverid,,implied_value,Assessment_impliedvalue
improvement_subrecords_gbatotalmeters,lease_conditions,Improvement_Subrecords_rooftype,,improvement_assessment,Assessment_assessmentyear
improvement_subrecords_heating,lease_expiration_date,Improvement_Subrecords_rooftypeid,,improvement_comments,Rent Roll_comments
improvement_subrecords_landscaping,lease_options,Improvement_Subrecords_sourceforsfarea,,improvement_id,Parcel_id
improvement_subrecords_landtobuildingratio,lease_start_date,Improvement_Subrecords_sprinklers,,improvement_subrecords_condition,Improvement_Subrecords_condition
improvement_subrecords_loadfactor,lease_tenant_improvs,Improvement_Subrecords_sprinklersid,,improvement_subrecords_construction,Improvement_Subrecords_construction
improvement_subrecords_multifamilyamenities,lease_term_months,Improvement_Subrecords_tenantimprovements,,improvement_subrecords_cooling,Improvement_Subrecords_cooling
improvement_subrecords_noofbathrooms,lease_transaction_type,Improvement_Subrecords_totaleconomiclife,,improvement_subrecords_deferredmaintance,Improvement_Subrecords_deferredmaintance
improvement_subrecords_noofbays,lease_type,Improvement_Subrecords_usablearea,,improvement_subrecords_docks,Improvement_Subrecords_docks
improvement_subrecords_noofbedrooms,leaseexpiredate,Improvement_Subrecords_yearbuilt,,improvement_subrecords_foundation,Improvement_Subrecords_foundation
improvement_subrecords_noofbeds,leasestartdate,Improvement_surfaceparkingspaces,,improvement_subrecords_garage,Improvement_garage
improvement_subrecords_noofelevators,legal_description,Improvement_tenantimprovements,,improvement_subrecords_heating,Improvement_Subrecords_heating
improvement_subrecords_noofescalators,lender_name,Improvement_totaleconomiclife,,improvement_subrecords_landscaping,Improvement_landscaping
improvement_subrecords_noofgolfholes,lessor_name,Improvement_yearbuilt,,improvement_subrecords_landtobuildingratio,Improvement_landtobuildingratio
improvement_subrecords_noofhalfbaths,lh_occupancy,Improvement_yearbuiltnumeric,,improvement_subrecords_loadfactor,
improvement_subrecords_noofrooms,lightbox_created_by,incExp_advertisingandmarketing,,improvement_subrecords_multifamilyamenities,
improvement_subrecords_noofseats,lightbox_id,incExp_annualrent,,improvement_subrecords_noofbathrooms,
improvement_subrecords_noofspaces,lightbox_timestamp,incExp_baserentabatement,,improvement_subrecords_noofbays,
improvement_subrecords_noofstories,lng,incExp_buildingrepairs,,improvement_subrecords_noofbedrooms,
improvement_subrecords_nooftruckdoors,lng_centroid,incExp_cam,,improvement_subrecords_noofbeds,
improvement_subrecords_nooftruckdoorswithlevelers,load_factor,incExp_cleaning,,improvement_subrecords_noofelevators,Improvement_noofelevators
improvement_subrecords_noofunits,major_type,incExp_comments,,improvement_subrecords_noofescalators,Improvement_noofescalators
improvement_subrecords_parking,management_company,incExp_deductreserves,,improvement_subrecords_noofgolfholes,Improvement_noofgolfholes
improvement_subrecords_parkingadequacy,market_rent_max,incExp_egi,,improvement_subrecords_noofhalfbaths,Improvement_Subrecords_noofhalfbaths
improvement_subrecords_parkingcomments,market_rent_min,incExp_egipersf,,improvement_subrecords_noofrooms,
improvement_subrecords_parkingcondition,market_rent_per_mo,incExp_egiperunit,,improvement_subrecords_noofseats,Improvement_noofseats
improvement_subrecords_parkingtype,market_rent_per_sf,incExp_electricexpense,,improvement_subrecords_noofspaces,Sites_NumberOfParcels
improvement_subrecords_porchordeck,max_build_height,incExp_ExpensePerSF,,improvement_subrecords_noofstories,Improvement_noofstories
improvement_subrecords_proportionrenovated,max_gross_lihtc_restricted_rent,incExp_ExpensePerUnit,,improvement_subrecords_nooftruckdoors,Improvement_Subrecords_nooftruckdoors
improvement_subrecords_quality,max_site_coverage,incExp_expenseratio,,improvement_subrecords_nooftruckdoorswithlevelers,Improvement_Subrecords_nooftruckdoorswithlevelers
improvement_subrecords_ratotalmeters,median_hh_income,incExp_expensereimbursements,,improvement_subrecords_noofunits,Improvement_noofunits
improvement_subrecords_remainingeconomiclife,median_home_value,incExp_expleasingcommissions,,improvement_subrecords_parking,Improvement_parking
improvement_subrecords_renovations,median_household_income,incExp_exptenantimprovements,,improvement_subrecords_parkingadequacy,Improvement_parkingadequacy
improvement_subrecords_residentialamenities,merge_timestamp,incExp_financialstype,,improvement_subrecords_parkingcomments,Improvement_parkingcomments
improvement_subrecords_residentialdesign,merged_by_user_or_system,incExp_fuelexpense,,improvement_subrecords_parkingcondition,Improvement_parkingcondition
improvement_subrecords_roofcover,mf_br_max,incExp_gasexpense,,improvement_subrecords_parkingtype,Improvement_parkingtype
improvement_subrecords_rooftype,mf_br_min,incExp_generalandadministrative,,improvement_subrecords_porchordeck,Improvement_Subrecords_porchordeck
improvement_subrecords_sourceforsfarea,mf_carport_fee_monthly,incExp_generalandadministrative2,,improvement_subrecords_proportionrenovated,Improvement_proportionrenovated
improvement_subrecords_sprinklers,mf_garage_fee_monthly,incExp_GroundRentExp,,improvement_subrecords_quality,Improvement_quality
improvement_subrecords_surfaceparkingspaces,mf_lease_comments,incExp_groundsandsecurity,,improvement_subrecords_ratotalmeters,Improvement_ratotalmeters
improvement_subrecords_tenantimprovements,mf_lease_notes,incExp_insurance,,improvement_subrecords_remainingeconomiclife,Improvement_remainingeconomiclife
improvement_subrecords_totaleconomiclife,mf_lease_survey_date,incExp_maintenancesalaries,,improvement_subrecords_renovations,Improvement_renovations
improvement_subrecords_typicalbaydepth,mf_occupancy,incExp_management,,improvement_subrecords_residentialamenities,Improvement_Subrecords_residentialamenities
improvement_subrecords_usablearea,mf_rent_concessions,incExp_managerleasingsalaries,,improvement_subrecords_residentialdesign,Improvement_Subrecords_residentialdesign
improvement_subrecords_yearbuilt,mf_rent_per_mo_max,incExp_name,,improvement_subrecords_roofcover,Improvement_roofcover
improvementvalue,mf_rent_per_mo_min,incExp_netparkingincome,,improvement_subrecords_rooftype,Improvement_rooftype
improvementvaluepersf,mf_rent_per_sf_max,incExp_noi,,improvement_subrecords_sourceforsfarea,Improvement_sourceforsfarea
improvmentcomments,mf_rent_per_sf_min,incExp_noiperbed,,improvement_subrecords_sprinklers,Improvement_sprinklers
incomegrowth,mf_rent_per_sf_per_mo_max,incExp_noipergbam2,,improvement_subrecords_surfaceparkingspaces,Improvement_surfaceparkingspaces
incomegrowthrate,mf_rent_per_sf_per_mo_min,incExp_noiperrasf,,improvement_subrecords_tenantimprovements,Improvement_Subrecords_tenantimprovements
incometarget,mf_rent_type,incExp_noipersf,,improvement_subrecords_totaleconomiclife,Improvement_Subrecords_totaleconomiclife
industrialgba,mf_size_sf_max,incExp_noiperunit,,improvement_subrecords_typicalbaydepth,
industrialra,mf_size_sf_min,incExp_noiperusablesf,,improvement_subrecords_usablearea,Improvement_Subrecords_usablearea
ingestion_timestamp,mf_source_notes,incExp_nonrevenueunits,,improvement_subrecords_yearbuilt,Improvement_Subrecords_yearbuilt
instancetype,mf_surveyed_unit_count_total,incExp_occupancy,,improvement_value,
internalcomments,mf_total_annual_rent,incExp_onsitemanagementexp,,improvement_value_per_sf,
isdeleted,mf_total_rent_per_month,incExp_otherexpenses,,income_growth,Sales_incomegrowth
isexcel,mf_unit_amenities,incExp_otherincome,,income_growth_rate,Sales_incomegrowthrate
isgroundlease,mf_vacant_units_count,incExp_otherrepairs,,income_target_percent,
jurisdiction,mf_weighted_avg_rent_per_sf_per_mo,incExp_othersalaries,,incometarget,
landhectares,mf_weighted_avg_rent_per_sf_per_year,incExp_paintinganddecorating,,industrial_gba,
landscaping,mf_weighted_avg_rent_per_unit,incExp_payrolltaxes,,industrial_ra,
landsf,min_lot_area,incExp_payrolltotal,,ingestion_timestamp,
landsquaremeters,minimum_lot_area,incExp_percentagerent,,instance_type,Rent Roll Summary_instancetype
landtobuildingratio,monthly_or_daily_rent,incExp_pgi,,internal_comments,Sales_internalcomments
landunitapprovedorzoned,multifamily_amenities,incExp_pgipersf,,is_active,
landunits,multifamily_gba,incExp_pgiperunit,,is_confidential,Sales_confidential
landunittype,name,incExp_professionalservicesexp,,is_deleted,Sales_isdeleted
landuse,net_income_multiplier,incExp_repairsandmaintenance,,is_excel_entry,
landvalue,new_value,incExp_reserves,,is_ground_lease,Parcel_isgroundlease
landvaluepersf,no_of_bathrooms,incExp_sewerexpense,,is_lihtc,
lastrentincrease,no_of_baths,incExp_surveydate,,isexcel,Sales_isexcel
lat,no_of_bays,incExp_taxexpense,,jurisdiction,Zoning_jurisdiction
lease_comp_id,no_of_bedrooms,incExp_totalexpenses,,land_assessment,Assessment_landassessment
leaseconditions,no_of_beds,incExp_totalutilities,,land_hectares,Sites_landhectares
leasedate,no_of_buildings,incExp_trashexpense,,land_sf,Sites_SurplusLandSF
leaseexpiration,no_of_craneways,incExp_vacancy,,land_square_meters,Sites_landsquaremeters
leaseexpiredate,no_of_docks,incExp_vacancycost,,land_unit_approved_or_zoned,Sites_landunitapprovedorzoned
leasestart,no_of_elevators,incExp_vacancycostpersf,,land_unit_type,Sites_landunittype
leasestartdate,no_of_escalators,incExp_vacancycostperunit,,land_units,Sites_landunits
leasetenantimprovs,no_of_golf_holes,incExp_waterexpense,,land_use,Sites_landuse
leaseterm,no_of_half_baths,Parcel_address,,land_value,Sales_landvalue
leasetransactiontype,no_of_mf_bathrooms,Parcel_appraisalfile,,land_value_per_sf,
leasetype,no_of_multifamily_bedrooms,Parcel_appraisalusage,,last_rent_increase,Rent Roll_rentincreased
legaldescription,no_of_multifamily_rooms,Parcel_cbsa_id,,lat,Parcel_lat
lender,no_of_rooms,Parcel_cbsa_name,,lat_centroid,
lessor,no_of_seats,Parcel_censusblock,,lease_commencement_date,
lhoccupancy,no_of_spaces,Parcel_censustract,,lease_comp_id,
lhtc,no_of_stories,Parcel_city,,lease_concessions,
lightbox_id,no_of_tenants,Parcel_country,,lease_conditions,Rent Roll_leaseconditions
lng,no_of_truck_doors,Parcel_county,,lease_expiration_date,Rent Roll_leaseexpiredate
loadfactor,no_of_truck_doors_with_levelers,Parcel_createdby,,lease_options,
locationdescription,no_of_units,Parcel_eastboundary,,lease_start_date,Rent Roll_leasestartdate
managementcompany,north_boundary,Parcel_far,,lease_tenant_improvs,Rent Roll_leasetenantimprovs
market,notes,Parcel_id,,lease_term_months,Rent Roll_leaseterm
marketrentmax,number_of_parcels,Parcel_isgroundlease,,lease_transaction_type,Rent Roll_leasetransactiontype
marketrentmin,occupancy_type,Parcel_lat,,lease_type,Rent Roll_leasetype
marketrentmo,office_gba,Parcel_lng,,leasedate,Rent Roll_leasedate
marketrentsf,office_ra,Parcel_locationdescription,,leaseexpiration,
maxbuildheight,old_value,Parcel_market,,leaseexpiredate,
maxgrosslihtcrestrictedrent,opportunity_zone,Parcel_msa,,leasestart,
maxsitecoverage,ordinance_document,Parcel_municipality,,leaseterm,Rent Roll Summary_commleaseterms
medianhomevalue,ordinance_document_url,Parcel_name,,legal_description,Sales_legaldescription
medianhouseholdincome,original_list_price,Parcel_name,,lender,Sales_lender
merge_timestamp,original_lp_percent_diff,Parcel_neighborhood,,lender_name,
merged_by_user_or_system,other_acres,Parcel_neighborhoodcomments,,lessor,Rent Roll_lessor
mfamenities,other_adjustment,Parcel_northboundary,,lessor_name,
mfbrmax,other_assessment,Parcel_opportunityzone,,lh_occupancy,Improvement_lhoccupancy
mfbrmin,other_db_refs,Parcel_otherdbrefs,,lhtc,
mfcarportfeemonthly,other_gba,Parcel_owner,,lightbox_created_by,
mfgaragefeemonthly,other_ra,Parcel_parcelcomments,,lightbox_id,
mfleasecomments,owner,Parcel_parcelverificationdata,,lightbox_timestamp,
mfleasenotes,parcel_comments,Parcel_propertymajortype,,lng,Parcel_lng
mfleasesurveydate,parcel_id,Parcel_propertysubtype,,lng_centroid,
mfoccupancy,parcel_verification_data,Parcel_propertytype,,locationdescription,Parcel_locationdescription
mfrentconcessions,parent_geo_id,Parcel_readyforuse,,major_type,
mfrentpermomax,parking,Parcel_southboundary,,management_company,
mfrentpermomin,parking_adequacy,Parcel_state,,market,Parcel_market
mfrentpersfmax,parking_adequacy_id,Parcel_submarket,,market_rent_max,
mfrentpersfmin,parking_comments,Parcel_supportingfiles,,market_rent_min,
mfrentpersfpermomax,parking_condition,Parcel_timestamp,,market_rent_per_mo,
mfrentpersfpermomin,parking_condition_id,Parcel_townshiprange,,market_rent_per_sf,
mfrenttype,parking_ratio_gba,Parcel_westboundary,,marketrentmo,
mfsizesfmax,parking_ratio_ra,Parcel_zip,,marketrentsf,
mfsizesfmin,parking_ratio_unit,Rent Roll Summary_anchors,,max_build_height,Zoning_maxbuildheight
mfsourcenotes,parking_requirement,Rent Roll Summary_commleasecomments,,max_gross_lihtc_restricted_rent,
mfsurveyedunitcounttotal,parking_type,Rent Roll Summary_commleasenotes,,max_site_coverage,Zoning_maxsitecoverage
mftotalannualrent,parking_type_id,Rent Roll Summary_CommLeaseNotes,,median_hh_income,
mftotalrentpermonth,per_pupil_spending,Rent Roll Summary_commleasesurveydate,,median_home_value,Sites_medianhomevalue
mfvacantunitscount,percent_diminution_in_value,Rent Roll Summary_commleaseterms,,median_household_income,Sites_medianhouseholdincome
mfweightedavgrentpersfpermo,percent_office_ul,Rent Roll Summary_CommLeaseType,,merge_timestamp,Parcel_timestamp
mfweightedavgrentpersfperyear,percent_rent,Rent Roll Summary_commrentconcessions,,merged_by_user_or_system,
mfweightedavgrentperunit,percent_stigma,Rent Roll Summary_commrentpersfmax,,mf_br_max,
minimumlotarea,percent_tillable,Rent Roll Summary_commrentpersfmin,,mf_br_min,
minlotarea,percent_wetlands,Rent Roll Summary_commsizemax,,mf_carport_fee_monthly,
monthlyordailyrent,perimeter,Rent Roll Summary_commsizemin,,mf_garage_fee_monthly,
msa,perimeter_sf,Rent Roll Summary_commvacancy,,mf_lease_comments,
multifamilyamenities,permitted_uses,Rent Roll Summary_commverificationsource,,mf_lease_notes,Rent Roll Summary_commleasenotes
multifamilygba,population,Rent Roll Summary_confidential,,mf_lease_survey_date,Rent Roll_commleasesurveydate
municipality,porch_or_deck,Rent Roll Summary_escalations,,mf_occupancy,
name,potential_gross_income_multiplier,Rent Roll Summary_ID,,mf_rent_concessions,
neighborhood,price_adjustment,Rent Roll Summary_instancetype,,mf_rent_per_mo_max,
neighborhoodcomments,price_per_acre,Rent Roll Summary_nooftenants,,mf_rent_per_mo_min,
net_rentable_area,price_per_bay,Rent Roll Summary_rentpersfpermomax,,mf_rent_per_sf_max,
new_value,price_per_bed,Rent Roll Summary_rentpersfpermomin,,mf_rent_per_sf_min,
nim,price_per_bedroom,Rent Roll Summary_sfleased,,mf_rent_per_sf_per_mo_max,
noofbathrooms,price_per_buildable_sf,Rent Roll Summary_shadowanchors,,mf_rent_per_sf_per_mo_min,
noofbays,price_per_far,Rent Roll Summary_tenant,,mf_rent_type,
noofbedrooms,price_per_gba_meters,Rent Roll_anchortype,,mf_size_sf_max,
noofbeds,price_per_land_hectares,Rent Roll_baserentpermo,,mf_size_sf_min,
noofbuildings,price_per_land_sf,Rent Roll_baserentperyear,,mf_source_notes,
noofelevators,price_per_land_sqm,Rent Roll_baserentsf,,mf_surveyed_unit_count_total,
noofescalators,price_per_land_unit,Rent Roll_baserentsfmo,,mf_total_annual_rent,
noofgolfholes,price_per_mf_bedroom,Rent Roll_comments,,mf_total_rent_per_month,
noofhalfbaths,price_per_mf_room,Rent Roll_commleasesurveydate,,mf_unit_amenities,
noofmfbathrooms,price_per_primary_frontage,Rent Roll_concessions,,mf_vacant_units_count,
noofmultifamilybedrooms,price_per_ra,Rent Roll_coststofinish,,mf_weighted_avg_rent_per_sf_per_mo,
noofmultifamilyrooms,price_per_ra_meters,Rent Roll_CurrentRentPerMo,,mf_weighted_avg_rent_per_sf_per_year,
noofrooms,price_per_room,Rent Roll_datasource,,mf_weighted_avg_rent_per_unit,
noofseats,price_per_sf,Rent Roll_effectiverentsf,,mfamenities,
noofspaces,price_per_space,Rent Roll_effectiverentsfmo,,min_lot_area,Zoning_Subrecords_minlotarea
noofstories,price_per_unit,Rent Roll_effrentpermo,,minimum_lot_area,Zoning_minimumlotarea
nooftenants,price_per_usable_acre,Rent Roll_effrentperyear,,monthly_or_daily_rent,
nooftruckdoors,price_per_usable_land_sf,Rent Roll_escalations,,msa,Parcel_msa
nooftruckdoorswithlevelers,primary_frontage_lf,Rent Roll_expensereimbursements,,multifamily_gba,
noofunits,primary_frontage_st,Rent Roll_expensestop,,municipality,Parcel_municipality
northboundary,product_segment,Rent Roll_finish,,name,Parcel_name
number_of_units,productivity_index,Rent Roll_floorlevel,,neighborhood,Parcel_neighborhood
numberofparcels,project_amenities,Rent Roll_freerentmonths,,neighborhoodcomments,Parcel_neighborhoodcomments
occupancytype,project_id,Rent Roll_id,,net_income_multiplier,
officegba,project_name,Rent Roll_leaseconditions,,net_rentable_area,Improvement_Subrecords_rentablearea
officera,project_property_id,Rent Roll_leasedate,,new_value,
old_value,project_style,Rent Roll_leaseexpiredate,,nim,Saleinfo_NIM
opportunityzone,property_assessment_id,Rent Roll_leasestartdate,,no_of_baths,
options,property_id,Rent Roll_leasetenantimprovs,,no_of_buildings,Improvement_noofbuildings
ordinancedocument,property_included,Rent Roll_leaseterm,,no_of_craneways,
originallistprice,property_rights,Rent Roll_leasetransactiontype,,no_of_docks,
originallppercentdiff,property_type,Rent Roll_leasetype,,no_of_mf_bathrooms,
otheracres,property_type_id,Rent Roll_lessor,,no_of_multifamily_bedrooms,
otheradjustment,property_zoning_id,Rent Roll_options,,no_of_multifamily_rooms,
otherdbrefs,proportion_renovated,Rent Roll_percentofficeul,,no_of_tenants,Rent Roll Summary_nooftenants
othergba,proposed_sf,Rent Roll_percentrent,,north_boundary,Parcel_northboundary
otherra,proposed_units,Rent Roll_rentbasis,,notes,
owner,proposed_use,Rent Roll_rentincreased,,number_of_parcels,
parcel_id,quality_id,Rent Roll_rentperm2,,number_of_units,
parcelcomments,ra_total,Rent Roll_rentperm2permo,,occupancy_type,
parcelid,ra_total_meters,Rent Roll_rentpersfpermo,,office_gba,
parcelverificationdata,rail_service,Rent Roll_sizem2,,office_ra,
parking,ready_for_use,Rent Roll_suite,,old_value,
parkingadequacy,rear_yard_distance,Rent Roll_tenant,,opportunity_zone,Parcel_opportunityzone
parkingadequacyid,recording_date,Rent Roll_tenantcam,,options,Rent Roll_options
parkingcomments,remaining_economic_life,Rent Roll_tenantparking,,ordinance_document,Zoning_OrdinanceDocument
parkingcondition,renovations_description,Rent Roll_typeoruseofspace,,ordinance_document_url,
parkingconditionid,rent_basis,Rent Roll_unitsf,,original_list_price,Sales_originallistprice
parkingratiogba,rent_comp_id,Rent Roll_verificationdate,,original_lp_percent_diff,Sales_originallppercentdiff
parkingratiora,rent_escalations,Rent Roll_verificationsource,,other_acres,Sites_otheracres
parkingratiounit,rent_increase_percent,Saleinfo_NIM,,other_adjustment,Sales_otheradjustment
parkingrequirement,rent_last_increased,Sales_activestatus,,other_assessment,Assessment_otherassessment
parkingtype,rent_per_mo,Sales_adjustmentcomments,,other_db_refs,Parcel_otherdbrefs
parkingtypeid,rent_per_sf_per_mo,Sales_appraisaldate,,other_gba,
percentdiminutioninvalue,rent_per_sf_per_mo_max,Sales_appraisedvalue,,other_ra,
percentofficeul,rent_per_sf_per_mo_min,Sales_bookpageorrefdoc,,owner,Parcel_owner
percentrent,rent_per_sq_meter,Sales_businessvalueadjustment,,parcel_comments,Sales_salecomments
percentstigma,rent_per_sq_meter_per_mo,Sales_buyertype,,parcel_id,Rent Roll Summary_ID
percenttillable,rent_roll_summary_commleasenotes,Sales_caprate,,parcel_verification_data,Rent Roll_verificationdate
percentwetlands,rentable_area,Sales_caprate,,parent_geo_id,
perimeter,residential_amenities,Sales_cleanupcosts,,parking_adequacy_id,
perimetersf,residential_design,Sales_conditionsofsale,,parking_condition_id,
permitteduses,responsible_party,Sales_conditionsofsaleadjustment,,parking_ratio_gba,
pgim,retail_gba,Sales_confidential,,parking_ratio_ra,
porchordeck,retail_gla,Sales_currentlistprice,,parking_ratio_unit,Improvement_parkingratiounit
price,rev_par,Sales_currentlppercentdiff,,parking_requirement,Zoning_parkingrequirement
priceactual,risk_profile,Sales_currentuse,,parking_type_id,
priceadjustment,road_frontage,Sales_datasource,,per_pupil_spending,
priceperacre,roof_cover,Sales_daysonmarket,,percent_diminution_in_value,Sales_percentdiminutioninvalue
priceperbay,roof_cover_id,Sales_diminutionsource,,percent_office_ul,Rent Roll_percentofficeul
priceperbed,roof_type,Sales_discountrate,,percent_rent,Rent Roll_percentrent
priceperbedroom,roof_type_id,Sales_egim,,percent_stigma,Sales_percentstigma
priceperbuildablesf,sale_comments,Sales_environmentalconcerns,,percent_tillable,Sites_percenttillable
priceperfar,sale_comp_id,Sales_environmentalremarks,,percent_wetlands,Sites_percentwetlands
pricepergbameters,sale_date,Sales_environmentalstatus,,perimeter,Improvement_perimeter
priceperlandhectares,sale_notes,Sales_excesslandadjustment,,perimeter_sf,
priceperlandsf,sale_price,Sales_expendituresaftersaleadjustment,,permitted_uses,Zoning_PermittedUses
priceperlandsqm,sale_supporting_files,Sales_expensegrowthrate,,pgim,Sales_pgim
priceperlandunit,school_district_id,Sales_ffandeadjustment,,population,
pricepermfbedroom,secondary_frontage_lf,Sales_financing,,potential_gross_income_multiplier,
pricepermfroom,secondary_frontage_st,Sales_financingtermsadjustment,,price,Sales_price
priceperprimaryfrontage,secondary_traffic_count,Sales_finishcondition,,price_adjustment,Sales_priceadjustment
priceperra,session_end,Sales_grantee,,price_per_acre,Sales_priceperacre
priceperrameters,session_start,Sales_grantor,,price_per_bay,Sales_priceperra
priceperroom,setback_distance,Sales_highestandbestuse,,price_per_bed,
pricepersf,sf_leased,Sales_holdingperiodyears,,price_per_bedroom,
priceperspace,sf_size_max,Sales_hotelroomrevmultiplier,,price_per_buildable_sf,Sales_priceperbuildablesf
priceperunit,sf_size_min,Sales_id,,price_per_far,Sales_priceperfar
priceperusableacre,shadow_anchors,Sales_improvementvalue,,price_per_gba_meters,
priceperusablelandsf,shape,Sales_improvementvaluepersf,,price_per_land_hectares,Sales_priceperlandhectares
primaryfrontagelf,side_yard_distance,Sales_incomegrowth,,price_per_land_sf,
primaryfrontagest,site_acres,Sales_incomegrowthrate,,price_per_land_sqm,Sales_priceperlandsqm
productivityindex,site_area_id,Sales_internalcomments,,price_per_land_unit,Sales_priceperlandunit
productsegment,site_comments,Sales_isdeleted,,price_per_mf_bedroom,
project_id,site_dimensions,Sales_isexcel,,price_per_mf_room,
project_name,site_drainage,Sales_landvalue,,price_per_primary_frontage,Sales_priceperprimaryfrontage
project_property_id,site_id,Sales_landvaluepersf,,price_per_ra,
projectamenities,site_landscaping,Sales_legaldescription,,price_per_ra_meters,
projectstyle,site_topography,Sales_lender,,price_per_room,
property_id,site_utilities,Sales_nim,,price_per_sf,
property_zoning_id,site_views,Sales_originallistprice,,price_per_space,
propertyincluded,site_visibility,Sales_originallppercentdiff,,price_per_unit,
propertymajortype,size_sq_meters,Sales_otheradjustment,,price_per_usable_acre,Sales_priceperusableacre
propertyrights,soil_type,Sales_percentdiminutioninvalue,,price_per_usable_land_sf,Sales_priceperusablelandsf
propertysubtype,source_for_sf_area,Sales_percentstigma,,priceactual,Sales_priceactual
propertytype,source_system,Sales_pgim,,primary_frontage_lf,Sites_primaryfrontagelf
proportionrenovated,south_boundary,Sales_price,,primary_frontage_st,Sites_primaryfrontagest
proposedsf,space_finish,Sales_priceactual,,product_segment,Improvement_productsegment
proposedunits,special_assessments,Sales_priceadjustment,,productivity_index,Sites_productivityindex
proposeduse,sprinkler_type,Sales_priceperacre,,project_amenities,
quality,sprinklers_id,Sales_priceperbuildablesf,,project_id,
qualityid,square_feet,Sales_priceperfar,,project_name,
railservice,status,Sales_pricepergbameters,,project_property_id,
ratotal,storage_fee,Sales_priceperlandhectares,,project_style,
ratotalmeters,student_teacher_ratio,Sales_priceperlandsf,,property_assessment_id,
readyforuse,sub_type,Sales_priceperlandsqm,,property_id,
rearyarddistance,suite_number,Sales_priceperlandunit,,property_included,Sales_propertyincluded
recordingdate,supporting_files,Sales_priceperprimaryfrontage,,property_rights,Sales_propertyrights
remainingeconomiclife,surface_parking_spaces,Sales_priceperra,,property_type,Parcel_propertytype
renovations,tax_id,Sales_priceperrameters,,property_type_id,Parcel_propertysubtype
rent_comp_id,tax_rate,Sales_pricepersf,,property_zoning_id,
rent_roll_summary_commleasenotes,taxing_authority,Sales_priceperusableacre,,propertymajortype,Parcel_propertymajortype
rentablearea,tenant_cam,Sales_priceperusableacre,,propertysubtype,
rentbasis,tenant_improvements,Sales_priceperusablelandsf,,proposed_sf,
rentincreased,tenant_name,Sales_propertyincluded,,proposed_units,
rentincreasepercent,tenant_parking,Sales_propertyrights,,proposed_use,Sales_proposeduse
rentperm2,tenant_profile,Sales_proposeduse,,quality_id,Improvement_Subrecords_qualityid
rentperm2permo,terminal_cap_rate,Sales_recordingdate,,ra_total,
rentpermo,tertiary_frontage_lf,Sales_responsibleparty,,rail_service,
rentpersfpermo,tertiary_frontage_st,Sales_riskprofile,,ready_for_use,Parcel_readyforuse
rentpersfpermomax,tertiary_traffic_count,Sales_salecomments,,rear_yard_distance,Zoning_rearyarddistance
rentpersfpermomin,tillable_acres,Sales_saledate,,recording_date,Sales_recordingdate
residentialamenities,time_log_id,Sales_salenotes,,renovations_description,
residentialdesign,tos_cap_rate,Sales_salesupportingfiles,,rent_basis,Rent Roll_rentbasis
responsibleparty,tos_effective_age,Sales_terminalcaprate,,rent_comp_id,
retailgba,tos_egim,Sales_toscaprate,,rent_escalations,Rent Roll_escalations
retailgla,tos_noi,Sales_toseffectiveage,,rent_increase_percent,
revpar,tos_number_of_tenants,Sales_tosnoi,,rent_last_increased,
riskprofile,tos_occupancy_rate,Sales_tosnumberoftenants,,rent_per_mo,Rent Roll_rentperm2
roadfrontage,tos_price_per_rsf,Sales_tosoccupancyrate,,rent_per_sf_per_mo,
roofcover,tos_price_per_useable_acre_land,Sales_tospriceperrsf,,rent_per_sf_per_mo_max,Rent Roll Summary_rentpersfpermomax
roofcoverid,tos_price_per_useable_sf_land,Sales_tospriceperuseableacreland,,rent_per_sf_per_mo_min,Rent Roll Summary_rentpersfpermomin
rooftype,tos_tenancy_type,Sales_tospriceperuseablesfland,,rent_per_sq_meter,
rooftypeid,tos_vacancy_rate,Sales_tostenancytype,,rent_per_sq_meter_per_mo,
rooms,tos_weighted_avg_lease_term,Sales_tosvacancyrate,,rent_roll_summary_commleasenotes,
sale_comp_id,total_assessment,Sales_tosweightedaverageleaseterm,,rentable_area,
salecomments,total_economic_life,Sales_transactiontype,,rentincreased,
saledate,total_market_rent,Sales_typeofcontamination,,rentperm2,
salenotes,total_taxes,Sales_verificationdate,,rentperm2permo,Rent Roll_rentperm2permo
salesupportingfiles,traffic_count,Sales_verificationphone,,responsible_party,Sales_responsibleparty
schooldistrict,traffic_survey_date,Sales_verificationsource,,retail_gba,
secondaryfrontagelf,transaction_type,Sites_access,,retail_gla,
secondaryfrontagest,type_of_contamination,Sites_acres,,rev_par,
secondarytrafficcount,type_or_use_of_space,Sites_allowablefloorareasf,,risk_profile,Sales_riskprofile
session_end,typical_bay_depth,Sites_allutilities,,road_frontage,Sites_roadfrontage
session_start,unit_category,Sites_areainfloodzone,,roof_cover_id,Improvement_Subrecords_roofcoverid
setbackdistance,unit_count,Sites_buildablesf,,roof_type_id,Improvement_Subrecords_rooftypeid
sfleased,unit_depth_ft,Sites_corner,,rooms,
sfsizemax,unit_floor,Sites_demographicssurveydate,,sale_comments,Sites_sitecomments
sfsizemin,unit_height_ft,Sites_depth,,sale_comp_id,
shadowanchors,unit_mix_id,Sites_dimensions,,sale_date,Sales_saledate
shalcommunityfee,unit_sf,Sites_drainage,,sale_notes,Sales_salenotes
shalentryfee,unit_type,Sites_earthquakehazardrisk,,sale_price,
shaloccupancypercentage,unit_width_ft,Sites_earthquakezonecomments,,sale_supporting_files,Sales_salesupportingfiles
shalsecondpersonfeemonthly,updated_at,Sites_easementacres,,school_district_id,
shalunitcount,updated_by_user_id,Sites_easementlandsf,,schooldistrict,
shape,usable_area,Sites_effectivewaterfrontage,,secondary_frontage_lf,Sites_secondaryfrontagelf
shcaretypecomments,user_id,Sites_encumbranceoreasement,,secondary_frontage_st,Sites_secondaryfrontagest
shilcommunityfee,utilities_paid_by_owner,Sites_environmentalissues,,secondary_traffic_count,Sites_secondarytrafficcount
shilentryfee,utility_allowance,Sites_excessacres,,session_end,
shiloccupancypercentage,vacancy_rate,Sites_excesslandsf,,session_start,
shilsecondpersonfeemonthly,vacant_units,Sites_femamapdate,,setback_distance,Zoning_setbackdistance
shilunitcount,verification_date,Sites_floodmappanel,,sf_leased,
shmccommunityfee,verification_phone,Sites_floodzone,,sf_size_max,
shmcentryfee,verification_source,Sites_homesiteacres,,sf_size_min,
shmcoccupancypercentage,verificationdate,Sites_landhectares,,shadow_anchors,Rent Roll Summary_shadowanchors
shmcsecondpersonfeemonthly,waste_acres,Sites_landsf,,shalcommunityfee,
shmcunitcount,water_frontage,Sites_landsquaremeters,,shalentryfee,
shothercommunityfee,west_boundary,Sites_landunitapprovedorzoned,,shaloccupancypercentage,
shotherentryfee,wetland_acres,Sites_landunits,,shalsecondpersonfeemonthly,
shotheroccupancypercentage,wetlands_type,Sites_landunittype,,shalunitcount,
shothersecondpersonfeemonthly,within_flood_plain,Sites_landuse,,shape,Sites_shape
shotherunitcount,woodland_acres,Sites_medianhomevalue,,shcaretypecomments,
shpayormedicaidpercentage,year_built,Sites_medianhouseholdincome,,shilcommunityfee,
shpayormedicarepercentage,year_built_numeric,Sites_NumberOfParcels,,shilentryfee,
shpayorotherpercentage,zoned_density,Sites_otheracres,,shilunitcount,
shpayorprivatepaypercentage,zoning_authority,Sites_percenttillable,,shmccommunityfee,
shpayorvapercentage,zoning_code,Sites_percentwetlands,,shmcentryfee,
shsncommunityfee,zoning_designation,Sites_primaryfrontagelf,,shmcoccupancypercentage,
shsnentryfee,zoning_district,Sites_primaryfrontagest,,shmcsecondpersonfeemonthly,
shsnoccupancypercentage,zoning_id,Sites_productivityindex,,shmcunitcount,
shsnsecondpersonfeemonthly,zoning_jurisdiction,Sites_proposedsf,,shothercommunityfee,
shsnunitcount,zoning_notes,Sites_roadfrontage,,shotherentryfee,
sideyarddistance,zoning_summary,Sites_secondaryfrontagelf,,shotheroccupancypercentage,
site_area_id,zoning_type,Sites_secondaryfrontagest,,shothersecondpersonfeemonthly,
site_id,,Sites_secondarytrafficcount,,shotherunitcount,
sitecomments,,Sites_shape,,shpayormedicaidpercentage,
sizem2,,Sites_sitecomments,,shpayormedicarepercentage,
soiltype,,Sites_soiltype,,shpayorotherpercentage,
source_system,,Sites_Subparcels_acres,,shpayorprivatepaypercentage,
sourceforsfarea,,Sites_Subparcels_id,,shpayorvapercentage,
southboundary,,Sites_Subparcels_identification,,shsncommunityfee,
sprinklers,,Sites_Subparcels_landsf,,shsnentryfee,
sprinklersid,,Sites_Subparcels_parcelid,,shsnoccupancypercentage,
square_feet,,Sites_Subparcels_subparcelcomments,,shsnsecondpersonfeemonthly,
state,,Sites_SurplusAcres,,shsnunitcount,
status,,Sites_SurplusLandSF,,side_yard_distance,Zoning_sideyarddistance
storagefee,,Sites_tertiaryfrontagelf,,site_acres,Sites_wasteacres
studentteacherratio,,Sites_tertiaryfrontagest,,site_area_id,
submarket,,Sites_tertiarytrafficcount,,site_comments,
suite,,Sites_tillableacres,,site_dimensions,
summary,,Sites_topography,,site_drainage,
supportingfiles,,Sites_trafficcount,,site_id,
surfaceparkingspaces,,Sites_trafficsurveydate,,site_landscaping,Improvement_Subrecords_landscaping
tenant,,Sites_UnusableAcres,,site_topography,Sites_topography
tenantcam,,Sites_UnusableLandSF,,site_utilities,
tenantimprovements,,Sites_usableacres,,site_views,
tenantparking,,Sites_usablelandsf,,site_visibility,Sites_visibility
tenantprofile,,Sites_utilities,,size_sq_meters,
terminalcaprate,,Sites_views,,sizem2,Rent Roll_sizem2
tertiaryfrontagelf,,Sites_visibility,,soil_type,Sites_soiltype
tertiaryfrontagest,,Sites_wasteacres,,source_system,
tertiarytrafficcount,,Sites_waterfrontage,,south_boundary,Parcel_southboundary
tillableacres,,Sites_wetlandacres,,space_finish,
time_log_id,,Sites_wetlandstype,,special_assessments,Assessment_specialassessments
timestamp,,Sites_withinfloodplainname,,sprinkler_type,Improvement_Subrecords_sprinklers
topography,,Sites_woodlandacres,,sprinklers_id,Improvement_Subrecords_sprinklersid
toscaprate,,Zoning_comments,,square_feet,
toseffectiveage,,Zoning_district,,state,Parcel_state
tosegim,,Zoning_jurisdiction,,status,
tosnoi,,Zoning_maxbuildheight,,storage_fee,
tosnumberoftenants,,Zoning_maxsitecoverage,,student_teacher_ratio,
tosoccupancyrate,,Zoning_minimumlotarea,,sub_type,
tospriceperrsf,,Zoning_OrdinanceDocument,,submarket,Parcel_submarket
tospriceperuseableacreland,,Zoning_parkingrequirement,,suite,Rent Roll_suite
tospriceperuseablesfland,,Zoning_PermittedUses,,suite_number,
tostenancytype,,Zoning_rearyarddistance,,supporting_files,Parcel_supportingfiles
tosvacancyrate,,Zoning_setbackdistance,,tax_id,Assessment_taxid
tosweightedaverageleaseterm,,Zoning_sideyarddistance,,tax_rate,Assessment_taxrate
totaleconomiclife,,Zoning_Subrecords_authority,,taxing_authority,Assessment_taxingauthority
totalmarketrent,,Zoning_Subrecords_backyarddistance,,tenant,Rent Roll Summary_tenant
townshiprange,,Zoning_Subrecords_comments,,tenant_cam,incExp_cam
trafficcount,,Zoning_Subrecords_district,,tenant_name,Rent Roll_tenantcam
trafficsurveydate,,Zoning_Subrecords_frontsetbackdistance,,tenant_parking,Rent Roll_tenantparking
transactiontype,,Zoning_Subrecords_id,,tenant_profile,
type,,Zoning_Subrecords_maxbuildheight,,terminal_cap_rate,Sales_terminalcaprate
typeofcontamination,,Zoning_Subrecords_maxsitecoverage,,tertiary_frontage_lf,Sites_tertiaryfrontagelf
typeoruseofspace,,Zoning_Subrecords_minlotarea,,tertiary_frontage_st,Sites_tertiaryfrontagest
typicalbaydepth,,Zoning_Subrecords_NA_jurisdiction,,tertiary_traffic_count,Sites_tertiarytrafficcount
unit_mix_id,,Zoning_Subrecords_ordinancedocument,,tillable_acres,Sites_tillableacres
unitcount,,Zoning_Subrecords_permitteduses,,time_log_id,
unitdepth,,Zoning_Subrecords_sideyarddistance,,timestamp,
unitheight,,Zoning_Subrecords_zoneddensity,,topography,
unitsf,,Zoning_Subrecords_zoning,,tos_cap_rate,
unittype,,Zoning_Subrecords_Zoningid,,tos_effective_age,Sales_toseffectiveage
unitwidth,,Zoning_summary,,tos_egim,
usablearea,,Zoning_type,,tos_noi,Sales_tosnoi
use_mix_id,,Zoning_zoneddensity,,tos_number_of_tenants,Sales_tosnumberoftenants
use_type,,Zoning_zoningcode,,tos_occupancy_rate,Sales_tosoccupancyrate
user_id,,,,tos_price_per_rsf,Sales_tospriceperrsf
utilities,,,,tos_price_per_useable_acre_land,Sales_tospriceperuseableacreland
utilitiespaidbyowner,,,,tos_price_per_useable_sf_land,Sales_tospriceperuseablesfland
utilityallowance,,,,tos_tenancy_type,Sales_tostenancytype
vacancyrate,,,,tos_vacancy_rate,Sales_tosvacancyrate
vacantunits,,,,tos_weighted_avg_lease_term,Sales_tosweightedaverageleaseterm
verificationdate,,,,tosweightedaverageleaseterm,
verificationphone,,,,total_assessment,Assessment_totalassessment
verificationsource,,,,total_market_rent,
views,,,,total_taxes,
visibility,,,,townshiprange,Parcel_townshiprange
wasteacres,,,,traffic_count,Sites_trafficcount
waterfrontage,,,,traffic_survey_date,Sites_trafficsurveydate
westboundary,,,,transaction_type,Sales_transactiontype
wetlandacres,,,,type_of_contamination,Sales_typeofcontamination
wetlandstype,,,,type_or_use_of_space,Rent Roll_typeoruseofspace
withinfloodplainname,,,,unit_category,
woodlandacres,,,,unit_count,
yearbuilt,,,,unit_depth_ft,
yearbuiltnumeric,,,,unit_floor,
zip,,,,unit_height_ft,
zoneddensity,,,,unit_mix_id,
zoning,,,,unit_sf,
zoning_subrecords_comments,,,,unit_type,
zoning_subrecords_district,,,,unit_width_ft,
zoning_subrecords_maxbuildheight,,,,unitdepth,
zoning_subrecords_maxsitecoverage,,,,unitheight,
zoning_subrecords_ordinancedocument,,,,unitwidth,
zoning_subrecords_parkingrequirement,,,,updated_at,
zoning_subrecords_permitteduses,,,,updated_by_user_id,
zoning_subrecords_sideyarddistance,,,,use_mix_id,
zoning_subrecords_summary,,,,use_type,
zoning_subrecords_type,,,,user_id,
zoning_subrecords_zoneddensity,,,,utilities,
zoningcode,,,,utilities_paid_by_owner,
zoningid,,,,utility_allowance,
,,,,vacancy_rate,
,,,,vacant_units,
,,,,verification_date,Sales_verificationdate
,,,,verification_phone,Sales_verificationphone
,,,,verification_source,Sales_verificationsource
,,,,views,Sites_views
,,,,visibility,
,,,,waste_acres,
,,,,water_frontage,Sites_waterfrontage
,,,,west_boundary,Parcel_westboundary
,,,,wetland_acres,Sites_wetlandacres
,,,,wetlands_type,Sites_wetlandstype
,,,,within_flood_plain,Sites_withinfloodplainname
,,,,withinfloodplainname,
,,,,woodland_acres,Sites_woodlandacres
,,,,year_built_numeric,Improvement_yearbuiltnumeric
,,,,zip,Parcel_zip
,,,,zoned_density,Zoning_Subrecords_zoneddensity
,,,,zoning,Zoning_Subrecords_id
,,,,zoning_authority,Zoning_Subrecords_authority
,,,,zoning_code,Zoning_zoningcode
,,,,zoning_designation,
,,,,zoning_district,Zoning_district
,,,,zoning_id,
,,,,zoning_jurisdiction,Zoning_Subrecords_NA_jurisdiction
,,,,zoning_notes,
,,,,zoning_subrecords_comments,Zoning_comments
,,,,zoning_subrecords_district,Zoning_Subrecords_district
,,,,zoning_subrecords_summary,Zoning_summary
,,,,zoning_subrecords_type,Zoning_type
,,,,zoning_summary,
,,,,zoning_type,
,,,,,_constructionclassid
,,,,,_sourceforsfareaid
,,,,,Assessment_historicallandvalue2
,,,,,Assessment_historicaltaxes3
,,,,,Assessment_assessmentcomments
,,,,,Assessment_assessorwebsite
,,,,,Assessment_historicalassessedvalue1
,,,,,Assessment_historicalassessedvalue2
,,,,,Assessment_historicalassessedvalue3
,,,,,Assessment_historicalassessedvalue4
,,,,,Assessment_historicalimprovvalue1
,,,,,Assessment_historicalimprovvalue2
,,,,,Assessment_historicalimprovvalue3
,,,,,Assessment_historicalimprovvalue4
,,,,,Assessment_historicallandvalue1
,,,,,Assessment_Subparcels_assessinfoid
,,,,,Assessment_historicallandvalue3
,,,,,Assessment_historicallandvalue4
,,,,,Assessment_historicaltaxes1
,,,,,Assessment_historicaltaxes2
,,,,,Assessment_historicaltaxes4
,,,,,Assessment_historicalyear1
,,,,,Assessment_historicalyear2
,,,,,Assessment_historicalyear3
,,,,,Assessment_historicalyear4
,,,,,Assessment_improvementassessment
,,,,,Assessment_marketvalue
,,,,,Assessment_Subparcels OLD_impliedvalue
,,,,,Assessment_Subparcels_
,,,,,Assessment_Subparcels_assessmentyear
,,,,,Assessment_Subparcels_basetaxes
,,,,,Assessment_Subparcels_equalizationratio
,,,,,Assessment_Subparcels_id
,,,,,Assessment_Subparcels_impliedvalue
,,,,,Assessment_Subparcels_improvementassessment
,,,,,Assessment_Subparcels_isdeleted
,,,,,Assessment_Subparcels_landassessment
,,,,,Assessment_Subparcels_marketvalue
,,,,,Assessment_Subparcels_otherassessment
,,,,,Assessment_Subparcels_specialassessments
,,,,,Assessment_Subparcels_taxes
,,,,,Assessment_Subparcels_taxid
,,,,,Assessment_Subparcels_taxingauthority
,,,,,Assessment_Subparcels_taxrate
,,,,,Assessment_Subparcels_taxratecode
,,,,,Assessment_Subparcels_taxrateper
,,,,,Assessment_Subparcels_taxyear
,,,,,Assessment_Subparcels_totalassessment
,,,,,Assessment_taxes
,,,,,Assessment_taxesperacre
,,,,,Assessment_taxespergbam2
,,,,,Assessment_taxesperhectares
,,,,,Assessment_taxesperlandm2
,,,,,Assessment_taxesperlandsf
,,,,,Assessment_taxesperlandunit
,,,,,Assessment_taxesperra
,,,,,Assessment_taxesperram2
,,,,,Assessment_taxespersfgba
,,,,,Assessment_taxesperunit
,,,,,Assessment_taxrateper
,,,,,Assessment_taxratecode
,,,,,Assessment_taxyear
,,,,,Improvement_ffande
,,,,,Improvement_gbaother
,,,,,Improvement_gbaothermeters
,,,,,Improvement_gbaretail
,,,,,Improvement_gbaretailMeters
,,,,,Improvement_gbatotal
,,,,,Improvement_gbatotalmeters
,,,,,Improvement_improvmentcomments
,,,,,Improvement_noofotherunits
,,,,,Improvement_noofretailunits
,,,,,Improvement_parkingratiogba
,,,,,Improvement_parkingratiora
,,,,,Improvement_percentoffice
,,,,,Improvement_percentretail
,,,,,Improvement_raother
,,,,,Improvement_raothermeters
,,,,,Improvement_raretailgla
,,,,,Improvement_raretailmeters
,,,,,Improvement_ratotal
,,,,,Improvement_Subrecords_basementsize
,,,,,Improvement_Subrecords_basementuseandfinish
,,,,,Improvement_Subrecords_ceilingheight
,,,,,Improvement_Subrecords_columnspacing
,,,,,Improvement_Subrecords_constructionclass
,,,,,Improvement_Subrecords_designappeal
,,,,,Improvement_Subrecords_effectiveage
,,,,,Improvement_Subrecords_exteriorwall
,,,,,Improvement_Subrecords_ffande
,,,,,Improvement_Subrecords_fireplaceorwoodstove
,,,,,Improvement_Subrecords_garage
,,,,,Improvement_Subrecords_gbaothermeters
,,,,,Improvement_Subrecords_gbaretailmeters
,,,,,Improvement_Subrecords_gbatotalmeters
,,,,,Improvement_Subrecords_NA_parcelId
,,,,,Improvement_Subrecords_noofelevators
,,,,,Improvement_Subrecords_noofescalators
,,,,,Improvement_Subrecords_noofgolfholes
,,,,,Improvement_Subrecords_noofretailunits
,,,,,Improvement_Subrecords_noofseats
,,,,,Improvement_Subrecords_noofstories
,,,,,Improvement_Subrecords_othergba
,,,,,Improvement_Subrecords_otherra
,,,,,Improvement_Subrecords_percentretail
,,,,,Improvement_Subrecords_perimetersf
,,,,,Improvement_Subrecords_quality
,,,,,Improvement_Subrecords_raothermeters
,,,,,Improvement_Subrecords_ratotalmeters
,,,,,Improvement_Subrecords_remainingeconomiclife
,,,,,Improvement_Subrecords_renovations
,,,,,Improvement_Subrecords_retailgba
,,,,,Improvement_Subrecords_retailgla
,,,,,Improvement_Subrecords_roofcover
,,,,,Improvement_Subrecords_rooftype
,,,,,Improvement_Subrecords_sourceforsfarea
,,,,,Improvement_tenantimprovements
,,,,,Improvement_totaleconomiclife
,,,,,Improvement_yearbuilt
,,,,,incExp_advertisingandmarketing
,,,,,incExp_annualrent
,,,,,incExp_baserentabatement
,,,,,incExp_buildingrepairs
,,,,,incExp_cleaning
,,,,,incExp_comments
,,,,,incExp_deductreserves
,,,,,incExp_egi
,,,,,incExp_egipersf
,,,,,incExp_egiperunit
,,,,,incExp_electricexpense
,,,,,incExp_ExpensePerSF
,,,,,incExp_ExpensePerUnit
,,,,,incExp_expenseratio
,,,,,incExp_expensereimbursements
,,,,,incExp_expleasingcommissions
,,,,,incExp_exptenantimprovements
,,,,,incExp_financialstype
,,,,,incExp_fuelexpense
,,,,,incExp_gasexpense
,,,,,incExp_generalandadministrative
,,,,,incExp_generalandadministrative2
,,,,,incExp_GroundRentExp
,,,,,incExp_groundsandsecurity
,,,,,incExp_insurance
,,,,,incExp_maintenancesalaries
,,,,,incExp_management
,,,,,incExp_managerleasingsalaries
,,,,,incExp_name
,,,,,incExp_netparkingincome
,,,,,incExp_noi
,,,,,incExp_noiperbed
,,,,,incExp_noipergbam2
,,,,,incExp_noiperrasf
,,,,,incExp_noipersf
,,,,,incExp_noiperunit
,,,,,incExp_noiperusablesf
,,,,,incExp_nonrevenueunits
,,,,,incExp_occupancy
,,,,,incExp_onsitemanagementexp
,,,,,incExp_otherexpenses
,,,,,incExp_otherincome
,,,,,incExp_otherrepairs
,,,,,incExp_othersalaries
,,,,,incExp_paintinganddecorating
,,,,,incExp_payrolltaxes
,,,,,incExp_payrolltotal
,,,,,incExp_percentagerent
,,,,,incExp_pgi
,,,,,incExp_pgipersf
,,,,,incExp_pgiperunit
,,,,,incExp_professionalservicesexp
,,,,,incExp_repairsandmaintenance
,,,,,incExp_reserves
,,,,,incExp_sewerexpense
,,,,,incExp_surveydate
,,,,,incExp_taxexpense
,,,,,incExp_totalexpenses
,,,,,incExp_totalutilities
,,,,,incExp_trashexpense
,,,,,incExp_vacancy
,,,,,incExp_vacancycost
,,,,,incExp_vacancycostpersf
,,,,,incExp_vacancycostperunit
,,,,,incExp_waterexpense
,,,,,Parcel_parcelcomments
,,,,,Parcel_parcelverificationdata
,,,,,Rent Roll Summary_commrentpersfmax
,,,,,Rent Roll Summary_commrentpersfmin
,,,,,Rent Roll Summary_commsizemax
,,,,,Rent Roll Summary_commsizemin
,,,,,Rent Roll Summary_commverificationsource
,,,,,Rent Roll Summary_sfleased
,,,,,Rent Roll_baserentsf
,,,,,Rent Roll_baserentsfmo
,,,,,Rent Roll_effectiverentsf
,,,,,Rent Roll_id
,,,,,Rent Roll_rentpersfpermo
,,,,,Rent Roll_tenant
,,,,,Rent Roll_unitsf
,,,,,Sales_conditionsofsale
,,,,,Sales_datasource
,,,,,Sales_id
,,,,,Sales_improvementvalue
,,,,,Sales_improvementvaluepersf
,,,,,Sales_landvaluepersf
,,,,,Sales_nim
,,,,,Sales_pricepergbameters
,,,,,Sales_priceperlandsf
,,,,,Sales_priceperrameters
,,,,,Sales_pricepersf
,,,,,Sites_buildablesf
,,,,,Sites_easementacres
,,,,,Sites_easementlandsf
,,,,,Sites_excessacres
,,,,,Sites_excesslandsf
,,,,,Sites_landsf
,,,,,Sites_proposedsf
,,,,,Sites_Subparcels_acres
,,,,,Sites_Subparcels_id
,,,,,Sites_Subparcels_identification
,,,,,Sites_Subparcels_landsf
,,,,,Sites_Subparcels_parcelid
,,,,,Sites_Subparcels_subparcelcomments
,,,,,Sites_SurplusAcres
,,,,,Sites_UnusableAcres
,,,,,Sites_UnusableLandSF
,,,,,Sites_usableacres
,,,,,Sites_usablelandsf
,,,,,Zoning_Subrecords_comments
,,,,,Zoning_Subrecords_maxbuildheight
,,,,,Zoning_Subrecords_maxsitecoverage
,,,,,Zoning_Subrecords_ordinancedocument
,,,,,Zoning_Subrecords_permitteduses
,,,,,Zoning_Subrecords_sideyarddistance
,,,,,Zoning_Subrecords_zoning
,,,,,Zoning_Subrecords_Zoningid
,,,,,Zoning_zoneddensity
