Initial ERD Field Names,Updated ERD Field Names,LightBox Source Fields,CoStar Source Fields,Consolidated ERD Fields,Field Lighboxdata aligned
access,access,_constructionclassid,$Price/Unit,access
acres,activity_description,_sourceforsfareaid,Amenities,acres
annualrentpersf,appraisal_usage,Assessment_historicallandvalue2,Anchor GLA,anchor_type
area_category,assigned_to_user_id,Assessment_historicaltaxes3,Anchor Tenants,appraisal_file
activestatus,actual_price,Assessment_assessmentcomments,Architect Name,activestatus
activity_description,added_at,Assessment_assessmentyear,Average Weighted Rent,activity_description
added_at,address,Assessment_assessorwebsite,Avg Rent-Direct (Industrial),actual_price
address,adjustment_comments,Assessment_basetaxes,Avg Rent-Direct (Office),added_at
adjustmentcomments,affordability_status,Assessment_equalizationratio,Avg Rent-Direct (Retail),address
adr,all_utilities_to_site,Assessment_historicalassessedvalue1,Avg Rent-Sublet (Industrial),adjustment_comments
affordabilitystatus,allowable_floor_area_sf,Assessment_historicalassessedvalue2,Avg Rent-Sublet (Office),adr
allowablefloorareasf,allowable_units,Assessment_historicalassessedvalue3,Avg Rent-Sublet (Retail),affordability_status
allowableunits,anchor_tenants,Assessment_historicalassessedvalue4,Building Class,all_utilities_to_site
allutilities,anchor_type,Assessment_historicalimprovvalue1,Building Operating Expenses,allowable_floor_area_sf
amenities,ancillary_buildings,Assessment_historicalimprovvalue2,Building Park,allowable_units
anchors,annual_rent_per_sf,Assessment_historicalimprovvalue3,Building Status,allutilities
anchortype,appraisal_date,Assessment_historicalimprovvalue4,Building Tax Expenses,amenities
ancillarybuildings,appraisal_file,Assessment_historicallandvalue1,Cap Rate,anchor_tenants
baths,basement_use_and_finish,Assessment_Subparcels_assessinfoid,Ceiling Ht,back_yard_distance
appraisaldate,appraised_value,Assessment_historicallandvalue3,City,anchors
appraisalfile,area_category,Assessment_historicallandvalue4,Closest Transit Stop,ancillary_buildings
appraisalusage,area_in_flood_zone,Assessment_historicaltaxes1,Closest Transit Stop Dist (mi),annual_rent_per_sf
appraisedvalue,assessment_year,Assessment_historicaltaxes2,Closest Transit Stop Walk Time (min),appraisal_date
areainfloodzone,attribution_id,Assessment_historicaltaxes4,Constr Status,appraisal_usage
assigned_to_user_id,audit_log_id,Assessment_historicalyear1,Construction Begin,appraised_value
attribution_id,average_daily_rate,Assessment_historicalyear2,Construction Material,area_category
audit_log_id,avg_asking_rent_sf,Assessment_historicalyear3,Continent,area_in_flood_zone
authority,avg_cap_rate,Assessment_historicalyear4,Core Factor,assessment_year
avgmfunitsize,avg_mf_unit_size,Assessment_impliedvalue,Country,assigned_to_user_id
backyarddistance,back_yard_distance,Assessment_improvementassessment,County Name,attribution_id
basementsize,base_rent_per_mo,Assessment_landassessment,Cross Street,audit_log_id
basementuseandfinish,base_rent_per_year,Assessment_marketvalue,Days On Market,authority
baserentpermo,base_rent_sf,Assessment_otherassessment,Developer Name,average_daily_rate
baserentperyear,base_rent_sf_mo,Assessment_specialassessments,Direct Available Space,avg_asking_rent_sf
baserentsf,base_taxes,Assessment_Subparcels OLD_impliedvalue,Direct Services,avg_cap_rate
baserentsfmo,basement_size,Assessment_Subparcels_,Direct Vacant Space,avg_mf_unit_size
bedrooms,book_page_or_ref_doc,Assessment_Subparcels_assessmentyear,Energy Star,base_rent_per_mo
beds,boundary_comments,Assessment_Subparcels_basetaxes,Exp Year,base_rent_per_year
bookpageorrefdoc,buildable_sf,Assessment_Subparcels_equalizationratio,Features,base_rent_sf
buildablesf,building_amenities,Assessment_Subparcels_id,Fema Flood Zone,base_rent_sf_mo
buildingclass,building_class,Assessment_Subparcels_impliedvalue,FEMA Map Date,base_taxes
buildingdescription,building_condition,Assessment_Subparcels_improvementassessment,FEMA Map Identifier,basement_size
businessvalueadjustment,building_description,Assessment_Subparcels_isdeleted,FIRM ID,basement_use_and_finish
buyertype,building_features,Assessment_Subparcels_landassessment,FIRM Panel Number,baths
caprate,building_quality,Assessment_Subparcels_marketvalue,Flood Risk Area,bedrooms
category,business_value_adjustment,Assessment_Subparcels_otherassessment,Floodplain Area,beds
cbsa_id,buyer_type,Assessment_Subparcels_specialassessments,For Sale Price,book_page_or_ref_doc
cbsa_name,cap_rate,Assessment_Subparcels_taxes,For Sale Status,boundary_comments
ceilingheight,care_type_comments,Assessment_Subparcels_taxid,Fund Name,buildable_sf
censusblock,ceiling_height,Assessment_Subparcels_taxingauthority,Gas,building_amenities
censustract,clean_up_costs,Assessment_Subparcels_taxrate,Heating,building_class
city,clear_height,Assessment_Subparcels_taxratecode,In SFHA,building_condition
cleanupcosts,client_name,Assessment_Subparcels_taxrateper,Land Area (AC),building_description
clearheight,column_spacing,Assessment_Subparcels_taxyear,Land Area (SF),building_features
client_name,comm_lease_comments,Assessment_Subparcels_totalassessment,Last Sale Date,building_quality
columnspacing,comm_lease_notes,Assessment_taxes,Last Sale Price,business_value_adjustment
comments,comm_lease_survey_date,Assessment_taxesperacre,Latitude,buyer_type
commercial_survey_id,comm_lease_terms,Assessment_taxespergbam2,Leasing Company Address,cap_rate
commleasecomments,comm_lease_type,Assessment_taxesperhectares,Leasing Company City State Zip,care_type_comments
commleasenotes,comm_rent_concessions,Assessment_taxesperlandm2,Leasing Company Contact,category
commleasesurveydate,comm_rent_per_sf_max,Assessment_taxesperlandsf,Leasing Company Fax,cbsa_id
commleaseterms,comm_rent_per_sf_min,Assessment_taxesperlandunit,Leasing Company Name,cbsa_name
commleasetype,comm_size_max,Assessment_taxesperra,Leasing Company Phone,ceiling_height
commrentconcessions,comm_size_min,Assessment_taxesperram2,LEED Certified,censusblock
commrentpersfmax,comm_vacancy_rate,Assessment_taxespersfgba,Longitude,censustract
commrentpersfmin,comm_verification_source,Assessment_taxesperunit,Market Name,city
commvacancy,conditions_of_sale,Assessment_taxrateper,Market Segment,comm_lease_comments
commsizemax,commercial_survey_id,Assessment_taxid,Max Building Contiguous Space,clean_up_costs
commsizemin,community_fee_max,Assessment_taxingauthority,Max Floor Contiguous Space,clear_height
communityfeemax,community_fee_min,Assessment_taxrate,Month Built,client_name
communityfeemin,condition_id,Assessment_taxratecode,Month Renovated,column_spacing
commverificationsource,conditions_of_sale_adjustment,Assessment_taxyear,Number Of Elevators,comm_lease_notes
condition,construction_type,Improvement_adr,Number Of Parking Spaces,comm_lease_terms
conditionid,contract_rent_max,Improvement_amenities,Number Of Stories,comm_lease_type
conditionsofsale,contract_rent_min,Improvement_ancillarybuildings,Office Space,comm_rent_concessions
conditionsofsaleadjustment,cooling_id,Improvement_basementsize,Operation Type,comm_rent_per_sf_max
confidential,cooling_type,Improvement_basementuseandfinish,Operational Status,comm_rent_per_sf_min
construction,corner,Improvement_buildingclass,Ops Expense,comm_size_max
constructionclass,costs_to_finish,Improvement_BuildingDescription,Ops Expense Per SF,comm_size_min
contractrentmax,covered_parking_spaces,Improvement_ceilingheight,Owner Address,comm_vacancy_rate
contractrentmin,created_at,Improvement_columnspacing,Owner City State Zip,comm_verification_source
cooling,created_by_user_id,Improvement_condition,Owner Contact,commercial_survey_id
coolingid,current_list_price,Improvement_construction,Owner Name,community_fee_max
corner,current_lp_percent_diff,Improvement_constructionclass,Owner Phone,community_fee_min
coststofinish,current_rent_per_mo,Improvement_cooling,Parcel Number 1(Min),commvacancy
country,current_use,Improvement_coveredparkingspaces,Parcel Number 2(Max),concessions
county,custom_fields,Improvement_deferredmaintance,Parent Company,condition_id
coveredparkingspaces,daily_rate_per_unit,Improvement_designappeal,Parking Ratio,conditions_of_sale
craneways,daily_rate_per_unit_max,Improvement_effectiveage,Parking Spaces/Unit,conditions_of_sale_adjustment
created_at,daily_rate_per_unit_min,Improvement_exteriorwall,Percent Leased,confidential
createdby,days_on_market,Improvement_ffande,Pre-Leasing,construction_type
currentlistprice,deferred_maintenance,Improvement_fireplaceorwoodstove,Primary Agent Name,contract_rent_max
currentlppercentdiff,demographics_survey_date,Improvement_foundation,Primary Corridors,contract_rent_min
currentrentpermo,depth,Improvement_garage,Property Address,cooling_id
currentuse,design_appeal,Improvement_garageparkingspaces,Property Location,cooling_type
dailyrateperunit,diminution_source,Improvement_gbaother,Property Manager Address,corner
dailyrateperunitmax,discount_rate,Improvement_gbaothermeters,Property Manager City State Zip,costs_to_finish
dailyrateperunitmin,district_name,Improvement_gbaretail,Property Manager Contact,country
datasource,district_url,Improvement_gbaretailMeters,Property Manager Name,county
daysonmarket,duration_seconds,Improvement_gbatotal,Property Manager Phone,covered_parking_spaces
deferredmaintance,earthquake_hazard_risk,Improvement_gbatotalmeters,Property Name,craneways
demographicssurveydate,earthquake_zone_comments,Improvement_heating,PropertyID,created_at
depth,east_boundary,Improvement_hotelflag,PropertyType,created_by_user_id
designappeal,eff_rent_per_mo,Improvement_improvmentcomments,Proposed Land Use,createdby
diminutionsource,effective_age,Improvement_landtobuildingratio,RBA,current_lp_percent_diff
discountrate,effective_gross_income_multiplier,Improvement_lhoccupancy,Recorded Owner Address,current_rent_per_mo
district,effective_rent_sf,Improvement_noofbuildings,Recorded Owner City State Zip,current_use
districtspending,effective_rent_sf_mo,Improvement_noofelevators,Recorded Owner Contact,custom_fields
districturl,effective_water_frontage,Improvement_noofescalators,Recorded Owner Name,daily_rate_per_unit
docks,encumbrance_or_easement,Improvement_noofgolfholes,Recorded Owner Phone,daily_rate_per_unit_max
drainage,enrollment,Improvement_noofotherunits,Rent Type,daily_rate_per_unit_min
duration_seconds,entry_fee_max,Improvement_noofretailunits,Rent/SF/Yr,data_source
earthquakehazardrisk,entry_fee_min,Improvement_noofseats,Sale Company Address,days_on_market
earthquakezonecomments,environmental_concerns,Improvement_noofstories,Sale Company City State Zip,deferred_maintenance
eastboundary,environmental_issues,Improvement_noofunits,Sale Company Contact,demographics_survey_date
effectiveage,environmental_remarks,Improvement_parking,Sale Company Fax,depth
effectiverentsf,environmental_status,Improvement_parkingadequacy,Sale Company Name,design_appeal
effectiverentsfmo,equalization_ratio,Improvement_parkingcomments,Sale Company Phone,dimensions
effectivewaterfrontage,excess_land_adjustment,Improvement_parkingcondition,Sales Company,diminution_source
effrentpermo,expenditures_after_sale_adjustment,Improvement_parkingratiogba,Sales Contact,discount_rate
effrentperyear,expense_growth_rate,Improvement_parkingratiora,Sales Contact Phone,district_name
concessions,construction_class,Assessment_totalassessment,Scale,comm_lease_survey_date
egim,expense_reimbursements,Improvement_parkingratiora,Secondary Type,district_url
encumbranceoreasement,expense_stop,Improvement_parkingratiounit,Services,districtspending
enrollment,exterior_wall,Improvement_parkingtype,Sewer,drainage
entryfeemax,exterior_wall_id,Improvement_percentoffice,Smallest Available Space,duration_seconds
entryfeemin,fema_map_date,Improvement_percentretail,Sprinklers,earthquake_hazard_risk
environmentalconcerns,ff_and_e,Improvement_perimeter,Star Rating,earthquake_zone_comments
environmentalissues,ff_and_e_adjustment,Improvement_productsegment,State,east_boundary
environmentalremarks,field_changed,Improvement_proportionrenovated,Style,eff_rent_per_mo
environmentalstatus,field_name,Improvement_quality,Subcontinent,eff_rent_per_year
escalations,field_value,Improvement_raother,Sublet Available Space,effective_age
excesslandadjustment,financing_terms_adjustment,Improvement_raothermeters,Sublet Services,effective_gross_income_multiplier
expendituresaftersaleadjustment,financing_type,Improvement_raretailgla,Sublet Vacant Space,effective_rent_sf
expensegrowthrate,finish_condition,Improvement_raretailmeters,Submarket Cluster,effective_rent_sf_mo
expensereimbursements,fireplace_or_woodstove,Improvement_ratotal,Submarket Name,effective_water_frontage
expensestop,flood_map_panel,Improvement_ratotalmeters,Tax Year,egim
exteriorwall,flood_zone,Improvement_remainingeconomiclife,Taxes Per SF,encumbrance_or_easement
exteriorwallid,floor_area_ratio,Improvement_renovations,Taxes Total,enrollment
far,floor_level,Improvement_roofcover,Tenancy,entry_fee_max
features,foundation_id,Improvement_rooftype,Total Available Space (SF),entry_fee_min
femamapdate,foundation_type,Improvement_sourceforsfarea,Total Buildings,environmental_concerns
ffande,free_rent_months,Improvement_sprinklers,Total New Space (SF),environmental_issues
ffandeadjustment,front_set_back_distance,Improvement_Subrecords_basementsize,Total Relet Space (SF),environmental_remarks
field_changed,garage_parking_spaces,Improvement_Subrecords_basementuseandfinish,Total Sublet Space (SF),environmental_status
field_name,garage_type,Improvement_Subrecords_ceilingheight,Total Vacant Avail Relet Space (SF),equalization_ratio
field_value,gba_total,Improvement_Subrecords_clearheight,Total Vacant Avail Sublet Space (SF),escalations
financing,gba_total_meters,Improvement_Subrecords_columnspacing,Total Vacant Available,excess_land_adjustment
financingtermsadjustment,geo_code,Improvement_Subrecords_condition,True Owner Address,expenditures_after_sale_adjustment
finish,geo_name,Improvement_Subrecords_conditionid,True Owner City State Zip,expense_growth_rate
finishcondition,geo_type,Improvement_Subrecords_construction,True Owner Contact,expense_reimbursements
fireplaceorwoodstove,geography_id,Improvement_Subrecords_constructionclass,True Owner Name,expense_stop
floodmappanel,grantee_buyer,Improvement_Subrecords_cooling,True Owner Phone,exterior_wall
floodzone,grantor_seller,Improvement_Subrecords_coolingid,Typical Floor Size,exterior_wall_id
floor,gross_building_area,Improvement_Subrecords_deferredmaintance,University,far
floorlevel,heating_id,Improvement_Subrecords_designappeal,Vacancy %,features
foundation,heating_type,Improvement_Subrecords_docks,Water,fema_map_date
foundationid,highest_and_best_use,Improvement_Subrecords_effectiveage,Year Built,ff_and_e
freerentmonths,holding_period_years,Improvement_Subrecords_exteriorwall,Year Renovated,ff_and_e_adjustment
frontsetbackdistance,home_site_acres,Improvement_Subrecords_exteriorwallid,Zip,field_changed
garage,hotel_flag,Improvement_Subrecords_ffande,Zoning,field_name
created_by_user_id,data_source,Improvement_features,,construction_class
dimensions,eff_rent_per_year,Improvement_landscaping,,current_list_price
garageparkingspaces,hotel_room_rev_multiplier,Improvement_Subrecords_fireplaceorwoodstove,,field_value
gba,id,Improvement_Subrecords_foundation,,financing
gbatotal,implied_value,Improvement_Subrecords_foundationid,,financing_terms_adjustment
gbatotalmeters,improvement_assessment,Improvement_Subrecords_garage,,financing_type
grantee,improvement_comments,Improvement_Subrecords_gbaothermeters,,finish
grantor,improvement_id,Improvement_Subrecords_gbaretailmeters,,finish_condition
gross_building_area,improvement_value,Improvement_Subrecords_gbatotalmeters,,fireplace_or_woodstove
heating,improvement_value_per_sf,Improvement_Subrecords_heating,,flood_map_panel
heatingid,income_growth,Improvement_Subrecords_heatingid,,flood_zone
highestandbestuse,income_growth_rate,Improvement_Subrecords_id,,floor
holdingperiodyears,income_target_percent,Improvement_Subrecords_landscaping,,floor_area_ratio
homesiteacres,industrial_gba,Improvement_Subrecords_NA_parcelId,,floor_level
hotelflag,industrial_ra,Improvement_Subrecords_noofelevators,,foundation_id
hotelroomrevmultiplier,ingestion_timestamp,Improvement_Subrecords_noofescalators,,foundation_type
id,instance_type,Improvement_Subrecords_noofgolfholes,,free_rent_months
improvement_id,internal_comments,Improvement_Subrecords_noofhalfbaths,,front_set_back_distance
improvement_subrecords_ancillarybuildings,is_active,Improvement_Subrecords_noofretailunits,,garage_parking_spaces
improvement_subrecords_basementsize,is_confidential,Improvement_Subrecords_noofseats,,garage_type
improvement_subrecords_basementuseandfinish,is_deleted,Improvement_Subrecords_noofstories,,gba
improvement_subrecords_buildingclass,is_excel_entry,Improvement_Subrecords_nooftruckdoors,,gba_total
improvement_subrecords_buildingdescription,is_ground_lease,Improvement_Subrecords_nooftruckdoorswithlevelers,,gba_total_meters
improvement_subrecords_ceilingheight,is_lihtc,Improvement_Subrecords_othergba,,geo_code
improvement_subrecords_clearheight,land_assessment,Improvement_Subrecords_otherra,,geo_name
improvement_subrecords_columnspacing,land_hectares,Improvement_Subrecords_percentretail,,geo_type
improvement_subrecords_condition,land_sf,Improvement_Subrecords_perimetersf,,geography_id
improvement_subrecords_construction,land_square_meters,Improvement_Subrecords_porchordeck,,grantee
improvement_subrecords_constructionclass,land_to_building_ratio,Improvement_Subrecords_quality,,grantee_buyer
improvement_subrecords_cooling,land_unit_approved_or_zoned,Improvement_Subrecords_qualityid,,grantor
improvement_subrecords_coveredparkingspaces,land_unit_type,Improvement_Subrecords_raothermeters,,grantor_seller
improvement_subrecords_deferredmaintance,land_units,Improvement_Subrecords_ratotalmeters,,gross_building_area
improvement_subrecords_designappeal,land_use,Improvement_Subrecords_remainingeconomiclife,,heating_id
improvement_subrecords_docks,land_value,Improvement_Subrecords_renovations,,heating_type
improvement_subrecords_effectiveage,land_value_per_sf,Improvement_Subrecords_rentablearea,,highest_and_best_use
improvement_subrecords_exteriorwall,last_rent_increase,Improvement_Subrecords_residentialamenities,,holding_period_years
improvement_subrecords_ffande,lat,Improvement_Subrecords_residentialdesign,,home_site_acres
improvement_subrecords_fireplaceorwoodstove,lat_centroid,Improvement_Subrecords_retailgba,,hotel_flag
improvement_subrecords_foundation,lease_commencement_date,Improvement_Subrecords_retailgla,,hotel_room_rev_multiplier
improvement_subrecords_garage,lease_comp_id,Improvement_Subrecords_roofcover,,id
improvement_subrecords_garageparkingspaces,lease_concessions,Improvement_Subrecords_roofcoverid,,implied_value
improvement_subrecords_gbatotalmeters,lease_conditions,Improvement_Subrecords_rooftype,,improvement_assessment
improvement_subrecords_heating,lease_expiration_date,Improvement_Subrecords_rooftypeid,,improvement_comments
improvement_subrecords_landscaping,lease_options,Improvement_Subrecords_sourceforsfarea,,improvement_id
improvement_subrecords_landtobuildingratio,lease_start_date,Improvement_Subrecords_sprinklers,,improvement_subrecords_condition
improvement_subrecords_loadfactor,lease_tenant_improvs,Improvement_Subrecords_sprinklersid,,improvement_subrecords_construction
improvement_subrecords_multifamilyamenities,lease_term_months,Improvement_Subrecords_tenantimprovements,,improvement_subrecords_cooling
improvement_subrecords_noofbathrooms,lease_transaction_type,Improvement_Subrecords_totaleconomiclife,,improvement_subrecords_deferredmaintance
improvement_subrecords_noofbays,lease_type,Improvement_Subrecords_usablearea,,improvement_subrecords_docks
improvement_subrecords_noofbedrooms,leaseexpiredate,Improvement_Subrecords_yearbuilt,,improvement_subrecords_foundation
improvement_subrecords_noofbeds,leasestartdate,Improvement_surfaceparkingspaces,,improvement_subrecords_garage
improvement_subrecords_noofelevators,legal_description,Improvement_tenantimprovements,,improvement_subrecords_heating
improvement_subrecords_noofescalators,lender_name,Improvement_totaleconomiclife,,improvement_subrecords_landscaping
improvement_subrecords_noofgolfholes,lessor_name,Improvement_yearbuilt,,improvement_subrecords_landtobuildingratio
improvement_subrecords_noofhalfbaths,lh_occupancy,Improvement_yearbuiltnumeric,,improvement_subrecords_loadfactor
improvement_subrecords_noofrooms,lightbox_created_by,incExp_advertisingandmarketing,,improvement_subrecords_multifamilyamenities
improvement_subrecords_noofseats,lightbox_id,incExp_annualrent,,improvement_subrecords_noofbathrooms
improvement_subrecords_noofspaces,lightbox_timestamp,incExp_baserentabatement,,improvement_subrecords_noofbays
improvement_subrecords_noofstories,lng,incExp_buildingrepairs,,improvement_subrecords_noofbedrooms
improvement_subrecords_nooftruckdoors,lng_centroid,incExp_cam,,improvement_subrecords_noofbeds
improvement_subrecords_nooftruckdoorswithlevelers,load_factor,incExp_cleaning,,improvement_subrecords_noofelevators
improvement_subrecords_noofunits,major_type,incExp_comments,,improvement_subrecords_noofescalators
improvement_subrecords_parking,management_company,incExp_deductreserves,,improvement_subrecords_noofgolfholes
improvement_subrecords_parkingadequacy,market_rent_max,incExp_egi,,improvement_subrecords_noofhalfbaths
improvement_subrecords_parkingcomments,market_rent_min,incExp_egipersf,,improvement_subrecords_noofrooms
improvement_subrecords_parkingcondition,market_rent_per_mo,incExp_egiperunit,,improvement_subrecords_noofseats
improvement_subrecords_parkingtype,market_rent_per_sf,incExp_electricexpense,,improvement_subrecords_noofspaces
improvement_subrecords_porchordeck,max_build_height,incExp_ExpensePerSF,,improvement_subrecords_noofstories
improvement_subrecords_proportionrenovated,max_gross_lihtc_restricted_rent,incExp_ExpensePerUnit,,improvement_subrecords_nooftruckdoors
improvement_subrecords_quality,max_site_coverage,incExp_expenseratio,,improvement_subrecords_nooftruckdoorswithlevelers
improvement_subrecords_ratotalmeters,median_hh_income,incExp_expensereimbursements,,improvement_subrecords_noofunits
improvement_subrecords_remainingeconomiclife,median_home_value,incExp_expleasingcommissions,,improvement_subrecords_parking
improvement_subrecords_renovations,median_household_income,incExp_exptenantimprovements,,improvement_subrecords_parkingadequacy
improvement_subrecords_residentialamenities,merge_timestamp,incExp_financialstype,,improvement_subrecords_parkingcomments
improvement_subrecords_residentialdesign,merged_by_user_or_system,incExp_fuelexpense,,improvement_subrecords_parkingcondition
improvement_subrecords_roofcover,mf_br_max,incExp_gasexpense,,improvement_subrecords_parkingtype
improvement_subrecords_rooftype,mf_br_min,incExp_generalandadministrative,,improvement_subrecords_porchordeck
improvement_subrecords_sourceforsfarea,mf_carport_fee_monthly,incExp_generalandadministrative2,,improvement_subrecords_proportionrenovated
improvement_subrecords_sprinklers,mf_garage_fee_monthly,incExp_GroundRentExp,,improvement_subrecords_quality
improvement_subrecords_surfaceparkingspaces,mf_lease_comments,incExp_groundsandsecurity,,improvement_subrecords_ratotalmeters
improvement_subrecords_tenantimprovements,mf_lease_notes,incExp_insurance,,improvement_subrecords_remainingeconomiclife
improvement_subrecords_totaleconomiclife,mf_lease_survey_date,incExp_maintenancesalaries,,improvement_subrecords_renovations
improvement_subrecords_typicalbaydepth,mf_occupancy,incExp_management,,improvement_subrecords_residentialamenities
improvement_subrecords_usablearea,mf_rent_concessions,incExp_managerleasingsalaries,,improvement_subrecords_residentialdesign
improvement_subrecords_yearbuilt,mf_rent_per_mo_max,incExp_name,,improvement_subrecords_roofcover
improvementvalue,mf_rent_per_mo_min,incExp_netparkingincome,,improvement_subrecords_rooftype
improvementvaluepersf,mf_rent_per_sf_max,incExp_noi,,improvement_subrecords_sourceforsfarea
improvmentcomments,mf_rent_per_sf_min,incExp_noiperbed,,improvement_subrecords_sprinklers
incomegrowth,mf_rent_per_sf_per_mo_max,incExp_noipergbam2,,improvement_subrecords_surfaceparkingspaces
incomegrowthrate,mf_rent_per_sf_per_mo_min,incExp_noiperrasf,,improvement_subrecords_tenantimprovements
incometarget,mf_rent_type,incExp_noipersf,,improvement_subrecords_totaleconomiclife
industrialgba,mf_size_sf_max,incExp_noiperunit,,improvement_subrecords_typicalbaydepth
industrialra,mf_size_sf_min,incExp_noiperusablesf,,improvement_subrecords_usablearea
ingestion_timestamp,mf_source_notes,incExp_nonrevenueunits,,improvement_subrecords_yearbuilt
instancetype,mf_surveyed_unit_count_total,incExp_occupancy,,improvement_value
internalcomments,mf_total_annual_rent,incExp_onsitemanagementexp,,improvement_value_per_sf
isdeleted,mf_total_rent_per_month,incExp_otherexpenses,,income_growth
isexcel,mf_unit_amenities,incExp_otherincome,,income_growth_rate
isgroundlease,mf_vacant_units_count,incExp_otherrepairs,,income_target_percent
jurisdiction,mf_weighted_avg_rent_per_sf_per_mo,incExp_othersalaries,,incometarget
landhectares,mf_weighted_avg_rent_per_sf_per_year,incExp_paintinganddecorating,,industrial_gba
landscaping,mf_weighted_avg_rent_per_unit,incExp_payrolltaxes,,industrial_ra
landsf,min_lot_area,incExp_payrolltotal,,ingestion_timestamp
landsquaremeters,minimum_lot_area,incExp_percentagerent,,instance_type
landtobuildingratio,monthly_or_daily_rent,incExp_pgi,,internal_comments
landunitapprovedorzoned,multifamily_amenities,incExp_pgipersf,,is_active
landunits,multifamily_gba,incExp_pgiperunit,,is_confidential
landunittype,name,incExp_professionalservicesexp,,is_deleted
landuse,net_income_multiplier,incExp_repairsandmaintenance,,is_excel_entry
landvalue,new_value,incExp_reserves,,is_ground_lease
landvaluepersf,no_of_bathrooms,incExp_sewerexpense,,is_lihtc
lastrentincrease,no_of_baths,incExp_surveydate,,isexcel
lat,no_of_bays,incExp_taxexpense,,jurisdiction
lease_comp_id,no_of_bedrooms,incExp_totalexpenses,,land_assessment
leaseconditions,no_of_beds,incExp_totalutilities,,land_hectares
leasedate,no_of_buildings,incExp_trashexpense,,land_sf
leaseexpiration,no_of_craneways,incExp_vacancy,,land_square_meters
leaseexpiredate,no_of_docks,incExp_vacancycost,,land_unit_approved_or_zoned
leasestart,no_of_elevators,incExp_vacancycostpersf,,land_unit_type
leasestartdate,no_of_escalators,incExp_vacancycostperunit,,land_units
leasetenantimprovs,no_of_golf_holes,incExp_waterexpense,,land_use
leaseterm,no_of_half_baths,Parcel_address,,land_value
leasetransactiontype,no_of_mf_bathrooms,Parcel_appraisalfile,,land_value_per_sf
leasetype,no_of_multifamily_bedrooms,Parcel_appraisalusage,,last_rent_increase
legaldescription,no_of_multifamily_rooms,Parcel_cbsa_id,,lat
lender,no_of_rooms,Parcel_cbsa_name,,lat_centroid
lessor,no_of_seats,Parcel_censusblock,,lease_commencement_date
lhoccupancy,no_of_spaces,Parcel_censustract,,lease_comp_id
lhtc,no_of_stories,Parcel_city,,lease_concessions
lightbox_id,no_of_tenants,Parcel_country,,lease_conditions
lng,no_of_truck_doors,Parcel_county,,lease_expiration_date
loadfactor,no_of_truck_doors_with_levelers,Parcel_createdby,,lease_options
locationdescription,no_of_units,Parcel_eastboundary,,lease_start_date
managementcompany,north_boundary,Parcel_far,,lease_tenant_improvs
market,notes,Parcel_id,,lease_term_months
marketrentmax,number_of_parcels,Parcel_isgroundlease,,lease_transaction_type
marketrentmin,occupancy_type,Parcel_lat,,lease_type
marketrentmo,office_gba,Parcel_lng,,leasedate
marketrentsf,office_ra,Parcel_locationdescription,,leaseexpiration
maxbuildheight,old_value,Parcel_market,,leaseexpiredate
maxgrosslihtcrestrictedrent,opportunity_zone,Parcel_msa,,leasestart
maxsitecoverage,ordinance_document,Parcel_municipality,,leaseterm
medianhomevalue,ordinance_document_url,Parcel_name,,legal_description
medianhouseholdincome,original_list_price,Parcel_name,,lender
merge_timestamp,original_lp_percent_diff,Parcel_neighborhood,,lender_name
merged_by_user_or_system,other_acres,Parcel_neighborhoodcomments,,lessor
mfamenities,other_adjustment,Parcel_northboundary,,lessor_name
mfbrmax,other_assessment,Parcel_opportunityzone,,lh_occupancy
mfbrmin,other_db_refs,Parcel_otherdbrefs,,lhtc
mfcarportfeemonthly,other_gba,Parcel_owner,,lightbox_created_by
mfgaragefeemonthly,other_ra,Parcel_parcelcomments,,lightbox_id
mfleasecomments,owner,Parcel_parcelverificationdata,,lightbox_timestamp
mfleasenotes,parcel_comments,Parcel_propertymajortype,,lng
mfleasesurveydate,parcel_id,Parcel_propertysubtype,,lng_centroid
mfoccupancy,parcel_verification_data,Parcel_propertytype,,locationdescription
mfrentconcessions,parent_geo_id,Parcel_readyforuse,,major_type
mfrentpermomax,parking,Parcel_southboundary,,management_company
mfrentpermomin,parking_adequacy,Parcel_state,,market
mfrentpersfmax,parking_adequacy_id,Parcel_submarket,,market_rent_max
mfrentpersfmin,parking_comments,Parcel_supportingfiles,,market_rent_min
mfrentpersfpermomax,parking_condition,Parcel_timestamp,,market_rent_per_mo
mfrentpersfpermomin,parking_condition_id,Parcel_townshiprange,,market_rent_per_sf
mfrenttype,parking_ratio_gba,Parcel_westboundary,,marketrentmo
mfsizesfmax,parking_ratio_ra,Parcel_zip,,marketrentsf
mfsizesfmin,parking_ratio_unit,Rent Roll Summary_anchors,,max_build_height
mfsourcenotes,parking_requirement,Rent Roll Summary_commleasecomments,,max_gross_lihtc_restricted_rent
mfsurveyedunitcounttotal,parking_type,Rent Roll Summary_commleasenotes,,max_site_coverage
mftotalannualrent,parking_type_id,Rent Roll Summary_CommLeaseNotes,,median_hh_income
mftotalrentpermonth,per_pupil_spending,Rent Roll Summary_commleasesurveydate,,median_home_value
mfvacantunitscount,percent_diminution_in_value,Rent Roll Summary_commleaseterms,,median_household_income
mfweightedavgrentpersfpermo,percent_office_ul,Rent Roll Summary_CommLeaseType,,merge_timestamp
mfweightedavgrentpersfperyear,percent_rent,Rent Roll Summary_commrentconcessions,,merged_by_user_or_system
mfweightedavgrentperunit,percent_stigma,Rent Roll Summary_commrentpersfmax,,mf_br_max
minimumlotarea,percent_tillable,Rent Roll Summary_commrentpersfmin,,mf_br_min
minlotarea,percent_wetlands,Rent Roll Summary_commsizemax,,mf_carport_fee_monthly
monthlyordailyrent,perimeter,Rent Roll Summary_commsizemin,,mf_garage_fee_monthly
msa,perimeter_sf,Rent Roll Summary_commvacancy,,mf_lease_comments
multifamilyamenities,permitted_uses,Rent Roll Summary_commverificationsource,,mf_lease_notes
multifamilygba,population,Rent Roll Summary_confidential,,mf_lease_survey_date
municipality,porch_or_deck,Rent Roll Summary_escalations,,mf_occupancy
name,potential_gross_income_multiplier,Rent Roll Summary_ID,,mf_rent_concessions
neighborhood,price_adjustment,Rent Roll Summary_instancetype,,mf_rent_per_mo_max
neighborhoodcomments,price_per_acre,Rent Roll Summary_nooftenants,,mf_rent_per_mo_min
net_rentable_area,price_per_bay,Rent Roll Summary_rentpersfpermomax,,mf_rent_per_sf_max
new_value,price_per_bed,Rent Roll Summary_rentpersfpermomin,,mf_rent_per_sf_min
nim,price_per_bedroom,Rent Roll Summary_sfleased,,mf_rent_per_sf_per_mo_max
noofbathrooms,price_per_buildable_sf,Rent Roll Summary_shadowanchors,,mf_rent_per_sf_per_mo_min
noofbays,price_per_far,Rent Roll Summary_tenant,,mf_rent_type
noofbedrooms,price_per_gba_meters,Rent Roll_anchortype,,mf_size_sf_max
noofbeds,price_per_land_hectares,Rent Roll_baserentpermo,,mf_size_sf_min
noofbuildings,price_per_land_sf,Rent Roll_baserentperyear,,mf_source_notes
noofelevators,price_per_land_sqm,Rent Roll_baserentsf,,mf_surveyed_unit_count_total
noofescalators,price_per_land_unit,Rent Roll_baserentsfmo,,mf_total_annual_rent
noofgolfholes,price_per_mf_bedroom,Rent Roll_comments,,mf_total_rent_per_month
noofhalfbaths,price_per_mf_room,Rent Roll_commleasesurveydate,,mf_unit_amenities
noofmfbathrooms,price_per_primary_frontage,Rent Roll_concessions,,mf_vacant_units_count
noofmultifamilybedrooms,price_per_ra,Rent Roll_coststofinish,,mf_weighted_avg_rent_per_sf_per_mo
noofmultifamilyrooms,price_per_ra_meters,Rent Roll_CurrentRentPerMo,,mf_weighted_avg_rent_per_sf_per_year
noofrooms,price_per_room,Rent Roll_datasource,,mf_weighted_avg_rent_per_unit
noofseats,price_per_sf,Rent Roll_effectiverentsf,,mfamenities
noofspaces,price_per_space,Rent Roll_effectiverentsfmo,,min_lot_area
noofstories,price_per_unit,Rent Roll_effrentpermo,,minimum_lot_area
nooftenants,price_per_usable_acre,Rent Roll_effrentperyear,,monthly_or_daily_rent
nooftruckdoors,price_per_usable_land_sf,Rent Roll_escalations,,msa
nooftruckdoorswithlevelers,primary_frontage_lf,Rent Roll_expensereimbursements,,multifamily_gba
noofunits,primary_frontage_st,Rent Roll_expensestop,,municipality
northboundary,product_segment,Rent Roll_finish,,name
number_of_units,productivity_index,Rent Roll_floorlevel,,neighborhood
numberofparcels,project_amenities,Rent Roll_freerentmonths,,neighborhoodcomments
occupancytype,project_id,Rent Roll_id,,net_income_multiplier
officegba,project_name,Rent Roll_leaseconditions,,net_rentable_area
officera,project_property_id,Rent Roll_leasedate,,new_value
old_value,project_style,Rent Roll_leaseexpiredate,,nim
opportunityzone,property_assessment_id,Rent Roll_leasestartdate,,no_of_baths
options,property_id,Rent Roll_leasetenantimprovs,,no_of_buildings
ordinancedocument,property_included,Rent Roll_leaseterm,,no_of_craneways
originallistprice,property_rights,Rent Roll_leasetransactiontype,,no_of_docks
originallppercentdiff,property_type,Rent Roll_leasetype,,no_of_mf_bathrooms
otheracres,property_type_id,Rent Roll_lessor,,no_of_multifamily_bedrooms
otheradjustment,property_zoning_id,Rent Roll_options,,no_of_multifamily_rooms
otherdbrefs,proportion_renovated,Rent Roll_percentofficeul,,no_of_tenants
othergba,proposed_sf,Rent Roll_percentrent,,north_boundary
otherra,proposed_units,Rent Roll_rentbasis,,notes
owner,proposed_use,Rent Roll_rentincreased,,number_of_parcels
parcel_id,quality_id,Rent Roll_rentperm2,,number_of_units
parcelcomments,ra_total,Rent Roll_rentperm2permo,,occupancy_type
parcelid,ra_total_meters,Rent Roll_rentpersfpermo,,office_gba
parcelverificationdata,rail_service,Rent Roll_sizem2,,office_ra
parking,ready_for_use,Rent Roll_suite,,old_value
parkingadequacy,rear_yard_distance,Rent Roll_tenant,,opportunity_zone
parkingadequacyid,recording_date,Rent Roll_tenantcam,,options
parkingcomments,remaining_economic_life,Rent Roll_tenantparking,,ordinance_document
parkingcondition,renovations_description,Rent Roll_typeoruseofspace,,ordinance_document_url
parkingconditionid,rent_basis,Rent Roll_unitsf,,original_list_price
parkingratiogba,rent_comp_id,Rent Roll_verificationdate,,original_lp_percent_diff
parkingratiora,rent_escalations,Rent Roll_verificationsource,,other_acres
parkingratiounit,rent_increase_percent,Saleinfo_NIM,,other_adjustment
parkingrequirement,rent_last_increased,Sales_activestatus,,other_assessment
parkingtype,rent_per_mo,Sales_adjustmentcomments,,other_db_refs
parkingtypeid,rent_per_sf_per_mo,Sales_appraisaldate,,other_gba
percentdiminutioninvalue,rent_per_sf_per_mo_max,Sales_appraisedvalue,,other_ra
percentofficeul,rent_per_sf_per_mo_min,Sales_bookpageorrefdoc,,owner
percentrent,rent_per_sq_meter,Sales_businessvalueadjustment,,parcel_comments
percentstigma,rent_per_sq_meter_per_mo,Sales_buyertype,,parcel_id
percenttillable,rent_roll_summary_commleasenotes,Sales_caprate,,parcel_verification_data
percentwetlands,rentable_area,Sales_caprate,,parent_geo_id
perimeter,residential_amenities,Sales_cleanupcosts,,parking_adequacy_id
perimetersf,residential_design,Sales_conditionsofsale,,parking_condition_id
permitteduses,responsible_party,Sales_conditionsofsaleadjustment,,parking_ratio_gba
pgim,retail_gba,Sales_confidential,,parking_ratio_ra
porchordeck,retail_gla,Sales_currentlistprice,,parking_ratio_unit
price,rev_par,Sales_currentlppercentdiff,,parking_requirement
priceactual,risk_profile,Sales_currentuse,,parking_type_id
priceadjustment,road_frontage,Sales_datasource,,per_pupil_spending
priceperacre,roof_cover,Sales_daysonmarket,,percent_diminution_in_value
priceperbay,roof_cover_id,Sales_diminutionsource,,percent_office_ul
priceperbed,roof_type,Sales_discountrate,,percent_rent
priceperbedroom,roof_type_id,Sales_egim,,percent_stigma
priceperbuildablesf,sale_comments,Sales_environmentalconcerns,,percent_tillable
priceperfar,sale_comp_id,Sales_environmentalremarks,,percent_wetlands
pricepergbameters,sale_date,Sales_environmentalstatus,,perimeter
priceperlandhectares,sale_notes,Sales_excesslandadjustment,,perimeter_sf
priceperlandsf,sale_price,Sales_expendituresaftersaleadjustment,,permitted_uses
priceperlandsqm,sale_supporting_files,Sales_expensegrowthrate,,pgim
priceperlandunit,school_district_id,Sales_ffandeadjustment,,population
pricepermfbedroom,secondary_frontage_lf,Sales_financing,,potential_gross_income_multiplier
pricepermfroom,secondary_frontage_st,Sales_financingtermsadjustment,,price
priceperprimaryfrontage,secondary_traffic_count,Sales_finishcondition,,price_adjustment
priceperra,session_end,Sales_grantee,,price_per_acre
priceperrameters,session_start,Sales_grantor,,price_per_bay
priceperroom,setback_distance,Sales_highestandbestuse,,price_per_bed
pricepersf,sf_leased,Sales_holdingperiodyears,,price_per_bedroom
priceperspace,sf_size_max,Sales_hotelroomrevmultiplier,,price_per_buildable_sf
priceperunit,sf_size_min,Sales_id,,price_per_far
priceperusableacre,shadow_anchors,Sales_improvementvalue,,price_per_gba_meters
priceperusablelandsf,shape,Sales_improvementvaluepersf,,price_per_land_hectares
primaryfrontagelf,side_yard_distance,Sales_incomegrowth,,price_per_land_sf
primaryfrontagest,site_acres,Sales_incomegrowthrate,,price_per_land_sqm
productivityindex,site_area_id,Sales_internalcomments,,price_per_land_unit
productsegment,site_comments,Sales_isdeleted,,price_per_mf_bedroom
project_id,site_dimensions,Sales_isexcel,,price_per_mf_room
project_name,site_drainage,Sales_landvalue,,price_per_primary_frontage
project_property_id,site_id,Sales_landvaluepersf,,price_per_ra
projectamenities,site_landscaping,Sales_legaldescription,,price_per_ra_meters
projectstyle,site_topography,Sales_lender,,price_per_room
property_id,site_utilities,Sales_nim,,price_per_sf
property_zoning_id,site_views,Sales_originallistprice,,price_per_space
propertyincluded,site_visibility,Sales_originallppercentdiff,,price_per_unit
propertymajortype,size_sq_meters,Sales_otheradjustment,,price_per_usable_acre
propertyrights,soil_type,Sales_percentdiminutioninvalue,,price_per_usable_land_sf
propertysubtype,source_for_sf_area,Sales_percentstigma,,priceactual
propertytype,source_system,Sales_pgim,,primary_frontage_lf
proportionrenovated,south_boundary,Sales_price,,primary_frontage_st
proposedsf,space_finish,Sales_priceactual,,product_segment
proposedunits,special_assessments,Sales_priceadjustment,,productivity_index
proposeduse,sprinkler_type,Sales_priceperacre,,project_amenities
quality,sprinklers_id,Sales_priceperbuildablesf,,project_id
qualityid,square_feet,Sales_priceperfar,,project_name
railservice,status,Sales_pricepergbameters,,project_property_id
ratotal,storage_fee,Sales_priceperlandhectares,,project_style
ratotalmeters,student_teacher_ratio,Sales_priceperlandsf,,property_assessment_id
readyforuse,sub_type,Sales_priceperlandsqm,,property_id
rearyarddistance,suite_number,Sales_priceperlandunit,,property_included
recordingdate,supporting_files,Sales_priceperprimaryfrontage,,property_rights
remainingeconomiclife,surface_parking_spaces,Sales_priceperra,,property_type
renovations,tax_id,Sales_priceperrameters,,property_type_id
rent_comp_id,tax_rate,Sales_pricepersf,,property_zoning_id
rent_roll_summary_commleasenotes,taxing_authority,Sales_priceperusableacre,,propertymajortype
rentablearea,tenant_cam,Sales_priceperusableacre,,propertysubtype
rentbasis,tenant_improvements,Sales_priceperusablelandsf,,proposed_sf
rentincreased,tenant_name,Sales_propertyincluded,,proposed_units
rentincreasepercent,tenant_parking,Sales_propertyrights,,proposed_use
rentperm2,tenant_profile,Sales_proposeduse,,quality_id
rentperm2permo,terminal_cap_rate,Sales_recordingdate,,ra_total
rentpermo,tertiary_frontage_lf,Sales_responsibleparty,,rail_service
rentpersfpermo,tertiary_frontage_st,Sales_riskprofile,,ready_for_use
rentpersfpermomax,tertiary_traffic_count,Sales_salecomments,,rear_yard_distance
rentpersfpermomin,tillable_acres,Sales_saledate,,recording_date
residentialamenities,time_log_id,Sales_salenotes,,renovations_description
residentialdesign,tos_cap_rate,Sales_salesupportingfiles,,rent_basis
responsibleparty,tos_effective_age,Sales_terminalcaprate,,rent_comp_id
retailgba,tos_egim,Sales_toscaprate,,rent_escalations
retailgla,tos_noi,Sales_toseffectiveage,,rent_increase_percent
revpar,tos_number_of_tenants,Sales_tosnoi,,rent_last_increased
riskprofile,tos_occupancy_rate,Sales_tosnumberoftenants,,rent_per_mo
roadfrontage,tos_price_per_rsf,Sales_tosoccupancyrate,,rent_per_sf_per_mo
roofcover,tos_price_per_useable_acre_land,Sales_tospriceperrsf,,rent_per_sf_per_mo_max
roofcoverid,tos_price_per_useable_sf_land,Sales_tospriceperuseableacreland,,rent_per_sf_per_mo_min
rooftype,tos_tenancy_type,Sales_tospriceperuseablesfland,,rent_per_sq_meter
rooftypeid,tos_vacancy_rate,Sales_tostenancytype,,rent_per_sq_meter_per_mo
rooms,tos_weighted_avg_lease_term,Sales_tosvacancyrate,,rent_roll_summary_commleasenotes
sale_comp_id,total_assessment,Sales_tosweightedaverageleaseterm,,rentable_area
salecomments,total_economic_life,Sales_transactiontype,,rentincreased
saledate,total_market_rent,Sales_typeofcontamination,,rentperm2
salenotes,total_taxes,Sales_verificationdate,,rentperm2permo
salesupportingfiles,traffic_count,Sales_verificationphone,,responsible_party
schooldistrict,traffic_survey_date,Sales_verificationsource,,retail_gba
secondaryfrontagelf,transaction_type,Sites_access,,retail_gla
secondaryfrontagest,type_of_contamination,Sites_acres,,rev_par
secondarytrafficcount,type_or_use_of_space,Sites_allowablefloorareasf,,risk_profile
session_end,typical_bay_depth,Sites_allutilities,,road_frontage
session_start,unit_category,Sites_areainfloodzone,,roof_cover_id
setbackdistance,unit_count,Sites_buildablesf,,roof_type_id
sfleased,unit_depth_ft,Sites_corner,,rooms
sfsizemax,unit_floor,Sites_demographicssurveydate,,sale_comments
sfsizemin,unit_height_ft,Sites_depth,,sale_comp_id
shadowanchors,unit_mix_id,Sites_dimensions,,sale_date
shalcommunityfee,unit_sf,Sites_drainage,,sale_notes
shalentryfee,unit_type,Sites_earthquakehazardrisk,,sale_price
shaloccupancypercentage,unit_width_ft,Sites_earthquakezonecomments,,sale_supporting_files
shalsecondpersonfeemonthly,updated_at,Sites_easementacres,,school_district_id
shalunitcount,updated_by_user_id,Sites_easementlandsf,,schooldistrict
shape,usable_area,Sites_effectivewaterfrontage,,secondary_frontage_lf
shcaretypecomments,user_id,Sites_encumbranceoreasement,,secondary_frontage_st
shilcommunityfee,utilities_paid_by_owner,Sites_environmentalissues,,secondary_traffic_count
shilentryfee,utility_allowance,Sites_excessacres,,session_end
shiloccupancypercentage,vacancy_rate,Sites_excesslandsf,,session_start
shilsecondpersonfeemonthly,vacant_units,Sites_femamapdate,,setback_distance
shilunitcount,verification_date,Sites_floodmappanel,,sf_leased
shmccommunityfee,verification_phone,Sites_floodzone,,sf_size_max
shmcentryfee,verification_source,Sites_homesiteacres,,sf_size_min
shmcoccupancypercentage,verificationdate,Sites_landhectares,,shadow_anchors
shmcsecondpersonfeemonthly,waste_acres,Sites_landsf,,shalcommunityfee
shmcunitcount,water_frontage,Sites_landsquaremeters,,shalentryfee
shothercommunityfee,west_boundary,Sites_landunitapprovedorzoned,,shaloccupancypercentage
shotherentryfee,wetland_acres,Sites_landunits,,shalsecondpersonfeemonthly
shotheroccupancypercentage,wetlands_type,Sites_landunittype,,shalunitcount
shothersecondpersonfeemonthly,within_flood_plain,Sites_landuse,,shape
shotherunitcount,woodland_acres,Sites_medianhomevalue,,shcaretypecomments
shpayormedicaidpercentage,year_built,Sites_medianhouseholdincome,,shilcommunityfee
shpayormedicarepercentage,year_built_numeric,Sites_NumberOfParcels,,shilentryfee
shpayorotherpercentage,zoned_density,Sites_otheracres,,shilunitcount
shpayorprivatepaypercentage,zoning_authority,Sites_percenttillable,,shmccommunityfee
shpayorvapercentage,zoning_code,Sites_percentwetlands,,shmcentryfee
shsncommunityfee,zoning_designation,Sites_primaryfrontagelf,,shmcoccupancypercentage
shsnentryfee,zoning_district,Sites_primaryfrontagest,,shmcsecondpersonfeemonthly
shsnoccupancypercentage,zoning_id,Sites_productivityindex,,shmcunitcount
shsnsecondpersonfeemonthly,zoning_jurisdiction,Sites_proposedsf,,shothercommunityfee
shsnunitcount,zoning_notes,Sites_roadfrontage,,shotherentryfee
sideyarddistance,zoning_summary,Sites_secondaryfrontagelf,,shotheroccupancypercentage
site_area_id,zoning_type,Sites_secondaryfrontagest,,shothersecondpersonfeemonthly
site_id,,Sites_secondarytrafficcount,,shotherunitcount
sitecomments,,Sites_shape,,shpayormedicaidpercentage
sizem2,,Sites_sitecomments,,shpayormedicarepercentage
soiltype,,Sites_soiltype,,shpayorotherpercentage
source_system,,Sites_Subparcels_acres,,shpayorprivatepaypercentage
sourceforsfarea,,Sites_Subparcels_id,,shpayorvapercentage
southboundary,,Sites_Subparcels_identification,,shsncommunityfee
sprinklers,,Sites_Subparcels_landsf,,shsnentryfee
sprinklersid,,Sites_Subparcels_parcelid,,shsnoccupancypercentage
square_feet,,Sites_Subparcels_subparcelcomments,,shsnsecondpersonfeemonthly
state,,Sites_SurplusAcres,,shsnunitcount
status,,Sites_SurplusLandSF,,side_yard_distance
storagefee,,Sites_tertiaryfrontagelf,,site_acres
studentteacherratio,,Sites_tertiaryfrontagest,,site_area_id
submarket,,Sites_tertiarytrafficcount,,site_comments
suite,,Sites_tillableacres,,site_dimensions
summary,,Sites_topography,,site_drainage
supportingfiles,,Sites_trafficcount,,site_id
surfaceparkingspaces,,Sites_trafficsurveydate,,site_landscaping
tenant,,Sites_UnusableAcres,,site_topography
tenantcam,,Sites_UnusableLandSF,,site_utilities
tenantimprovements,,Sites_usableacres,,site_views
tenantparking,,Sites_usablelandsf,,site_visibility
tenantprofile,,Sites_utilities,,size_sq_meters
terminalcaprate,,Sites_views,,sizem2
tertiaryfrontagelf,,Sites_visibility,,soil_type
tertiaryfrontagest,,Sites_wasteacres,,source_system
tertiarytrafficcount,,Sites_waterfrontage,,south_boundary
tillableacres,,Sites_wetlandacres,,space_finish
time_log_id,,Sites_wetlandstype,,special_assessments
timestamp,,Sites_withinfloodplainname,,sprinkler_type
topography,,Sites_woodlandacres,,sprinklers_id
toscaprate,,Zoning_comments,,square_feet
toseffectiveage,,Zoning_district,,state
tosegim,,Zoning_jurisdiction,,status
tosnoi,,Zoning_maxbuildheight,,storage_fee
tosnumberoftenants,,Zoning_maxsitecoverage,,student_teacher_ratio
tosoccupancyrate,,Zoning_minimumlotarea,,sub_type
tospriceperrsf,,Zoning_OrdinanceDocument,,submarket
tospriceperuseableacreland,,Zoning_parkingrequirement,,suite
tospriceperuseablesfland,,Zoning_PermittedUses,,suite_number
tostenancytype,,Zoning_rearyarddistance,,supporting_files
tosvacancyrate,,Zoning_setbackdistance,,tax_id
tosweightedaverageleaseterm,,Zoning_sideyarddistance,,tax_rate
totaleconomiclife,,Zoning_Subrecords_authority,,taxing_authority
totalmarketrent,,Zoning_Subrecords_backyarddistance,,tenant
townshiprange,,Zoning_Subrecords_comments,,tenant_cam
trafficcount,,Zoning_Subrecords_district,,tenant_name
trafficsurveydate,,Zoning_Subrecords_frontsetbackdistance,,tenant_parking
transactiontype,,Zoning_Subrecords_id,,tenant_profile
type,,Zoning_Subrecords_maxbuildheight,,terminal_cap_rate
typeofcontamination,,Zoning_Subrecords_maxsitecoverage,,tertiary_frontage_lf
typeoruseofspace,,Zoning_Subrecords_minlotarea,,tertiary_frontage_st
typicalbaydepth,,Zoning_Subrecords_NA_jurisdiction,,tertiary_traffic_count
unit_mix_id,,Zoning_Subrecords_ordinancedocument,,tillable_acres
unitcount,,Zoning_Subrecords_permitteduses,,time_log_id
unitdepth,,Zoning_Subrecords_sideyarddistance,,timestamp
unitheight,,Zoning_Subrecords_zoneddensity,,topography
unitsf,,Zoning_Subrecords_zoning,,tos_cap_rate
unittype,,Zoning_Subrecords_Zoningid,,tos_effective_age
unitwidth,,Zoning_summary,,tos_egim
usablearea,,Zoning_type,,tos_noi
use_mix_id,,Zoning_zoneddensity,,tos_number_of_tenants
use_type,,Zoning_zoningcode,,tos_occupancy_rate
user_id,,,,tos_price_per_rsf
utilities,,,,tos_price_per_useable_acre_land
utilitiespaidbyowner,,,,tos_price_per_useable_sf_land
utilityallowance,,,,tos_tenancy_type
vacancyrate,,,,tos_vacancy_rate
vacantunits,,,,tos_weighted_avg_lease_term
verificationdate,,,,tosweightedaverageleaseterm
verificationphone,,,,total_assessment
verificationsource,,,,total_market_rent
views,,,,total_taxes
visibility,,,,townshiprange
wasteacres,,,,traffic_count
waterfrontage,,,,traffic_survey_date
westboundary,,,,transaction_type
wetlandacres,,,,type_of_contamination
wetlandstype,,,,type_or_use_of_space
withinfloodplainname,,,,unit_category
woodlandacres,,,,unit_count
yearbuilt,,,,unit_depth_ft
yearbuiltnumeric,,,,unit_floor
zip,,,,unit_height_ft
zoneddensity,,,,unit_mix_id
zoning,,,,unit_sf
zoning_subrecords_comments,,,,unit_type
zoning_subrecords_district,,,,unit_width_ft
zoning_subrecords_maxbuildheight,,,,unitdepth
zoning_subrecords_maxsitecoverage,,,,unitheight
zoning_subrecords_ordinancedocument,,,,unitwidth
zoning_subrecords_parkingrequirement,,,,updated_at
zoning_subrecords_permitteduses,,,,updated_by_user_id
zoning_subrecords_sideyarddistance,,,,use_mix_id
zoning_subrecords_summary,,,,use_type
zoning_subrecords_type,,,,user_id
zoning_subrecords_zoneddensity,,,,utilities
zoningcode,,,,utilities_paid_by_owner
zoningid,,,,utility_allowance
,,,,vacancy_rate
,,,,vacant_units
,,,,verification_date
,,,,verification_phone
,,,,verification_source
,,,,views
,,,,visibility
,,,,waste_acres
,,,,water_frontage
,,,,west_boundary
,,,,wetland_acres
,,,,wetlands_type
,,,,within_flood_plain
,,,,withinfloodplainname
,,,,woodland_acres
,,,,year_built_numeric
,,,,zip
,,,,zoned_density
,,,,zoning
,,,,zoning_authority
,,,,zoning_code
,,,,zoning_designation
,,,,zoning_district
,,,,zoning_id
,,,,zoning_jurisdiction
,,,,zoning_notes
,,,,zoning_subrecords_comments
,,,,zoning_subrecords_district
,,,,zoning_subrecords_summary
,,,,zoning_subrecords_type
,,,,zoning_summary
,,,,zoning_type