CoStar Source Fields,Consolidated ERD Fields,LightBox Aligned Fields
$Price/Unit,access,Sites_access
Amenities,acres,Sites_acres
Anchor GLA,anchor_type,Rent Roll_anchortype
Anchor Tenants,appraisal_file,Parcel_appraisalfile
Architect Name,activestatus,Sales_activestatus
Average Weighted Rent,activity_description,
Avg Rent-Direct (Industrial),actual_price,
Avg Rent-Direct (Office),added_at,
Avg Rent-Direct (Retail),address,Parcel_address
Avg Rent-Sublet (Industrial),adjustment_comments,Sales_adjustmentcomments
Avg Rent-Sublet (Office),adr,Improvement_adr
Avg Rent-Sublet (Retail),affordability_status,
Building Class,all_utilities_to_site,Sites_allutilities
Building Operating Expenses,allowable_floor_area_sf,Sites_allowablefloorareasf
Building Park,allowable_units,
Building Status,allutilities,Sites_utilities
Building Tax Expenses,amenities,Improvement_amenities
Cap Rate,anchor_tenants,
Ceiling Ht,back_yard_distance,Zoning_Subrecords_backyarddistance
City,anchors,Rent Roll Summary_anchors
Closest Transit Stop,ancillary_buildings,Improvement_ancillarybuildings
Closest Transit Stop Dist (mi),annual_rent_per_sf,
Closest Transit Stop Walk Time (min),appraisal_date,Sales_appraisaldate
Constr Status,appraisal_usage,Parcel_appraisalusage
Construction Begin,appraised_value,Sales_appraisedvalue
Construction Material,area_category,
Continent,area_in_flood_zone,Sites_areainfloodzone
Core Factor,assessment_year,
Country,assigned_to_user_id,
County Name,attribution_id,
Cross Street,audit_log_id,
Days On Market,authority,
Developer Name,average_daily_rate,
Direct Available Space,avg_asking_rent_sf,
Direct Services,avg_cap_rate,Sales_caprate
Direct Vacant Space,avg_mf_unit_size,
Energy Star,base_rent_per_mo,Rent Roll_baserentpermo
Exp Year,base_rent_per_year,Rent Roll_baserentperyear
Features,base_rent_sf,
Fema Flood Zone,base_rent_sf_mo,
FEMA Map Date,base_taxes,Assessment_basetaxes
FEMA Map Identifier,basement_size,Improvement_basementsize
FIRM ID,basement_use_and_finish,Improvement_basementuseandfinish
FIRM Panel Number,baths,
Flood Risk Area,bedrooms,
Floodplain Area,beds,
For Sale Price,book_page_or_ref_doc,Sales_bookpageorrefdoc
For Sale Status,boundary_comments,
Fund Name,buildable_sf,
Gas,building_amenities,
Heating,building_class,Improvement_buildingclass
In SFHA,building_condition,
Land Area (AC),building_description,Improvement_BuildingDescription
Land Area (SF),building_features,
Last Sale Date,building_quality,
Last Sale Price,business_value_adjustment,Sales_businessvalueadjustment
Latitude,buyer_type,Sales_buyertype
Leasing Company Address,cap_rate,Sales_toscaprate
Leasing Company City State Zip,care_type_comments,
Leasing Company Contact,category,
Leasing Company Fax,cbsa_id,Parcel_cbsa_id
Leasing Company Name,cbsa_name,Parcel_cbsa_name
Leasing Company Phone,ceiling_height,Improvement_ceilingheight
LEED Certified,censusblock,Parcel_censusblock
Longitude,censustract,Parcel_censustract
Market Name,city,Parcel_city
Market Segment,comm_lease_comments,Rent Roll Summary_commleasecomments
Max Building Contiguous Space,clean_up_costs,Sales_cleanupcosts
Max Floor Contiguous Space,clear_height,Improvement_Subrecords_clearheight
Month Built,client_name,
Month Renovated,column_spacing,Improvement_columnspacing
Number Of Elevators,comm_lease_notes,Rent Roll Summary_CommLeaseNotes
Number Of Parking Spaces,comm_lease_terms,Rent Roll Summary_CommLeaseType
Number Of Stories,comm_lease_type,
Office Space,comm_rent_concessions,Rent Roll Summary_commrentconcessions
Operation Type,comm_rent_per_sf_max,
Operational Status,comm_rent_per_sf_min,
Ops Expense,comm_size_max,
Ops Expense Per SF,comm_size_min,
Owner Address,comm_vacancy_rate,
Owner City State Zip,comm_verification_source,Rent Roll_verificationsource
Owner Contact,commercial_survey_id,
Owner Name,community_fee_max,
Owner Phone,community_fee_min,
Parcel Number 1(Min),commvacancy,Rent Roll Summary_commvacancy
Parcel Number 2(Max),concessions,Rent Roll_concessions
Parent Company,condition_id,Improvement_Subrecords_conditionid
Parking Ratio,conditions_of_sale,Improvement_condition
Parking Spaces/Unit,conditions_of_sale_adjustment,Sales_conditionsofsaleadjustment
Percent Leased,confidential,Rent Roll Summary_confidential
Pre-Leasing,construction_type,Improvement_construction
Primary Agent Name,contract_rent_max,
Primary Corridors,contract_rent_min,
Property Address,cooling_id,Improvement_Subrecords_coolingid
Property Location,cooling_type,Improvement_cooling
Property Manager Address,corner,Sites_corner
Property Manager City State Zip,costs_to_finish,Rent Roll_coststofinish
Property Manager Contact,country,Parcel_country
Property Manager Name,county,Parcel_county
Property Manager Phone,covered_parking_spaces,Improvement_coveredparkingspaces
Property Name,craneways,
PropertyID,created_at,
PropertyType,created_by_user_id,
Proposed Land Use,createdby,Parcel_createdby
RBA,current_lp_percent_diff,Sales_currentlppercentdiff
Recorded Owner Address,current_rent_per_mo,Rent Roll_CurrentRentPerMo
Recorded Owner City State Zip,current_use,Sales_currentuse
Recorded Owner Contact,custom_fields,
Recorded Owner Name,daily_rate_per_unit,
Recorded Owner Phone,daily_rate_per_unit_max,
Rent Type,daily_rate_per_unit_min,
Rent/SF/Yr,data_source,Rent Roll_datasource
Sale Company Address,days_on_market,Sales_daysonmarket
Sale Company City State Zip,deferred_maintenance,Improvement_deferredmaintance
Sale Company Contact,demographics_survey_date,Sites_demographicssurveydate
Sale Company Fax,depth,Sites_depth
Sale Company Name,design_appeal,Improvement_designappeal
Sale Company Phone,dimensions,Sites_dimensions
Sales Company,diminution_source,Sales_diminutionsource
Sales Contact,discount_rate,Sales_discountrate
Sales Contact Phone,district_name,
Scale,comm_lease_survey_date,Rent Roll Summary_commleasesurveydate
Secondary Type,district_url,
Services,districtspending,
Sewer,drainage,Sites_drainage
Smallest Available Space,duration_seconds,
Sprinklers,earthquake_hazard_risk,Sites_earthquakehazardrisk
Star Rating,earthquake_zone_comments,Sites_earthquakezonecomments
State,east_boundary,Parcel_eastboundary
Style,eff_rent_per_mo,Rent Roll_effrentpermo
Subcontinent,eff_rent_per_year,Rent Roll_effrentperyear
Sublet Available Space,effective_age,Improvement_effectiveage
Sublet Services,effective_gross_income_multiplier,
Sublet Vacant Space,effective_rent_sf,
Submarket Cluster,effective_rent_sf_mo,Rent Roll_effectiverentsfmo
Submarket Name,effective_water_frontage,Sites_effectivewaterfrontage
Tax Year,egim,Sales_egim
Taxes Per SF,encumbrance_or_easement,Sites_encumbranceoreasement
Taxes Total,enrollment,
Tenancy,entry_fee_max,
Total Available Space (SF),entry_fee_min,
Total Buildings,environmental_concerns,Sales_environmentalconcerns
Total New Space (SF),environmental_issues,Sites_environmentalissues
Total Relet Space (SF),environmental_remarks,Sales_environmentalremarks
Total Sublet Space (SF),environmental_status,Sales_environmentalstatus
Total Vacant Avail Relet Space (SF),equalization_ratio,Assessment_equalizationratio
Total Vacant Avail Sublet Space (SF),escalations,Rent Roll Summary_escalations
Total Vacant Available,excess_land_adjustment,Sales_excesslandadjustment
True Owner Address,expenditures_after_sale_adjustment,Sales_expendituresaftersaleadjustment
True Owner City State Zip,expense_growth_rate,Sales_expensegrowthrate
True Owner Contact,expense_reimbursements,Rent Roll_expensereimbursements
True Owner Name,expense_stop,Rent Roll_expensestop
True Owner Phone,exterior_wall,Improvement_exteriorwall
Typical Floor Size,exterior_wall_id,Improvement_Subrecords_exteriorwallid
University,far,Parcel_far
Vacancy %,features,Improvement_features
Water,fema_map_date,Sites_femamapdate
Year Built,ff_and_e,
Year Renovated,ff_and_e_adjustment,Sales_ffandeadjustment
Zip,field_changed,
Zoning,field_name,
,construction_class,Improvement_constructionclass
,current_list_price,Sales_currentlistprice
,field_value,
,financing,Sales_financing
,financing_terms_adjustment,Sales_financingtermsadjustment
,financing_type,
,finish,Rent Roll_finish
,finish_condition,Sales_finishcondition
,fireplace_or_woodstove,Improvement_fireplaceorwoodstove
,flood_map_panel,Sites_floodmappanel
,flood_zone,Sites_floodzone
,floor,
,floor_area_ratio,
,floor_level,Rent Roll_floorlevel
,foundation_id,Improvement_Subrecords_foundationid
,foundation_type,Improvement_foundation
,free_rent_months,Rent Roll_freerentmonths
,front_set_back_distance,Zoning_Subrecords_frontsetbackdistance
,garage_parking_spaces,Improvement_garageparkingspaces
,garage_type,
,gba,
,gba_total,
,gba_total_meters,
,geo_code,
,geo_name,
,geo_type,
,geography_id,
,grantee,Sales_grantee
,grantee_buyer,
,grantor,Sales_grantor
,grantor_seller,
,gross_building_area,
,heating_id,Improvement_Subrecords_heatingid
,heating_type,Improvement_heating
,highest_and_best_use,Sales_highestandbestuse
,holding_period_years,Sales_holdingperiodyears
,home_site_acres,Sites_homesiteacres
,hotel_flag,Improvement_hotelflag
,hotel_room_rev_multiplier,Sales_hotelroomrevmultiplier
,id,Improvement_Subrecords_id
,implied_value,Assessment_impliedvalue
,improvement_assessment,Assessment_assessmentyear
,improvement_comments,Rent Roll_comments
,improvement_id,Parcel_id
,improvement_subrecords_condition,Improvement_Subrecords_condition
,improvement_subrecords_construction,Improvement_Subrecords_construction
,improvement_subrecords_cooling,Improvement_Subrecords_cooling
,improvement_subrecords_deferredmaintance,Improvement_Subrecords_deferredmaintance
,improvement_subrecords_docks,Improvement_Subrecords_docks
,improvement_subrecords_foundation,Improvement_Subrecords_foundation
,improvement_subrecords_garage,Improvement_garage
,improvement_subrecords_heating,Improvement_Subrecords_heating
,improvement_subrecords_landscaping,Improvement_landscaping
,improvement_subrecords_landtobuildingratio,Improvement_landtobuildingratio
,improvement_subrecords_loadfactor,
,improvement_subrecords_multifamilyamenities,
,improvement_subrecords_noofbathrooms,
,improvement_subrecords_noofbays,
,improvement_subrecords_noofbedrooms,
,improvement_subrecords_noofbeds,
,improvement_subrecords_noofelevators,Improvement_noofelevators
,improvement_subrecords_noofescalators,Improvement_noofescalators
,improvement_subrecords_noofgolfholes,Improvement_noofgolfholes
,improvement_subrecords_noofhalfbaths,Improvement_Subrecords_noofhalfbaths
,improvement_subrecords_noofrooms,
,improvement_subrecords_noofseats,Improvement_noofseats
,improvement_subrecords_noofspaces,Sites_NumberOfParcels
,improvement_subrecords_noofstories,Improvement_noofstories
,improvement_subrecords_nooftruckdoors,Improvement_Subrecords_nooftruckdoors
,improvement_subrecords_nooftruckdoorswithlevelers,Improvement_Subrecords_nooftruckdoorswithlevelers
,improvement_subrecords_noofunits,Improvement_noofunits
,improvement_subrecords_parking,Improvement_parking
,improvement_subrecords_parkingadequacy,Improvement_parkingadequacy
,improvement_subrecords_parkingcomments,Improvement_parkingcomments
,improvement_subrecords_parkingcondition,Improvement_parkingcondition
,improvement_subrecords_parkingtype,Improvement_parkingtype
,improvement_subrecords_porchordeck,Improvement_Subrecords_porchordeck
,improvement_subrecords_proportionrenovated,Improvement_proportionrenovated
,improvement_subrecords_quality,Improvement_quality
,improvement_subrecords_ratotalmeters,Improvement_ratotalmeters
,improvement_subrecords_remainingeconomiclife,Improvement_remainingeconomiclife
,improvement_subrecords_renovations,Improvement_renovations
,improvement_subrecords_residentialamenities,Improvement_Subrecords_residentialamenities
,improvement_subrecords_residentialdesign,Improvement_Subrecords_residentialdesign
,improvement_subrecords_roofcover,Improvement_roofcover
,improvement_subrecords_rooftype,Improvement_rooftype
,improvement_subrecords_sourceforsfarea,Improvement_sourceforsfarea
,improvement_subrecords_sprinklers,Improvement_sprinklers
,improvement_subrecords_surfaceparkingspaces,Improvement_surfaceparkingspaces
,improvement_subrecords_tenantimprovements,Improvement_Subrecords_tenantimprovements
,improvement_subrecords_totaleconomiclife,Improvement_Subrecords_totaleconomiclife
,improvement_subrecords_typicalbaydepth,
,improvement_subrecords_usablearea,Improvement_Subrecords_usablearea
,improvement_subrecords_yearbuilt,Improvement_Subrecords_yearbuilt
,improvement_value,
,improvement_value_per_sf,
,income_growth,Sales_incomegrowth
,income_growth_rate,Sales_incomegrowthrate
,income_target_percent,
,incometarget,
,industrial_gba,
,industrial_ra,
,ingestion_timestamp,
,instance_type,Rent Roll Summary_instancetype
,internal_comments,Sales_internalcomments
,is_active,
,is_confidential,Sales_confidential
,is_deleted,Sales_isdeleted
,is_excel_entry,
,is_ground_lease,Parcel_isgroundlease
,is_lihtc,
,isexcel,Sales_isexcel
,jurisdiction,Zoning_jurisdiction
,land_assessment,Assessment_landassessment
,land_hectares,Sites_landhectares
,land_sf,Sites_SurplusLandSF
,land_square_meters,Sites_landsquaremeters
,land_unit_approved_or_zoned,Sites_landunitapprovedorzoned
,land_unit_type,Sites_landunittype
,land_units,Sites_landunits
,land_use,Sites_landuse
,land_value,Sales_landvalue
,land_value_per_sf,
,last_rent_increase,Rent Roll_rentincreased
,lat,Parcel_lat
,lat_centroid,
,lease_commencement_date,
,lease_comp_id,
,lease_concessions,
,lease_conditions,Rent Roll_leaseconditions
,lease_expiration_date,Rent Roll_leaseexpiredate
,lease_options,
,lease_start_date,Rent Roll_leasestartdate
,lease_tenant_improvs,Rent Roll_leasetenantimprovs
,lease_term_months,Rent Roll_leaseterm
,lease_transaction_type,Rent Roll_leasetransactiontype
,lease_type,Rent Roll_leasetype
,leasedate,Rent Roll_leasedate
,leaseexpiration,
,leaseexpiredate,
,leasestart,
,leaseterm,Rent Roll Summary_commleaseterms
,legal_description,Sales_legaldescription
,lender,Sales_lender
,lender_name,
,lessor,Rent Roll_lessor
,lessor_name,
,lh_occupancy,Improvement_lhoccupancy
,lhtc,
,lightbox_created_by,
,lightbox_id,
,lightbox_timestamp,
,lng,Parcel_lng
,lng_centroid,
,locationdescription,Parcel_locationdescription
,major_type,
,management_company,
,market,Parcel_market
,market_rent_max,
,market_rent_min,
,market_rent_per_mo,
,market_rent_per_sf,
,marketrentmo,
,marketrentsf,
,max_build_height,Zoning_maxbuildheight
,max_gross_lihtc_restricted_rent,
,max_site_coverage,Zoning_maxsitecoverage
,median_hh_income,
,median_home_value,Sites_medianhomevalue
,median_household_income,Sites_medianhouseholdincome
,merge_timestamp,Parcel_timestamp
,merged_by_user_or_system,
,mf_br_max,
,mf_br_min,
,mf_carport_fee_monthly,
,mf_garage_fee_monthly,
,mf_lease_comments,
,mf_lease_notes,Rent Roll Summary_commleasenotes
,mf_lease_survey_date,Rent Roll_commleasesurveydate
,mf_occupancy,
,mf_rent_concessions,
,mf_rent_per_mo_max,
,mf_rent_per_mo_min,
,mf_rent_per_sf_max,
,mf_rent_per_sf_min,
,mf_rent_per_sf_per_mo_max,
,mf_rent_per_sf_per_mo_min,
,mf_rent_type,
,mf_size_sf_max,
,mf_size_sf_min,
,mf_source_notes,
,mf_surveyed_unit_count_total,
,mf_total_annual_rent,
,mf_total_rent_per_month,
,mf_unit_amenities,
,mf_vacant_units_count,
,mf_weighted_avg_rent_per_sf_per_mo,
,mf_weighted_avg_rent_per_sf_per_year,
,mf_weighted_avg_rent_per_unit,
,mfamenities,
,min_lot_area,Zoning_Subrecords_minlotarea
,minimum_lot_area,Zoning_minimumlotarea
,monthly_or_daily_rent,
,msa,Parcel_msa
,multifamily_gba,
,municipality,Parcel_municipality
,name,Parcel_name
,neighborhood,Parcel_neighborhood
,neighborhoodcomments,Parcel_neighborhoodcomments
,net_income_multiplier,
,net_rentable_area,Improvement_Subrecords_rentablearea
,new_value,
,nim,Saleinfo_NIM
,no_of_baths,
,no_of_buildings,Improvement_noofbuildings
,no_of_craneways,
,no_of_docks,
,no_of_mf_bathrooms,
,no_of_multifamily_bedrooms,
,no_of_multifamily_rooms,
,no_of_tenants,Rent Roll Summary_nooftenants
,north_boundary,Parcel_northboundary
,notes,
,number_of_parcels,
,number_of_units,
,occupancy_type,
,office_gba,
,office_ra,
,old_value,
,opportunity_zone,Parcel_opportunityzone
,options,Rent Roll_options
,ordinance_document,Zoning_OrdinanceDocument
,ordinance_document_url,
,original_list_price,Sales_originallistprice
,original_lp_percent_diff,Sales_originallppercentdiff
,other_acres,Sites_otheracres
,other_adjustment,Sales_otheradjustment
,other_assessment,Assessment_otherassessment
,other_db_refs,Parcel_otherdbrefs
,other_gba,
,other_ra,
,owner,Parcel_owner
,parcel_comments,Sales_salecomments
,parcel_id,Rent Roll Summary_ID
,parcel_verification_data,Rent Roll_verificationdate
,parent_geo_id,
,parking_adequacy_id,
,parking_condition_id,
,parking_ratio_gba,
,parking_ratio_ra,
,parking_ratio_unit,Improvement_parkingratiounit
,parking_requirement,Zoning_parkingrequirement
,parking_type_id,
,per_pupil_spending,
,percent_diminution_in_value,Sales_percentdiminutioninvalue
,percent_office_ul,Rent Roll_percentofficeul
,percent_rent,Rent Roll_percentrent
,percent_stigma,Sales_percentstigma
,percent_tillable,Sites_percenttillable
,percent_wetlands,Sites_percentwetlands
,perimeter,Improvement_perimeter
,perimeter_sf,
,permitted_uses,Zoning_PermittedUses
,pgim,Sales_pgim
,population,
,potential_gross_income_multiplier,
,price,Sales_price
,price_adjustment,Sales_priceadjustment
,price_per_acre,Sales_priceperacre
,price_per_bay,Sales_priceperra
,price_per_bed,
,price_per_bedroom,
,price_per_buildable_sf,Sales_priceperbuildablesf
,price_per_far,Sales_priceperfar
,price_per_gba_meters,
,price_per_land_hectares,Sales_priceperlandhectares
,price_per_land_sf,
,price_per_land_sqm,Sales_priceperlandsqm
,price_per_land_unit,Sales_priceperlandunit
,price_per_mf_bedroom,
,price_per_mf_room,
,price_per_primary_frontage,Sales_priceperprimaryfrontage
,price_per_ra,
,price_per_ra_meters,
,price_per_room,
,price_per_sf,
,price_per_space,
,price_per_unit,
,price_per_usable_acre,Sales_priceperusableacre
,price_per_usable_land_sf,Sales_priceperusablelandsf
,priceactual,Sales_priceactual
,primary_frontage_lf,Sites_primaryfrontagelf
,primary_frontage_st,Sites_primaryfrontagest
,product_segment,Improvement_productsegment
,productivity_index,Sites_productivityindex
,project_amenities,
,project_id,
,project_name,
,project_property_id,
,project_style,
,property_assessment_id,
,property_id,
,property_included,Sales_propertyincluded
,property_rights,Sales_propertyrights
,property_type,Parcel_propertytype
,property_type_id,Parcel_propertysubtype
,property_zoning_id,
,propertymajortype,Parcel_propertymajortype
,propertysubtype,
,proposed_sf,
,proposed_units,
,proposed_use,Sales_proposeduse
,quality_id,Improvement_Subrecords_qualityid
,ra_total,
,rail_service,
,ready_for_use,Parcel_readyforuse
,rear_yard_distance,Zoning_rearyarddistance
,recording_date,Sales_recordingdate
,renovations_description,
,rent_basis,Rent Roll_rentbasis
,rent_comp_id,
,rent_escalations,Rent Roll_escalations
,rent_increase_percent,
,rent_last_increased,
,rent_per_mo,Rent Roll_rentperm2
,rent_per_sf_per_mo,
,rent_per_sf_per_mo_max,Rent Roll Summary_rentpersfpermomax
,rent_per_sf_per_mo_min,Rent Roll Summary_rentpersfpermomin
,rent_per_sq_meter,
,rent_per_sq_meter_per_mo,
,rent_roll_summary_commleasenotes,
,rentable_area,
,rentincreased,
,rentperm2,
,rentperm2permo,Rent Roll_rentperm2permo
,responsible_party,Sales_responsibleparty
,retail_gba,
,retail_gla,
,rev_par,
,risk_profile,Sales_riskprofile
,road_frontage,Sites_roadfrontage
,roof_cover_id,Improvement_Subrecords_roofcoverid
,roof_type_id,Improvement_Subrecords_rooftypeid
,rooms,
,sale_comments,Sites_sitecomments
,sale_comp_id,
,sale_date,Sales_saledate
,sale_notes,Sales_salenotes
,sale_price,
,sale_supporting_files,Sales_salesupportingfiles
,school_district_id,
,schooldistrict,
,secondary_frontage_lf,Sites_secondaryfrontagelf
,secondary_frontage_st,Sites_secondaryfrontagest
,secondary_traffic_count,Sites_secondarytrafficcount
,session_end,
,session_start,
,setback_distance,Zoning_setbackdistance
,sf_leased,
,sf_size_max,
,sf_size_min,
,shadow_anchors,Rent Roll Summary_shadowanchors
,shalcommunityfee,
,shalentryfee,
,shaloccupancypercentage,
,shalsecondpersonfeemonthly,
,shalunitcount,
,shape,Sites_shape
,shcaretypecomments,
,shilcommunityfee,
,shilentryfee,
,shilunitcount,
,shmccommunityfee,
,shmcentryfee,
,shmcoccupancypercentage,
,shmcsecondpersonfeemonthly,
,shmcunitcount,
,shothercommunityfee,
,shotherentryfee,
,shotheroccupancypercentage,
,shothersecondpersonfeemonthly,
,shotherunitcount,
,shpayormedicaidpercentage,
,shpayormedicarepercentage,
,shpayorotherpercentage,
,shpayorprivatepaypercentage,
,shpayorvapercentage,
,shsncommunityfee,
,shsnentryfee,
,shsnoccupancypercentage,
,shsnsecondpersonfeemonthly,
,shsnunitcount,
,side_yard_distance,Zoning_sideyarddistance
,site_acres,Sites_wasteacres
,site_area_id,
,site_comments,
,site_dimensions,
,site_drainage,
,site_id,
,site_landscaping,Improvement_Subrecords_landscaping
,site_topography,Sites_topography
,site_utilities,
,site_views,
,site_visibility,Sites_visibility
,size_sq_meters,
,sizem2,Rent Roll_sizem2
,soil_type,Sites_soiltype
,source_system,
,south_boundary,Parcel_southboundary
,space_finish,
,special_assessments,Assessment_specialassessments
,sprinkler_type,Improvement_Subrecords_sprinklers
,sprinklers_id,Improvement_Subrecords_sprinklersid
,square_feet,
,state,Parcel_state
,status,
,storage_fee,
,student_teacher_ratio,
,sub_type,
,submarket,Parcel_submarket
,suite,Rent Roll_suite
,suite_number,
,supporting_files,Parcel_supportingfiles
,tax_id,Assessment_taxid
,tax_rate,Assessment_taxrate
,taxing_authority,Assessment_taxingauthority
,tenant,Rent Roll Summary_tenant
,tenant_cam,incExp_cam
,tenant_name,Rent Roll_tenantcam
,tenant_parking,Rent Roll_tenantparking
,tenant_profile,
,terminal_cap_rate,Sales_terminalcaprate
,tertiary_frontage_lf,Sites_tertiaryfrontagelf
,tertiary_frontage_st,Sites_tertiaryfrontagest
,tertiary_traffic_count,Sites_tertiarytrafficcount
,tillable_acres,Sites_tillableacres
,time_log_id,
,timestamp,
,topography,
,tos_cap_rate,
,tos_effective_age,Sales_toseffectiveage
,tos_egim,
,tos_noi,Sales_tosnoi
,tos_number_of_tenants,Sales_tosnumberoftenants
,tos_occupancy_rate,Sales_tosoccupancyrate
,tos_price_per_rsf,Sales_tospriceperrsf
,tos_price_per_useable_acre_land,Sales_tospriceperuseableacreland
,tos_price_per_useable_sf_land,Sales_tospriceperuseablesfland
,tos_tenancy_type,Sales_tostenancytype
,tos_vacancy_rate,Sales_tosvacancyrate
,tos_weighted_avg_lease_term,Sales_tosweightedaverageleaseterm
,tosweightedaverageleaseterm,
,total_assessment,Assessment_totalassessment
,total_market_rent,
,total_taxes,
,townshiprange,Parcel_townshiprange
,traffic_count,Sites_trafficcount
,traffic_survey_date,Sites_trafficsurveydate
,transaction_type,Sales_transactiontype
,type_of_contamination,Sales_typeofcontamination
,type_or_use_of_space,Rent Roll_typeoruseofspace
,unit_category,
,unit_count,
,unit_depth_ft,
,unit_floor,
,unit_height_ft,
,unit_mix_id,
,unit_sf,
,unit_type,
,unit_width_ft,
,unitdepth,
,unitheight,
,unitwidth,
,updated_at,
,updated_by_user_id,
,use_mix_id,
,use_type,
,user_id,
,utilities,
,utilities_paid_by_owner,
,utility_allowance,
,vacancy_rate,
,vacant_units,
,verification_date,Sales_verificationdate
,verification_phone,Sales_verificationphone
,verification_source,Sales_verificationsource
,views,Sites_views
,visibility,
,waste_acres,
,water_frontage,Sites_waterfrontage
,west_boundary,Parcel_westboundary
,wetland_acres,Sites_wetlandacres
,wetlands_type,Sites_wetlandstype
,within_flood_plain,Sites_withinfloodplainname
,withinfloodplainname,
,woodland_acres,Sites_woodlandacres
,year_built_numeric,Improvement_yearbuiltnumeric
,zip,Parcel_zip
,zoned_density,Zoning_Subrecords_zoneddensity
,zoning,Zoning_Subrecords_id
,zoning_authority,Zoning_Subrecords_authority
,zoning_code,Zoning_zoningcode
,zoning_designation,
,zoning_district,Zoning_district
,zoning_id,
,zoning_jurisdiction,Zoning_Subrecords_NA_jurisdiction
,zoning_notes,
,zoning_subrecords_comments,Zoning_comments
,zoning_subrecords_district,Zoning_Subrecords_district
,zoning_subrecords_summary,Zoning_summary
,zoning_subrecords_type,Zoning_type
,zoning_summary,
,zoning_type,
,,_constructionclassid
,,_sourceforsfareaid
,,Assessment_historicallandvalue2
,,Assessment_historicaltaxes3
,,Assessment_assessmentcomments
,,Assessment_assessorwebsite
,,Assessment_historicalassessedvalue1
,,Assessment_historicalassessedvalue2
,,Assessment_historicalassessedvalue3
,,Assessment_historicalassessedvalue4
,,Assessment_historicalimprovvalue1
,,Assessment_historicalimprovvalue2
,,Assessment_historicalimprovvalue3
,,Assessment_historicalimprovvalue4
,,Assessment_historicallandvalue1
,,Assessment_Subparcels_assessinfoid
,,Assessment_historicallandvalue3
,,Assessment_historicallandvalue4
,,Assessment_historicaltaxes1
,,Assessment_historicaltaxes2
,,Assessment_historicaltaxes4
,,Assessment_historicalyear1
,,Assessment_historicalyear2
,,Assessment_historicalyear3
,,Assessment_historicalyear4
,,Assessment_improvementassessment
,,Assessment_marketvalue
,,Assessment_Subparcels OLD_impliedvalue
,,Assessment_Subparcels_
,,Assessment_Subparcels_assessmentyear
,,Assessment_Subparcels_basetaxes
,,Assessment_Subparcels_equalizationratio
,,Assessment_Subparcels_id
,,Assessment_Subparcels_impliedvalue
,,Assessment_Subparcels_improvementassessment
,,Assessment_Subparcels_isdeleted
,,Assessment_Subparcels_landassessment
,,Assessment_Subparcels_marketvalue
,,Assessment_Subparcels_otherassessment
,,Assessment_Subparcels_specialassessments
,,Assessment_Subparcels_taxes
,,Assessment_Subparcels_taxid
,,Assessment_Subparcels_taxingauthority
,,Assessment_Subparcels_taxrate
,,Assessment_Subparcels_taxratecode
,,Assessment_Subparcels_taxrateper
,,Assessment_Subparcels_taxyear
,,Assessment_Subparcels_totalassessment
,,Assessment_taxes
,,Assessment_taxesperacre
,,Assessment_taxespergbam2
,,Assessment_taxesperhectares
,,Assessment_taxesperlandm2
,,Assessment_taxesperlandsf
,,Assessment_taxesperlandunit
,,Assessment_taxesperra
,,Assessment_taxesperram2
,,Assessment_taxespersfgba
,,Assessment_taxesperunit
,,Assessment_taxrateper
,,Assessment_taxratecode
,,Assessment_taxyear
,,Improvement_ffande
,,Improvement_gbaother
,,Improvement_gbaothermeters
,,Improvement_gbaretail
,,Improvement_gbaretailMeters
,,Improvement_gbatotal
,,Improvement_gbatotalmeters
,,Improvement_improvmentcomments
,,Improvement_noofotherunits
,,Improvement_noofretailunits
,,Improvement_parkingratiogba
,,Improvement_parkingratiora
,,Improvement_percentoffice
,,Improvement_percentretail
,,Improvement_raother
,,Improvement_raothermeters
,,Improvement_raretailgla
,,Improvement_raretailmeters
,,Improvement_ratotal
,,Improvement_Subrecords_basementsize
,,Improvement_Subrecords_basementuseandfinish
,,Improvement_Subrecords_ceilingheight
,,Improvement_Subrecords_columnspacing
,,Improvement_Subrecords_constructionclass
,,Improvement_Subrecords_designappeal
,,Improvement_Subrecords_effectiveage
,,Improvement_Subrecords_exteriorwall
,,Improvement_Subrecords_ffande
,,Improvement_Subrecords_fireplaceorwoodstove
,,Improvement_Subrecords_garage
,,Improvement_Subrecords_gbaothermeters
,,Improvement_Subrecords_gbaretailmeters
,,Improvement_Subrecords_gbatotalmeters
,,Improvement_Subrecords_NA_parcelId
,,Improvement_Subrecords_noofelevators
,,Improvement_Subrecords_noofescalators
,,Improvement_Subrecords_noofgolfholes
,,Improvement_Subrecords_noofretailunits
,,Improvement_Subrecords_noofseats
,,Improvement_Subrecords_noofstories
,,Improvement_Subrecords_othergba
,,Improvement_Subrecords_otherra
,,Improvement_Subrecords_percentretail
,,Improvement_Subrecords_perimetersf
,,Improvement_Subrecords_quality
,,Improvement_Subrecords_raothermeters
,,Improvement_Subrecords_ratotalmeters
,,Improvement_Subrecords_remainingeconomiclife
,,Improvement_Subrecords_renovations
,,Improvement_Subrecords_retailgba
,,Improvement_Subrecords_retailgla
,,Improvement_Subrecords_roofcover
,,Improvement_Subrecords_rooftype
,,Improvement_Subrecords_sourceforsfarea
,,Improvement_tenantimprovements
,,Improvement_totaleconomiclife
,,Improvement_yearbuilt
,,incExp_advertisingandmarketing
,,incExp_annualrent
,,incExp_baserentabatement
,,incExp_buildingrepairs
,,incExp_cleaning
,,incExp_comments
,,incExp_deductreserves
,,incExp_egi
,,incExp_egipersf
,,incExp_egiperunit
,,incExp_electricexpense
,,incExp_ExpensePerSF
,,incExp_ExpensePerUnit
,,incExp_expenseratio
,,incExp_expensereimbursements
,,incExp_expleasingcommissions
,,incExp_exptenantimprovements
,,incExp_financialstype
,,incExp_fuelexpense
,,incExp_gasexpense
,,incExp_generalandadministrative
,,incExp_generalandadministrative2
,,incExp_GroundRentExp
,,incExp_groundsandsecurity
,,incExp_insurance
,,incExp_maintenancesalaries
,,incExp_management
,,incExp_managerleasingsalaries
,,incExp_name
,,incExp_netparkingincome
,,incExp_noi
,,incExp_noiperbed
,,incExp_noipergbam2
,,incExp_noiperrasf
,,incExp_noipersf
,,incExp_noiperunit
,,incExp_noiperusablesf
,,incExp_nonrevenueunits
,,incExp_occupancy
,,incExp_onsitemanagementexp
,,incExp_otherexpenses
,,incExp_otherincome
,,incExp_otherrepairs
,,incExp_othersalaries
,,incExp_paintinganddecorating
,,incExp_payrolltaxes
,,incExp_payrolltotal
,,incExp_percentagerent
,,incExp_pgi
,,incExp_pgipersf
,,incExp_pgiperunit
,,incExp_professionalservicesexp
,,incExp_repairsandmaintenance
,,incExp_reserves
,,incExp_sewerexpense
,,incExp_surveydate
,,incExp_taxexpense
,,incExp_totalexpenses
,,incExp_totalutilities
,,incExp_trashexpense
,,incExp_vacancy
,,incExp_vacancycost
,,incExp_vacancycostpersf
,,incExp_vacancycostperunit
,,incExp_waterexpense
,,Parcel_parcelcomments
,,Parcel_parcelverificationdata
,,Rent Roll Summary_commrentpersfmax
,,Rent Roll Summary_commrentpersfmin
,,Rent Roll Summary_commsizemax
,,Rent Roll Summary_commsizemin
,,Rent Roll Summary_commverificationsource
,,Rent Roll Summary_sfleased
,,Rent Roll_baserentsf
,,Rent Roll_baserentsfmo
,,Rent Roll_effectiverentsf
,,Rent Roll_id
,,Rent Roll_rentpersfpermo
,,Rent Roll_tenant
,,Rent Roll_unitsf
,,Sales_conditionsofsale
,,Sales_datasource
,,Sales_id
,,Sales_improvementvalue
,,Sales_improvementvaluepersf
,,Sales_landvaluepersf
,,Sales_nim
,,Sales_pricepergbameters
,,Sales_priceperlandsf
,,Sales_priceperrameters
,,Sales_pricepersf
,,Sites_buildablesf
,,Sites_easementacres
,,Sites_easementlandsf
,,Sites_excessacres
,,Sites_excesslandsf
,,Sites_landsf
,,Sites_proposedsf
,,Sites_Subparcels_acres
,,Sites_Subparcels_id
,,Sites_Subparcels_identification
,,Sites_Subparcels_landsf
,,Sites_Subparcels_parcelid
,,Sites_Subparcels_subparcelcomments
,,Sites_SurplusAcres
,,Sites_UnusableAcres
,,Sites_UnusableLandSF
,,Sites_usableacres
,,Sites_usablelandsf
,,Zoning_Subrecords_comments
,,Zoning_Subrecords_maxbuildheight
,,Zoning_Subrecords_maxsitecoverage
,,Zoning_Subrecords_ordinancedocument
,,Zoning_Subrecords_permitteduses
,,Zoning_Subrecords_sideyarddistance
,,Zoning_Subrecords_zoning
,,Zoning_Subrecords_Zoningid
,,Zoning_zoneddensity