Initial ERD Fields,Updated ERD Fields,Merged ERD Fields,Field LightBox Data,Field Lightboxdata aligned,Field CoStar Data,Field CoStar aligned
access,access,access,Assessment_assessmentcomments,Sites_access,$Price/Unit,
acres,activity_description,acres,Assessment_assessmentyear,Sites_acres,Amenities,
activestatus,actual_price,activestatus,Assessment_assessorwebsite,Sales_activestatus,Architect Name,
activity_description,added_at,activity_description,Assessment_basetaxes,,Average Weighted Rent,
added_at,address,actual_price,Assessment_equalizationratio,,Avg Rent-Direct (Industrial),
address,adjustment_comments,added_at,Assessment_historicalassessedvalue1,,Avg Rent-Direct (Office),
adjustmentcomments,affordability_status,address,Assessment_historicalassessedvalue2,Parcel_address,Avg Rent-Direct (Retail),
adr,all_utilities_to_site,adjustment_comments,Assessment_historicalassessedvalue3,Sales_adjustmentcomments,Avg Rent-Sublet (Industrial),
affordabilitystatus,allowable_floor_area_sf,adr,Assessment_historicalassessedvalue4,Improvement_adr,Avg Rent-Sublet (Office),
allowablefloorareasf,allowable_units,affordability_status,Assessment_historicalimprovvalue1,Unit Lease_affordabilitystatus,Avg Rent-Sublet (Retail),
allowableunits,anchor_tenants,all_utilities_to_site,Assessment_historicalimprovvalue2,Sites_allutilities,Building Class,
allutilities,anchor_type,allowable_floor_area_sf,Assessment_historicalimprovvalue3,Sites_allowablefloorareasf,Building Operating Expenses,
amenities,ancillary_buildings,allowable_units,Assessment_historicalimprovvalue4,Sites_allowableunits,Building Park,
anchors,annual_rent_per_sf,allutilities,Assessment_historicallandvalue1,Sites_utilities,Building Status,
anchortype,appraisal_date,amenities,Assessment_historicallandvalue2,Improvement_amenities,Building Tax Expenses,
ancillarybuildings,appraisal_file,anchor_tenants,Assessment_historicallandvalue3,,Cap Rate,
annualrentpersf,appraisal_usage,anchor_type,Assessment_historicallandvalue4,Rent Roll_anchortype,Ceiling Ht,
appraisaldate,appraised_value,anchors,Assessment_historicaltaxes1,Rent Roll Summary_anchors,City,
appraisalfile,area_category,ancillary_buildings,Assessment_historicaltaxes2,Improvement_ancillarybuildings,Closest Transit Stop,
appraisalusage,area_in_flood_zone,annual_rent_per_sf,Assessment_historicaltaxes3,,Closest Transit Stop Dist (mi),
appraisedvalue,assessment_year,appraisal_date,Assessment_historicaltaxes4,Sales_appraisaldate,Closest Transit Stop Walk Time (min),
area_category,assigned_to_user_id,appraisal_file,Assessment_historicalyear1,Parcel_appraisalfile,Column Spacing,
areainfloodzone,attribution_id,appraisal_usage,Assessment_historicalyear2,Parcel_appraisalusage,Constr Status,
assigned_to_user_id,audit_log_id,appraised_value,Assessment_historicalyear3,Sales_appraisedvalue,Construction Begin,
attribution_id,average_daily_rate,area_category,Assessment_historicalyear4,Unit Lease_category,Construction Material,
audit_log_id,avg_asking_rent_sf,area_in_flood_zone,Assessment_impliedvalue,Sites_areainfloodzone,Continent,
authority,avg_cap_rate,assessment_year,Assessment_improvementassessment,,Core Factor,
avgmfunitsize,avg_mf_unit_size,assigned_to_user_id,Assessment_landassessment,,Country,
backyarddistance,back_yard_distance,attribution_id,Assessment_marketvalue,,County Name,
basementsize,base_rent_per_mo,audit_log_id,Assessment_otherassessment,,Cross Street,
basementuseandfinish,base_rent_per_year,authority,Assessment_specialassessments,,Days On Market,
baserentpermo,base_rent_sf,average_daily_rate,Assessment_taxes,,Developer Name,
baserentperyear,base_rent_sf_mo,avg_asking_rent_sf,Assessment_taxesperacre,,Direct Available Space,
baserentsf,base_taxes,avg_cap_rate,Assessment_taxespergbam2,Sales_caprate,Direct Services,
baserentsfmo,basement_size,avg_mf_unit_size,Assessment_taxesperhectares,Unit Lease Summary_avgmfunitsize,Direct Vacant Space,
baths,basement_use_and_finish,back_yard_distance,Assessment_taxesperlandm2,,Drive Ins,
bedrooms,book_page_or_ref_doc,base_rent_per_mo,Assessment_taxesperlandsf,Rent Roll_baserentpermo,Energy Star,
beds,boundary_comments,base_rent_per_year,Assessment_taxesperlandunit,Rent Roll_baserentperyear,Exp Year,
bookpageorrefdoc,buildable_sf,base_rent_sf,Assessment_taxesperra,,Features,
buildablesf,building_amenities,base_rent_sf_mo,Assessment_taxesperram2,,Fema Flood Zone,
buildingclass,building_class,base_taxes,Assessment_taxespersfgba,Assessment_basetaxes,FEMA Map Date,
buildingdescription,building_condition,basement_size,Assessment_taxesperunit,Improvement_basementsize,FEMA Map Identifier,
businessvalueadjustment,building_description,basement_use_and_finish,Assessment_taxid,Improvement_basementuseandfinish,FIRM ID,
buyertype,building_features,baths,Assessment_taxingauthority,Unit Lease_baths,FIRM Panel Number,
caprate,building_quality,bedrooms,Assessment_taxrate,Unit Lease_bedrooms,Flood Risk Area,
category,business_value_adjustment,beds,Assessment_taxratecode,Unit Lease_beds,Floodplain Area,
cbsa_id,buyer_type,book_page_or_ref_doc,Assessment_taxrateper,Sales_bookpageorrefdoc,For Sale Price,
cbsa_name,cap_rate,boundary_comments,Assessment_taxyear,,For Sale Status,
ceilingheight,care_type_comments,buildable_sf,Assessment_totalassessment,,Fund Name,
censusblock,ceiling_height,building_amenities,Improvement_adr,,Gas,
censustract,clean_up_costs,building_class,Improvement_amenities,Improvement_buildingclass,Heating,
city,clear_height,building_condition,Improvement_ancillarybuildings,,In SFHA,
cleanupcosts,client_name,building_description,Improvement_basementsize,Improvement_BuildingDescription,Land Area (AC),
clearheight,column_spacing,building_features,Improvement_basementuseandfinish,,Land Area (SF),
client_name,comm_lease_comments,building_quality,Improvement_buildingclass,,Last Sale Date,
columnspacing,comm_lease_notes,business_value_adjustment,Improvement_BuildingDescription,Sales_businessvalueadjustment,Last Sale Price,
comments,comm_lease_survey_date,buyer_type,Improvement_ceilingheight,Sales_buyertype,Latitude,
commercial_survey_id,comm_lease_terms,cap_rate,Improvement_clearheight,Sales_toscaprate,Leasing Company Address,
commleasecomments,comm_lease_type,care_type_comments,Improvement_columnspacing,Unit Lease Summary_shcaretypecomments,Leasing Company City State Zip,
commleasenotes,comm_rent_concessions,category,Improvement_condition,,Leasing Company Contact,
commleasesurveydate,comm_rent_per_sf_max,cbsa_id,Improvement_construction,Parcel_cbsa_id,Leasing Company Fax,
commleaseterms,comm_rent_per_sf_min,cbsa_name,Improvement_constructionclass,Parcel_cbsa_name,Leasing Company Name,
commleasetype,comm_size_max,ceiling_height,Improvement_cooling,Improvement_ceilingheight,Leasing Company Phone,
commrentconcessions,comm_size_min,censusblock,Improvement_coveredparkingspaces,Parcel_censusblock,LEED Certified,
commrentpersfmax,comm_vacancy_rate,censustract,Improvement_craneways,Parcel_censustract,Longitude,
commrentpersfmin,comm_verification_source,city,Improvement_deferredmaintance,Parcel_city,Market Name,
commsizemax,commercial_survey_id,clean_up_costs,Improvement_designappeal,Sales_cleanupcosts,Max Building Contiguous Space,
commsizemin,community_fee_max,clear_height,Improvement_docks,Improvement_clearheight,Max Floor Contiguous Space,
communityfeemax,community_fee_min,client_name,Improvement_effectiveage,,Month Built,
communityfeemin,condition_id,column_spacing,Improvement_exteriorwall,Improvement_columnspacing,Month Renovated,
commvacancy,conditions_of_sale,comm_lease_comments,Improvement_features,Rent Roll Summary_commleasecomments,Number Of Cranes,
commverificationsource,conditions_of_sale_adjustment,comm_lease_notes,Improvement_ffande,Rent Roll Summary_commleasenotes,Number Of Elevators,
concessions,construction_class,comm_lease_survey_date,Improvement_fireplaceorwoodstove,Rent Roll Summary_commleasesurveydate,Number Of Loading Docks,
condition,construction_type,comm_lease_terms,Improvement_foundation,Rent Roll Summary_commleaseterms,Number Of Parking Spaces,
conditionid,contract_rent_max,comm_lease_type,Improvement_garage,Rent Roll Summary_CommLeaseType,Number Of Stories,
conditionsofsale,contract_rent_min,comm_rent_concessions,Improvement_garageparkingspaces,Rent Roll Summary_commrentconcessions,Office Space,
conditionsofsaleadjustment,cooling_id,comm_rent_per_sf_max,Improvement_gbaindustrial,,Operation Type,
confidential,cooling_type,comm_rent_per_sf_min,Improvement_gbaindustrialmeters,,Operational Status,
construction,corner,comm_size_max,Improvement_gbamultifamily,,Ops Expense,
constructionclass,costs_to_finish,comm_size_min,Improvement_gbamultifamilymeters,,Ops Expense Per SF,
contractrentmax,covered_parking_spaces,comm_vacancy_rate,Improvement_gbaoffice,,Owner Address,
contractrentmin,created_at,comm_verification_source,Improvement_gbaofficemeters,Sales_verificationsource,Owner City State Zip,
cooling,created_by_user_id,commercial_survey_id,Improvement_gbaother,,Owner Contact,
coolingid,current_list_price,community_fee_max,Improvement_gbaothermeters,Unit Lease_communityfeemax,Owner Name,
corner,current_lp_percent_diff,community_fee_min,Improvement_gbaretail,Unit Lease_communityfeemin,Owner Phone,
coststofinish,current_rent_per_mo,commvacancy,Improvement_gbaretailMeters,Rent Roll Summary_commvacancy,Parcel Number 1(Min),
country,current_use,concessions,Improvement_gbatotal,Rent Roll_concessions,Parcel Number 2(Max),
county,custom_fields,condition_id,Improvement_gbatotalmeters,Improvement_condition,Parent Company,
coveredparkingspaces,daily_rate_per_unit,conditions_of_sale,Improvement_heating,Sales_conditionsofsale,Parking Ratio,
craneways,daily_rate_per_unit_max,conditions_of_sale_adjustment,Improvement_hotelflag,Sales_conditionsofsaleadjustment,Parking Spaces/Unit,
created_at,daily_rate_per_unit_min,confidential,Improvement_improvmentcomments,Sales_confidential,Percent Leased,
created_by_user_id,data_source,construction_class,Improvement_landscaping,Improvement_constructionclass,Power,
createdby,days_on_market,construction_type,Improvement_landtobuildingratio,Improvement_construction,Pre-Leasing,
currentlistprice,deferred_maintenance,contract_rent_max,Improvement_lhoccupancy,Unit Lease_contractrentmax,Primary Agent Name,
currentlppercentdiff,demographics_survey_date,contract_rent_min,Improvement_loadfactor,Unit Lease_contractrentmin,Primary Corridors,
currentrentpermo,depth,cooling_id,Improvement_multifamilyamenities,Improvement_cooling,Property Address,
currentuse,design_appeal,cooling_type,Improvement_noofbathrooms,,Property Location,
dailyrateperunit,diminution_source,corner,Improvement_noofbays,Sites_corner,Property Manager Address,
dailyrateperunitmax,discount_rate,costs_to_finish,Improvement_noofbedrooms,Rent Roll_coststofinish,Property Manager City State Zip,
dailyrateperunitmin,district_name,country,Improvement_noofbeds,Parcel_country,Property Manager Contact,
datasource,district_url,county,Improvement_noofbuildings,Parcel_county,Property Manager Name,
daysonmarket,duration_seconds,covered_parking_spaces,Improvement_noofelevators,Improvement_coveredparkingspaces,Property Manager Phone,
deferredmaintance,earthquake_hazard_risk,craneways,Improvement_noofescalators,Improvement_craneways,Property Name,
demographicssurveydate,earthquake_zone_comments,created_at,Improvement_noofgolfholes,,PropertyID,
depth,east_boundary,created_by_user_id,Improvement_noofhalfbaths,,PropertyType,
designappeal,eff_rent_per_mo,createdby,Improvement_noofindustrialunits,Parcel_createdby,Proposed Land Use,
dimensions,eff_rent_per_year,current_list_price,Improvement_noofmfbathrooms,Sales_currentlistprice,Rail Lines,
diminutionsource,effective_age,current_lp_percent_diff,Improvement_noofmultifamilybedrooms,Sales_currentlppercentdiff,RBA,
discountrate,effective_gross_income_multiplier,current_rent_per_mo,Improvement_noofmultifamilyrooms,Rent Roll_CurrentRentPerMo,Recorded Owner Address,
district,effective_rent_sf,current_use,Improvement_noofmultifamilyunits,Sales_currentuse,Recorded Owner City State Zip,
districtspending,effective_rent_sf_mo,custom_fields,Improvement_noofofficeunits,,Recorded Owner Contact,
districturl,effective_water_frontage,daily_rate_per_unit,Improvement_noofotherunits,Unit Lease_dailyrateperunit,Recorded Owner Name,
docks,encumbrance_or_easement,daily_rate_per_unit_max,Improvement_noofretailunits,Unit Lease_dailyrateperunitmax,Recorded Owner Phone,
drainage,enrollment,daily_rate_per_unit_min,Improvement_noofrooms,Unit Lease_dailyrateperunitmin,Rent Type,
duration_seconds,entry_fee_max,data_source,Improvement_noofseats,Sales_datasource,Rent/SF/Yr,
earthquakehazardrisk,entry_fee_min,days_on_market,Improvement_noofspaces,Sales_daysonmarket,Sale Company Address,
earthquakezonecomments,environmental_concerns,deferred_maintenance,Improvement_noofstories,Improvement_deferredmaintance,Sale Company City State Zip,
eastboundary,environmental_issues,demographics_survey_date,Improvement_nooftruckdoors,Sites_demographicssurveydate,Sale Company Contact,
effectiveage,environmental_remarks,depth,Improvement_nooftruckdoorswithlevelers,Sites_depth,Sale Company Fax,
effectiverentsf,environmental_status,design_appeal,Improvement_noofunits,Improvement_designappeal,Sale Company Name,
effectiverentsfmo,equalization_ratio,dimensions,Improvement_parking,Sites_dimensions,Sale Company Phone,
effectivewaterfrontage,excess_land_adjustment,diminution_source,Improvement_parkingadequacy,Sales_diminutionsource,Sales Company,
effrentpermo,expenditures_after_sale_adjustment,discount_rate,Improvement_parkingcomments,Sales_discountrate,Sales Contact,
effrentperyear,expense_growth_rate,district_name,Improvement_parkingcondition,,Sales Contact Phone,
egim,expense_reimbursements,district_url,Improvement_parkingratiogba,Parcel_districturl,Secondary Type,
encumbranceoreasement,expense_stop,districtspending,Improvement_parkingratiora,Parcel_districtspending,Services,
enrollment,exterior_wall,drainage,Improvement_parkingratiora,Sites_drainage,Sewer,
entryfeemax,exterior_wall_id,duration_seconds,Improvement_parkingratiounit,,Smallest Available Space,
entryfeemin,fema_map_date,earthquake_hazard_risk,Improvement_parkingtype,Sites_earthquakehazardrisk,Sprinklers,
environmentalconcerns,ff_and_e,earthquake_zone_comments,Improvement_percentoffice,Sites_earthquakezonecomments,Star Rating,
environmentalissues,ff_and_e_adjustment,east_boundary,Improvement_percentofficera,Parcel_eastboundary,State,
environmentalremarks,field_changed,eff_rent_per_mo,Improvement_percentretail,Rent Roll_effrentpermo,Style,
environmentalstatus,field_name,eff_rent_per_year,Improvement_perimeter,Rent Roll_effrentperyear,Subcontinent,
escalations,field_value,effective_age,Improvement_porchordeck,Improvement_effectiveage,Sublet Available Space,
excesslandadjustment,financing_terms_adjustment,effective_gross_income_multiplier,Improvement_productsegment,,Sublet Services,
expendituresaftersaleadjustment,financing_type,effective_rent_sf,Improvement_proportionrenovated,,Sublet Vacant Space,
expensegrowthrate,finish_condition,effective_rent_sf_mo,Improvement_quality,Rent Roll_effectiverentsfmo,Submarket Cluster,
expensereimbursements,fireplace_or_woodstove,effective_water_frontage,Improvement_raindustrial,Sites_effectivewaterfrontage,Submarket Name,
expensestop,flood_map_panel,egim,Improvement_raindustrialmeters,Sales_egim,Tax Year,
exteriorwall,flood_zone,encumbrance_or_easement,Improvement_ramultifamily,Sites_encumbranceoreasement,Taxes Per SF,
exteriorwallid,floor_area_ratio,enrollment,Improvement_ramultifamilymeters,Parcel_enrollment,Taxes Total,
far,floor_level,entry_fee_max,Improvement_raoffice,Unit Lease_entryfeemax,Tenancy,
features,foundation_id,entry_fee_min,Improvement_raofficemeters,Unit Lease_entryfeemin,Total Available Space (SF),
femamapdate,foundation_type,environmental_concerns,Improvement_raother,Sales_environmentalconcerns,Total Buildings,
ffande,free_rent_months,environmental_issues,Improvement_raothermeters,Sites_environmentalissues,Total New Space (SF),
ffandeadjustment,front_set_back_distance,environmental_remarks,Improvement_raretailgla,Sales_environmentalremarks,Total Relet Space (SF),
field_changed,garage_parking_spaces,environmental_status,Improvement_raretailmeters,Sales_environmentalstatus,Total Sublet Space (SF),
field_name,garage_type,equalization_ratio,Improvement_ratotal,Assessment_equalizationratio,Total Vacant Avail Relet Space (SF),
field_value,gba_total,escalations,Improvement_ratotalmeters,Rent Roll_escalations,Total Vacant Avail Sublet Space (SF),
financing,gba_total_meters,excess_land_adjustment,Improvement_remainingeconomiclife,Sales_excesslandadjustment,Total Vacant Available,
financingtermsadjustment,geo_code,expenditures_after_sale_adjustment,Improvement_renovations,Sales_expendituresaftersaleadjustment,True Owner Address,
finish,geo_name,expense_growth_rate,Improvement_residentialamenities,Sales_expensegrowthrate,True Owner City State Zip,
finishcondition,geo_type,expense_reimbursements,Improvement_residentialdesign,Rent Roll_expensereimbursements,True Owner Contact,
fireplaceorwoodstove,geography_id,expense_stop,Improvement_revpar,Rent Roll_expensestop,True Owner Name,
floodmappanel,grantee_buyer,exterior_wall,Improvement_roofcover,Improvement_exteriorwall,True Owner Phone,
floodzone,grantor_seller,exterior_wall_id,Improvement_rooftype,,Typical Floor Size,
floor,gross_building_area,far,Improvement_sourceforsfarea,Parcel_far,University,
floorlevel,heating_id,features,Improvement_sprinklers,Improvement_features,Vacancy %,
foundation,heating_type,fema_map_date,Improvement_surfaceparkingspaces,Sites_femamapdate,Water,
foundationid,highest_and_best_use,ff_and_e,Improvement_tenantimprovements,Improvement_ffande,Year Built,
freerentmonths,holding_period_years,ff_and_e_adjustment,Improvement_totaleconomiclife,Sales_ffandeadjustment,Year Renovated,
frontsetbackdistance,home_site_acres,field_changed,Improvement_typicalbaydepth,,Zip,
garage,hotel_flag,field_name,Improvement_usablearea,,Zoning,
garageparkingspaces,hotel_room_rev_multiplier,field_value,Improvement_yearbuilt,,,
gba,id,financing,Improvement_yearbuiltnumeric,Sales_financing,,
gbatotal,implied_value,financing_terms_adjustment,incExp_advertisingandmarketing,Sales_financingtermsadjustment,,
gbatotalmeters,improvement_assessment,financing_type,incExp_annualrent,incExp_financialstype,,
grantee,improvement_comments,finish,incExp_baserentabatement,Rent Roll_finish,,
grantor,improvement_id,finish_condition,incExp_buildingrepairs,Sales_finishcondition,,
gross_building_area,improvement_value,fireplace_or_woodstove,incExp_cam,Improvement_fireplaceorwoodstove,,
heating,improvement_value_per_sf,flood_map_panel,incExp_cleaning,Sites_floodmappanel,,
heatingid,income_growth,flood_zone,incExp_comments,Sites_floodzone,,
highestandbestuse,income_growth_rate,floor,incExp_deductreserves,Unit Lease_floor,,
holdingperiodyears,income_target_percent,floor_area_ratio,incExp_egi,,,
homesiteacres,industrial_gba,floor_level,incExp_egipersf,Rent Roll_floorlevel,,
hotelflag,industrial_ra,foundation_id,incExp_egiperunit,Improvement_foundation,,
hotelroomrevmultiplier,ingestion_timestamp,foundation_type,incExp_electricexpense,,,
id,instance_type,free_rent_months,incExp_ExpensePerSF,Rent Roll_freerentmonths,,
improvement_id,internal_comments,front_set_back_distance,incExp_ExpensePerUnit,,,
improvement_subrecords_ancillarybuildings,is_active,garage_parking_spaces,incExp_expenseratio,Improvement_garageparkingspaces,,
improvement_subrecords_basementsize,is_confidential,garage_type,incExp_expensereimbursements,,,
improvement_subrecords_basementuseandfinish,is_deleted,gba,incExp_expleasingcommissions,,,
improvement_subrecords_buildingclass,is_excel_entry,gba_total,incExp_exptenantimprovements,,,
improvement_subrecords_buildingdescription,is_ground_lease,gba_total_meters,incExp_financialstype,,,
improvement_subrecords_ceilingheight,is_lihtc,geo_code,incExp_fuelexpense,,,
improvement_subrecords_clearheight,land_assessment,geo_name,incExp_gasexpense,,,
improvement_subrecords_columnspacing,land_hectares,geo_type,incExp_generalandadministrative,,,
improvement_subrecords_condition,land_sf,geography_id,incExp_generalandadministrative2,,,
improvement_subrecords_construction,land_square_meters,grantee,incExp_GroundRentExp,Sales_grantee,,
improvement_subrecords_constructionclass,land_to_building_ratio,grantee_buyer,incExp_groundsandsecurity,,,
improvement_subrecords_cooling,land_unit_approved_or_zoned,grantor,incExp_insurance,Sales_grantor,,
improvement_subrecords_coveredparkingspaces,land_unit_type,grantor_seller,incExp_maintenancesalaries,,,
improvement_subrecords_deferredmaintance,land_units,gross_building_area,incExp_management,,,
improvement_subrecords_designappeal,land_use,heating_id,incExp_managerleasingsalaries,Improvement_heating,,
improvement_subrecords_docks,land_value,heating_type,incExp_name,,,
improvement_subrecords_effectiveage,land_value_per_sf,highest_and_best_use,incExp_netparkingincome,Sales_highestandbestuse,,
improvement_subrecords_exteriorwall,last_rent_increase,holding_period_years,incExp_noi,Sales_holdingperiodyears,,
improvement_subrecords_ffande,lat,home_site_acres,incExp_noiperbed,Sites_homesiteacres,,
improvement_subrecords_fireplaceorwoodstove,lat_centroid,hotel_flag,incExp_noipergbam2,Improvement_hotelflag,,
improvement_subrecords_foundation,lease_commencement_date,hotel_room_rev_multiplier,incExp_noiperrasf,Sales_hotelroomrevmultiplier,,
improvement_subrecords_garage,lease_comp_id,id,incExp_noipersf,Sales_id,,
improvement_subrecords_garageparkingspaces,lease_concessions,implied_value,incExp_noiperunit,Assessment_impliedvalue,,
improvement_subrecords_gbatotalmeters,lease_conditions,improvement_assessment,incExp_noiperusablesf,Assessment_assessmentyear,,
improvement_subrecords_heating,lease_expiration_date,improvement_comments,incExp_nonrevenueunits,Rent Roll_comments,,
improvement_subrecords_landscaping,lease_options,improvement_id,incExp_occupancy,Rent Roll Summary_ID,,
improvement_subrecords_landtobuildingratio,lease_start_date,improvement_subrecords_condition,incExp_onsitemanagementexp,,,
improvement_subrecords_loadfactor,lease_tenant_improvs,improvement_subrecords_construction,incExp_otherexpenses,,,
improvement_subrecords_multifamilyamenities,lease_term_months,improvement_subrecords_cooling,incExp_otherincome,,,
improvement_subrecords_noofbathrooms,lease_transaction_type,improvement_subrecords_deferredmaintance,incExp_otherrepairs,,,
improvement_subrecords_noofbays,lease_type,improvement_subrecords_docks,incExp_othersalaries,Improvement_docks,,
improvement_subrecords_noofbedrooms,leaseexpiredate,improvement_subrecords_foundation,incExp_paintinganddecorating,,,
improvement_subrecords_noofbeds,leasestartdate,improvement_subrecords_garage,incExp_payrolltaxes,Improvement_garage,,
improvement_subrecords_noofelevators,legal_description,improvement_subrecords_heating,incExp_payrolltotal,,,
improvement_subrecords_noofescalators,lender_name,improvement_subrecords_landscaping,incExp_percentagerent,Improvement_landscaping,,
improvement_subrecords_noofgolfholes,lessor_name,improvement_subrecords_landtobuildingratio,incExp_pgi,Improvement_landtobuildingratio,,
improvement_subrecords_noofhalfbaths,lh_occupancy,improvement_subrecords_loadfactor,incExp_pgipersf,Improvement_loadfactor,,
improvement_subrecords_noofrooms,lightbox_created_by,improvement_subrecords_multifamilyamenities,incExp_pgiperunit,Improvement_multifamilyamenities,,
improvement_subrecords_noofseats,lightbox_id,improvement_subrecords_noofbathrooms,incExp_professionalservicesexp,Improvement_noofbathrooms,,
improvement_subrecords_noofspaces,lightbox_timestamp,improvement_subrecords_noofbays,incExp_repairsandmaintenance,Improvement_noofbays,,
improvement_subrecords_noofstories,lng,improvement_subrecords_noofbedrooms,incExp_reserves,Improvement_noofbedrooms,,
improvement_subrecords_nooftruckdoors,lng_centroid,improvement_subrecords_noofbeds,incExp_sewerexpense,Improvement_noofbeds,,
improvement_subrecords_nooftruckdoorswithlevelers,load_factor,improvement_subrecords_noofelevators,incExp_surveydate,Improvement_noofelevators,,
improvement_subrecords_noofunits,major_type,improvement_subrecords_noofescalators,incExp_taxexpense,Improvement_noofescalators,,
improvement_subrecords_parking,management_company,improvement_subrecords_noofgolfholes,incExp_totalexpenses,Improvement_noofgolfholes,,
improvement_subrecords_parkingadequacy,market_rent_max,improvement_subrecords_noofhalfbaths,incExp_totalutilities,Improvement_noofhalfbaths,,
improvement_subrecords_parkingcomments,market_rent_min,improvement_subrecords_noofrooms,incExp_trashexpense,Improvement_noofrooms,,
improvement_subrecords_parkingcondition,market_rent_per_mo,improvement_subrecords_noofseats,incExp_vacancy,Improvement_noofseats,,
improvement_subrecords_parkingtype,market_rent_per_sf,improvement_subrecords_noofspaces,incExp_vacancycost,Improvement_noofspaces,,
improvement_subrecords_porchordeck,max_build_height,improvement_subrecords_noofstories,incExp_vacancycostpersf,Improvement_noofstories,,
improvement_subrecords_proportionrenovated,max_gross_lihtc_restricted_rent,improvement_subrecords_nooftruckdoors,incExp_vacancycostperunit,Improvement_nooftruckdoors,,
improvement_subrecords_quality,max_site_coverage,improvement_subrecords_nooftruckdoorswithlevelers,incExp_waterexpense,Improvement_nooftruckdoorswithlevelers,,
improvement_subrecords_ratotalmeters,median_hh_income,improvement_subrecords_noofunits,Parcel_address,Improvement_noofunits,,
improvement_subrecords_remainingeconomiclife,median_home_value,improvement_subrecords_parking,Parcel_appraisalfile,Improvement_parking,,
improvement_subrecords_renovations,median_household_income,improvement_subrecords_parkingadequacy,Parcel_appraisalusage,Improvement_parkingadequacy,,
improvement_subrecords_residentialamenities,merge_timestamp,improvement_subrecords_parkingcomments,Parcel_cbsa_id,Improvement_parkingcomments,,
improvement_subrecords_residentialdesign,merged_by_user_or_system,improvement_subrecords_parkingcondition,Parcel_cbsa_name,Improvement_parkingcondition,,
improvement_subrecords_roofcover,mf_br_max,improvement_subrecords_parkingtype,Parcel_censusblock,Improvement_parkingtype,,
improvement_subrecords_rooftype,mf_br_min,improvement_subrecords_porchordeck,Parcel_censustract,Improvement_porchordeck,,
improvement_subrecords_sourceforsfarea,mf_carport_fee_monthly,improvement_subrecords_proportionrenovated,Parcel_city,Improvement_proportionrenovated,,
improvement_subrecords_sprinklers,mf_garage_fee_monthly,improvement_subrecords_quality,Parcel_country,Improvement_quality,,
improvement_subrecords_surfaceparkingspaces,mf_lease_comments,improvement_subrecords_ratotalmeters,Parcel_county,Improvement_ratotalmeters,,
improvement_subrecords_tenantimprovements,mf_lease_notes,improvement_subrecords_remainingeconomiclife,Parcel_createdby,Improvement_remainingeconomiclife,,
improvement_subrecords_totaleconomiclife,mf_lease_survey_date,improvement_subrecords_renovations,Parcel_districtspending,Improvement_renovations,,
improvement_subrecords_typicalbaydepth,mf_occupancy,improvement_subrecords_residentialamenities,Parcel_districturl,Improvement_residentialamenities,,
improvement_subrecords_usablearea,mf_rent_concessions,improvement_subrecords_residentialdesign,Parcel_eastboundary,Improvement_residentialdesign,,
improvement_subrecords_yearbuilt,mf_rent_per_mo_max,improvement_subrecords_roofcover,Parcel_enrollment,Improvement_roofcover,,
improvementvalue,mf_rent_per_mo_min,improvement_subrecords_rooftype,Parcel_far,Improvement_rooftype,,
improvementvaluepersf,mf_rent_per_sf_max,improvement_subrecords_sourceforsfarea,Parcel_isgroundlease,Improvement_sourceforsfarea,,
improvmentcomments,mf_rent_per_sf_min,improvement_subrecords_sprinklers,Parcel_lat,Improvement_sprinklers,,
incomegrowth,mf_rent_per_sf_per_mo_max,improvement_subrecords_surfaceparkingspaces,Parcel_lng,Improvement_surfaceparkingspaces,,
incomegrowthrate,mf_rent_per_sf_per_mo_min,improvement_subrecords_tenantimprovements,Parcel_locationdescription,Improvement_tenantimprovements,,
incometarget,mf_rent_type,improvement_subrecords_totaleconomiclife,Parcel_market,Improvement_totaleconomiclife,,
industrialgba,mf_size_sf_max,improvement_subrecords_typicalbaydepth,Parcel_msa,Improvement_typicalbaydepth,,
industrialra,mf_size_sf_min,improvement_subrecords_usablearea,Parcel_municipality,Improvement_usablearea,,
ingestion_timestamp,mf_source_notes,improvement_subrecords_yearbuilt,Parcel_name,Improvement_yearbuilt,,
instancetype,mf_surveyed_unit_count_total,improvement_value,Parcel_name,,,
internalcomments,mf_total_annual_rent,improvement_value_per_sf,Parcel_neighborhood,,,
isdeleted,mf_total_rent_per_month,income_growth,Parcel_neighborhoodcomments,Sales_incomegrowth,,
isexcel,mf_unit_amenities,income_growth_rate,Parcel_northboundary,Sales_incomegrowthrate,,
isgroundlease,mf_vacant_units_count,income_target_percent,Parcel_opportunityzone,Unit Lease_incometarget,,
jurisdiction,mf_weighted_avg_rent_per_sf_per_mo,incometarget,Parcel_otherdbrefs,,,
landhectares,mf_weighted_avg_rent_per_sf_per_year,industrial_gba,Parcel_owner,,,
landscaping,mf_weighted_avg_rent_per_unit,industrial_ra,Parcel_parcelcomments,,,
landsf,min_lot_area,ingestion_timestamp,Parcel_parcelverificationdata,,,
landsquaremeters,minimum_lot_area,instance_type,Parcel_propertymajortype,Rent Roll Summary_instancetype,,
landtobuildingratio,monthly_or_daily_rent,internal_comments,Parcel_propertysubtype,Sales_internalcomments,,
landunitapprovedorzoned,multifamily_amenities,is_active,Parcel_propertytype,,,
landunits,multifamily_gba,is_confidential,Parcel_readyforuse,Rent Roll Summary_confidential,,
landunittype,name,is_deleted,Parcel_schooldistrict,Sales_isdeleted,,
landuse,net_income_multiplier,is_excel_entry,Parcel_southboundary,,,
landvalue,new_value,is_ground_lease,Parcel_state,Parcel_isgroundlease,,
landvaluepersf,no_of_bathrooms,is_lihtc,Parcel_studentteacherratio,,,
lastrentincrease,no_of_baths,isexcel,Parcel_submarket,Sales_isexcel,,
lat,no_of_bays,jurisdiction,Parcel_supportingfiles,,,
lease_comp_id,no_of_bedrooms,land_assessment,Parcel_timestamp,Assessment_landassessment,,
leaseconditions,no_of_beds,land_hectares,Parcel_townshiprange,Sites_landhectares,,
leasedate,no_of_buildings,land_sf,Parcel_westboundary,,,
leaseexpiration,no_of_craneways,land_square_meters,Parcel_zip,Sites_landsquaremeters,,
leaseexpiredate,no_of_docks,land_unit_approved_or_zoned,Rent Roll Summary_anchors,Sites_landunitapprovedorzoned,,
leasestart,no_of_elevators,land_unit_type,Rent Roll Summary_commleasecomments,Sites_landunittype,,
leasestartdate,no_of_escalators,land_units,Rent Roll Summary_commleasenotes,Sites_landunits,,
leasetenantimprovs,no_of_golf_holes,land_use,Rent Roll Summary_CommLeaseNotes,Sites_landuse,,
leaseterm,no_of_half_baths,land_value,Rent Roll Summary_commleasesurveydate,Sales_landvalue,,
leasetransactiontype,no_of_mf_bathrooms,land_value_per_sf,Rent Roll Summary_commleaseterms,,,
leasetype,no_of_multifamily_bedrooms,last_rent_increase,Rent Roll Summary_CommLeaseType,Unit Lease_lastrentincrease,,
legaldescription,no_of_multifamily_rooms,lat,Rent Roll Summary_commrentconcessions,Parcel_lat,,
lender,no_of_rooms,lat_centroid,Rent Roll Summary_commrentpersfmax,,,
lessor,no_of_seats,lease_commencement_date,Rent Roll Summary_commrentpersfmin,,,
lhoccupancy,no_of_spaces,lease_comp_id,Rent Roll Summary_commsizemax,,,
lhtc,no_of_stories,lease_concessions,Rent Roll Summary_commsizemin,,,
lightbox_id,no_of_tenants,lease_conditions,Rent Roll Summary_commvacancy,Rent Roll_leaseconditions,,
lng,no_of_truck_doors,lease_expiration_date,Rent Roll Summary_commverificationsource,Unit Lease_leaseexpiration,,
loadfactor,no_of_truck_doors_with_levelers,lease_options,Rent Roll Summary_confidential,,,
locationdescription,no_of_units,lease_start_date,Rent Roll Summary_escalations,Rent Roll_leasestartdate,,
managementcompany,north_boundary,lease_tenant_improvs,Rent Roll Summary_ID,Rent Roll_leasetenantimprovs,,
market,notes,lease_term_months,Rent Roll Summary_instancetype,,,
marketrentmax,number_of_parcels,lease_transaction_type,Rent Roll Summary_nooftenants,Rent Roll_leasetransactiontype,,
marketrentmin,occupancy_type,lease_type,Rent Roll Summary_rentpersfpermomax,Rent Roll_leasetype,,
marketrentmo,office_gba,leasedate,Rent Roll Summary_rentpersfpermomin,Rent Roll_leasedate,,
marketrentsf,office_ra,leaseexpiration,Rent Roll Summary_sfleased,,,
maxbuildheight,old_value,leaseexpiredate,Rent Roll Summary_shadowanchors,Rent Roll_leaseexpiredate,,
maxgrosslihtcrestrictedrent,opportunity_zone,leasestart,Rent Roll Summary_tenant,Unit Lease_leasestart,,
maxsitecoverage,ordinance_document,leaseterm,Rent Roll_anchortype,Rent Roll_leaseterm,,
medianhomevalue,ordinance_document_url,legal_description,Rent Roll_baserentpermo,Sales_legaldescription,,
medianhouseholdincome,original_list_price,lender,Rent Roll_baserentperyear,Sales_lender,,
merge_timestamp,original_lp_percent_diff,lender_name,Rent Roll_baserentsf,,,
merged_by_user_or_system,other_acres,lessor,Rent Roll_baserentsfmo,Rent Roll_lessor,,
mfamenities,other_adjustment,lessor_name,Rent Roll_comments,,,
mfbrmax,other_assessment,lh_occupancy,Rent Roll_commleasesurveydate,Improvement_lhoccupancy,,
mfbrmin,other_db_refs,lhtc,Rent Roll_concessions,Unit Lease_lhtc,,
mfcarportfeemonthly,other_gba,lightbox_created_by,Rent Roll_coststofinish,,,
mfgaragefeemonthly,other_ra,lightbox_id,Rent Roll_CurrentRentPerMo,,,
mfleasecomments,owner,lightbox_timestamp,Rent Roll_datasource,,,
mfleasenotes,parcel_comments,lng,Rent Roll_effectiverentsf,Parcel_lng,,
mfleasesurveydate,parcel_id,lng_centroid,Rent Roll_effectiverentsfmo,,,
mfoccupancy,parcel_verification_data,locationdescription,Rent Roll_effrentpermo,Parcel_locationdescription,,
mfrentconcessions,parent_geo_id,major_type,Rent Roll_effrentperyear,,,
mfrentpermomax,parking,management_company,Rent Roll_escalations,Unit Lease Summary_managementcompany,,
mfrentpermomin,parking_adequacy,market,Rent Roll_expensereimbursements,Parcel_market,,
mfrentpersfmax,parking_adequacy_id,market_rent_max,Rent Roll_expensestop,Unit Lease_marketrentmax,,
mfrentpersfmin,parking_comments,market_rent_min,Rent Roll_finish,Unit Lease_marketrentmin,,
mfrentpersfpermomax,parking_condition,market_rent_per_mo,Rent Roll_floorlevel,Unit Lease_marketrentmo,,
mfrentpersfpermomin,parking_condition_id,market_rent_per_sf,Rent Roll_freerentmonths,,,
mfrenttype,parking_ratio_gba,marketrentmo,Rent Roll_id,Unit Lease_marketrentsf,,
mfsizesfmax,parking_ratio_ra,marketrentsf,Rent Roll_leaseconditions,,,
mfsizesfmin,parking_ratio_unit,max_build_height,Rent Roll_leasedate,,,
mfsourcenotes,parking_requirement,max_gross_lihtc_restricted_rent,Rent Roll_leaseexpiredate,Unit Lease_MaxGrossLIHTCRestrictedRent,,
mfsurveyedunitcounttotal,parking_type,max_site_coverage,Rent Roll_leasestartdate,,,
mftotalannualrent,parking_type_id,median_hh_income,Rent Roll_leasetenantimprovs,,,
mftotalrentpermonth,per_pupil_spending,median_home_value,Rent Roll_leaseterm,Sites_medianhomevalue,,
mfvacantunitscount,percent_diminution_in_value,median_household_income,Rent Roll_leasetransactiontype,Sites_medianhouseholdincome,,
mfweightedavgrentpersfpermo,percent_office_ul,merge_timestamp,Rent Roll_leasetype,Parcel_timestamp,,
mfweightedavgrentpersfperyear,percent_rent,merged_by_user_or_system,Rent Roll_lessor,,,
mfweightedavgrentperunit,percent_stigma,mf_br_max,Rent Roll_options,Unit Lease Summary_mfbrmax,,
minimumlotarea,percent_tillable,mf_br_min,Rent Roll_percentofficeul,Unit Lease Summary_mfbrmin,,
minlotarea,percent_wetlands,mf_carport_fee_monthly,Rent Roll_percentrent,Unit Lease Summary_mfcarportfeemonthly,,
monthlyordailyrent,perimeter,mf_garage_fee_monthly,Rent Roll_rentbasis,Unit Lease Summary_mfgaragefeemonthly,,
msa,perimeter_sf,mf_lease_comments,Rent Roll_rentincreased,Unit Lease Summary_mfleasecomments,,
multifamilyamenities,permitted_uses,mf_lease_notes,Rent Roll_rentperm2,Unit Lease Summary_mfleasenotes,,
multifamilygba,population,mf_lease_survey_date,Rent Roll_rentperm2permo,Unit Lease Summary_mfleasesurveydate,,
municipality,porch_or_deck,mf_occupancy,Rent Roll_rentpersfpermo,Unit Lease Summary_mfoccupancy,,
name,potential_gross_income_multiplier,mf_rent_concessions,Rent Roll_sizem2,Unit Lease Summary_mfrentconcessions,,
neighborhood,price_adjustment,mf_rent_per_mo_max,Rent Roll_suite,Unit Lease Summary_mfrentpermomax,,
neighborhoodcomments,price_per_acre,mf_rent_per_mo_min,Rent Roll_tenant,Unit Lease Summary_mfrentpermomin,,
net_rentable_area,price_per_bay,mf_rent_per_sf_max,Rent Roll_tenantcam,,,
new_value,price_per_bed,mf_rent_per_sf_min,Rent Roll_tenantparking,,,
nim,price_per_bedroom,mf_rent_per_sf_per_mo_max,Rent Roll_typeoruseofspace,Unit Lease Summary_mfrentpersfpermomax,,
noofbathrooms,price_per_buildable_sf,mf_rent_per_sf_per_mo_min,Rent Roll_unitsf,Unit Lease Summary_mfrentpersfpermomin,,
noofbays,price_per_far,mf_rent_type,Rent Roll_verificationdate,Unit Lease Summary_mfrenttype,,
noofbedrooms,price_per_gba_meters,mf_size_sf_max,Rent Roll_verificationsource,,,
noofbeds,price_per_land_hectares,mf_size_sf_min,Saleinfo_NIM,,,
noofbuildings,price_per_land_sf,mf_source_notes,Sales_activestatus,Unit Lease Summary_MFSourceNotes,,
noofelevators,price_per_land_sqm,mf_surveyed_unit_count_total,Sales_adjustmentcomments,Unit Lease Summary_mfsurveyedunitcounttotal,,
noofescalators,price_per_land_unit,mf_total_annual_rent,Sales_appraisaldate,Unit Lease Summary_mftotalannualrent,,
noofgolfholes,price_per_mf_bedroom,mf_total_rent_per_month,Sales_appraisedvalue,Unit Lease Summary_mftotalrentpermonth,,
noofhalfbaths,price_per_mf_room,mf_unit_amenities,Sales_bookpageorrefdoc,Unit Lease Summary_mfamenities,,
noofmfbathrooms,price_per_primary_frontage,mf_vacant_units_count,Sales_businessvalueadjustment,Unit Lease Summary_mfvacantunitscount,,
noofmultifamilybedrooms,price_per_ra,mf_weighted_avg_rent_per_sf_per_mo,Sales_buyertype,Unit Lease Summary_mfweightedavgrentpersfpermo,,
noofmultifamilyrooms,price_per_ra_meters,mf_weighted_avg_rent_per_sf_per_year,Sales_caprate,Unit Lease Summary_mfweightedavgrentpersfperyear,,
noofrooms,price_per_room,mf_weighted_avg_rent_per_unit,Sales_caprate,Unit Lease Summary_mfweightedavgrentperunit,,
noofseats,price_per_sf,mfamenities,Sales_cleanupcosts,,,
noofspaces,price_per_space,min_lot_area,Sales_conditionsofsale,,,
noofstories,price_per_unit,minimum_lot_area,Sales_conditionsofsaleadjustment,,,
nooftenants,price_per_usable_acre,monthly_or_daily_rent,Sales_confidential,Unit Lease_monthlyordailyrent,,
nooftruckdoors,price_per_usable_land_sf,msa,Sales_currentlistprice,Parcel_msa,,
nooftruckdoorswithlevelers,primary_frontage_lf,multifamily_gba,Sales_currentlppercentdiff,,,
noofunits,primary_frontage_st,municipality,Sales_currentuse,Parcel_municipality,,
northboundary,product_segment,name,Sales_datasource,Parcel_name,,
number_of_units,productivity_index,neighborhood,Sales_daysonmarket,Parcel_neighborhood,,
numberofparcels,project_amenities,neighborhoodcomments,Sales_diminutionsource,Parcel_neighborhoodcomments,,
occupancytype,project_id,net_income_multiplier,Sales_discountrate,,,
officegba,project_name,net_rentable_area,Sales_egim,,,
officera,project_property_id,new_value,Sales_egim,,,
old_value,project_style,nim,Sales_environmentalconcerns,Sales_nim,,
opportunityzone,property_assessment_id,no_of_baths,Sales_environmentalremarks,,,
options,property_id,no_of_buildings,Sales_environmentalstatus,,,
ordinancedocument,property_included,no_of_craneways,Sales_excesslandadjustment,,,
originallistprice,property_rights,no_of_docks,Sales_expendituresaftersaleadjustment,,,
originallppercentdiff,property_type,no_of_mf_bathrooms,Sales_expensegrowthrate,Improvement_noofmfbathrooms,,
otheracres,property_type_id,no_of_multifamily_bedrooms,Sales_ffandeadjustment,Improvement_noofmultifamilybedrooms,,
otheradjustment,property_zoning_id,no_of_multifamily_rooms,Sales_financing,Improvement_noofmultifamilyrooms,,
otherdbrefs,proportion_renovated,no_of_tenants,Sales_financingtermsadjustment,Sales_tosnumberoftenants,,
othergba,proposed_sf,north_boundary,Sales_finishcondition,Parcel_northboundary,,
otherra,proposed_units,notes,Sales_grantee,,,
owner,proposed_use,number_of_parcels,Sales_grantor,Sites_NumberOfParcels,,
parcel_id,quality_id,number_of_units,Sales_highestandbestuse,,,
parcelcomments,ra_total,occupancy_type,Sales_holdingperiodyears,Unit Lease_occupancytype,,
parcelid,ra_total_meters,office_gba,Sales_hotelroomrevmultiplier,,,
parcelverificationdata,rail_service,office_ra,Sales_id,,,
parking,ready_for_use,old_value,Sales_improvementvalue,,,
parkingadequacy,rear_yard_distance,opportunity_zone,Sales_improvementvaluepersf,Parcel_opportunityzone,,
parkingadequacyid,recording_date,options,Sales_incomegrowth,Rent Roll_options,,
parkingcomments,remaining_economic_life,ordinance_document,Sales_incomegrowthrate,,,
parkingcondition,renovations_description,ordinance_document_url,Sales_internalcomments,,,
parkingconditionid,rent_basis,original_list_price,Sales_isdeleted,Sales_originallistprice,,
parkingratiogba,rent_comp_id,original_lp_percent_diff,Sales_isexcel,Sales_originallppercentdiff,,
parkingratiora,rent_escalations,other_acres,Sales_landvalue,Sites_otheracres,,
parkingratiounit,rent_increase_percent,other_adjustment,Sales_landvaluepersf,Sales_otheradjustment,,
parkingrequirement,rent_last_increased,other_assessment,Sales_legaldescription,Assessment_otherassessment,,
parkingtype,rent_per_mo,other_db_refs,Sales_lender,Parcel_otherdbrefs,,
parkingtypeid,rent_per_sf_per_mo,other_gba,Sales_nim,,,
percentdiminutioninvalue,rent_per_sf_per_mo_max,other_ra,Sales_originallistprice,,,
percentofficeul,rent_per_sf_per_mo_min,owner,Sales_originallppercentdiff,Parcel_owner,,
percentrent,rent_per_sq_meter,parcel_comments,Sales_otheradjustment,incExp_comments,,
percentstigma,rent_per_sq_meter_per_mo,parcel_id,Sales_percentdiminutioninvalue,Rent Roll_id,,
percenttillable,rent_roll_summary_commleasenotes,parcel_verification_data,Sales_percentstigma,Sales_verificationdate,,
percentwetlands,rentable_area,parent_geo_id,Sales_pgim,,,
perimeter,residential_amenities,parking_adequacy_id,Sales_pgim,,,
perimetersf,residential_design,parking_condition_id,Sales_price,,,
permitteduses,responsible_party,parking_ratio_gba,Sales_priceactual,,,
pgim,retail_gba,parking_ratio_ra,Sales_priceadjustment,,,
porchordeck,retail_gla,parking_ratio_unit,Sales_priceperacre,Improvement_parkingratiounit,,
price,rev_par,parking_requirement,Sales_priceperbay,,,
priceactual,risk_profile,parking_type_id,Sales_priceperbed,,,
priceadjustment,road_frontage,per_pupil_spending,Sales_priceperbedroom,,,
priceperacre,roof_cover,percent_diminution_in_value,Sales_priceperbuildablesf,Sales_percentdiminutioninvalue,,
priceperbay,roof_cover_id,percent_office_ul,Sales_priceperfar,Rent Roll_percentofficeul,,
priceperbed,roof_type,percent_rent,Sales_pricepergbameters,Rent Roll_percentrent,,
priceperbedroom,roof_type_id,percent_stigma,Sales_priceperlandhectares,Sales_percentstigma,,
priceperbuildablesf,sale_comments,percent_tillable,Sales_priceperlandsf,Sites_percenttillable,,
priceperfar,sale_comp_id,percent_wetlands,Sales_priceperlandsqm,Sites_percentwetlands,,
pricepergbameters,sale_date,perimeter,Sales_priceperlandunit,Improvement_perimeter,,
priceperlandhectares,sale_notes,perimeter_sf,Sales_pricepermfbedroom,,,
priceperlandsf,sale_price,permitted_uses,Sales_pricepermfroom,,,
priceperlandsqm,sale_supporting_files,pgim,Sales_priceperprimaryfrontage,Sales_pgim,,
priceperlandunit,school_district_id,population,Sales_priceperra,,,
pricepermfbedroom,secondary_frontage_lf,potential_gross_income_multiplier,Sales_priceperrameters,,,
pricepermfroom,secondary_frontage_st,price,Sales_priceperroom,Sales_price,,
priceperprimaryfrontage,secondary_traffic_count,price_adjustment,Sales_pricepersf,Sales_priceadjustment,,
priceperra,session_end,price_per_acre,Sales_priceperspace,Sales_priceperacre,,
priceperrameters,session_start,price_per_bay,Sales_priceperunit,Sales_priceperbay,,
priceperroom,setback_distance,price_per_bed,Sales_priceperusableacre,Sales_priceperbed,,
pricepersf,sf_leased,price_per_bedroom,Sales_priceperusableacre,Sales_priceperbedroom,,
priceperspace,sf_size_max,price_per_buildable_sf,Sales_priceperusablelandsf,Sales_priceperbuildablesf,,
priceperunit,sf_size_min,price_per_far,Sales_propertyincluded,Sales_priceperfar,,
priceperusableacre,shadow_anchors,price_per_gba_meters,Sales_propertyrights,,,
priceperusablelandsf,shape,price_per_land_hectares,Sales_proposeduse,Sales_priceperlandhectares,,
primaryfrontagelf,side_yard_distance,price_per_land_sf,Sales_recordingdate,,,
primaryfrontagest,site_acres,price_per_land_sqm,Sales_responsibleparty,Sales_priceperlandsqm,,
productivityindex,site_area_id,price_per_land_unit,Sales_riskprofile,Sales_priceperlandunit,,
productsegment,site_comments,price_per_mf_bedroom,Sales_salecomments,Sales_pricepermfbedroom,,
project_id,site_dimensions,price_per_mf_room,Sales_saledate,Sales_pricepermfroom,,
project_name,site_drainage,price_per_primary_frontage,Sales_salenotes,Sales_priceperprimaryfrontage,,
project_property_id,site_id,price_per_ra,Sales_salesupportingfiles,,,
projectamenities,site_landscaping,price_per_ra_meters,Sales_terminalcaprate,,,
projectstyle,site_topography,price_per_room,Sales_toscaprate,Sales_priceperroom,,
property_id,site_utilities,price_per_sf,Sales_toseffectiveage,,,
property_zoning_id,site_views,price_per_space,Sales_tosegim,Sales_priceperspace,,
propertyincluded,site_visibility,price_per_unit,Sales_tosnoi,Sales_priceperunit,,
propertymajortype,size_sq_meters,price_per_usable_acre,Sales_tosnumberoftenants,Sales_priceperusableacre,,
propertyrights,soil_type,price_per_usable_land_sf,Sales_tosoccupancyrate,Sales_priceperusablelandsf,,
propertysubtype,source_for_sf_area,priceactual,Sales_tospriceperrsf,Sales_priceactual,,
propertytype,source_system,primary_frontage_lf,Sales_tospriceperuseableacreland,Sites_primaryfrontagelf,,
proportionrenovated,south_boundary,primary_frontage_st,Sales_tospriceperuseablesfland,Sites_primaryfrontagest,,
proposedsf,space_finish,product_segment,Sales_tostenancytype,Improvement_productsegment,,
proposedunits,special_assessments,productivity_index,Sales_tosvacancyrate,Sites_productivityindex,,
proposeduse,sprinkler_type,project_amenities,Sales_tosweightedaverageleaseterm,Unit Lease Summary_projectamenities,,
quality,sprinklers_id,project_id,Sales_transactiontype,,,
qualityid,square_feet,project_name,Sales_typeofcontamination,,,
railservice,status,project_property_id,Sales_verificationdate,,,
ratotal,storage_fee,project_style,Sales_verificationphone,Unit Lease Summary_projectstyle,,
ratotalmeters,student_teacher_ratio,property_assessment_id,Sales_verificationsource,,,
readyforuse,sub_type,property_id,Sites_access,,,
rearyarddistance,suite_number,property_included,Sites_acres,Sales_propertyincluded,,
recordingdate,supporting_files,property_rights,Sites_allowablefloorareasf,Sales_propertyrights,,
remainingeconomiclife,surface_parking_spaces,property_type,Sites_allowableunits,Parcel_propertytype,,
renovations,tax_id,property_type_id,Sites_allutilities,Parcel_propertysubtype,,
rent_comp_id,tax_rate,property_zoning_id,Sites_areainfloodzone,,,
rent_roll_summary_commleasenotes,taxing_authority,propertymajortype,Sites_buildablesf,Parcel_propertymajortype,,
rentablearea,tenant_cam,propertysubtype,Sites_corner,,,
rentbasis,tenant_improvements,proposed_sf,Sites_demographicssurveydate,,,
rentincreased,tenant_name,proposed_units,Sites_depth,Sites_proposedunits,,
rentincreasepercent,tenant_parking,proposed_use,Sites_dimensions,Sales_proposeduse,,
rentperm2,tenant_profile,quality_id,Sites_drainage,,,
rentperm2permo,terminal_cap_rate,ra_total,Sites_earthquakehazardrisk,,,
rentpermo,tertiary_frontage_lf,rail_service,Sites_earthquakezonecomments,Sites_railservice,,
rentpersfpermo,tertiary_frontage_st,ready_for_use,Sites_easementacres,Parcel_readyforuse,,
rentpersfpermomax,tertiary_traffic_count,rear_yard_distance,Sites_easementlandsf,,,
rentpersfpermomin,tillable_acres,recording_date,Sites_effectivewaterfrontage,Sales_recordingdate,,
residentialamenities,time_log_id,renovations_description,Sites_encumbranceoreasement,,,
residentialdesign,tos_cap_rate,rent_basis,Sites_environmentalissues,Rent Roll_rentbasis,,
responsibleparty,tos_effective_age,rent_comp_id,Sites_excessacres,,,
retailgba,tos_egim,rent_escalations,Sites_excesslandsf,Rent Roll Summary_escalations,,
retailgla,tos_noi,rent_increase_percent,Sites_femamapdate,Unit Lease_rentincreasepercent,,
revpar,tos_number_of_tenants,rent_last_increased,Sites_floodmappanel,Rent Roll_rentincreased,,
riskprofile,tos_occupancy_rate,rent_per_mo,Sites_floodzone,Unit Lease_rentpermo,,
roadfrontage,tos_price_per_rsf,rent_per_sf_per_mo,Sites_homesiteacres,,,
roofcover,tos_price_per_useable_acre_land,rent_per_sf_per_mo_max,Sites_landhectares,Rent Roll Summary_rentpersfpermomax,,
roofcoverid,tos_price_per_useable_sf_land,rent_per_sf_per_mo_min,Sites_landsf,Rent Roll Summary_rentpersfpermomin,,
rooftype,tos_tenancy_type,rent_per_sq_meter,Sites_landsquaremeters,,,
rooftypeid,tos_vacancy_rate,rent_per_sq_meter_per_mo,Sites_landunitapprovedorzoned,,,
rooms,tos_weighted_avg_lease_term,rent_roll_summary_commleasenotes,Sites_landunits,Rent Roll Summary_CommLeaseNotes,,
sale_comp_id,total_assessment,rentable_area,Sites_landunittype,,,
salecomments,total_economic_life,rentincreased,Sites_landuse,,,
saledate,total_market_rent,rentperm2,Sites_medianhomevalue,Rent Roll_rentperm2,,
salenotes,total_taxes,rentperm2permo,Sites_medianhouseholdincome,Rent Roll_rentperm2permo,,
salesupportingfiles,traffic_count,responsible_party,Sites_NumberOfParcels,Sales_responsibleparty,,
schooldistrict,traffic_survey_date,retail_gba,Sites_otheracres,,,
secondaryfrontagelf,transaction_type,retail_gla,Sites_percenttillable,,,
secondaryfrontagest,type_of_contamination,rev_par,Sites_percentwetlands,Improvement_revpar,,
secondarytrafficcount,type_or_use_of_space,risk_profile,Sites_primaryfrontagelf,Sales_riskprofile,,
session_end,typical_bay_depth,road_frontage,Sites_primaryfrontagest,Sites_roadfrontage,,
session_start,unit_category,roof_cover_id,Sites_productivityindex,,,
setbackdistance,unit_count,roof_type_id,Sites_proposedsf,,,
sfleased,unit_depth_ft,rooms,Sites_proposedunits,Unit Lease_rooms,,
sfsizemax,unit_floor,sale_comments,Sites_railservice,Sales_salecomments,,
sfsizemin,unit_height_ft,sale_comp_id,Sites_roadfrontage,,,
shadowanchors,unit_mix_id,sale_date,Sites_secondaryfrontagelf,Sales_saledate,,
shalcommunityfee,unit_sf,sale_notes,Sites_secondaryfrontagest,Sales_salenotes,,
shalentryfee,unit_type,sale_price,Sites_secondarytrafficcount,,,
shaloccupancypercentage,unit_width_ft,sale_supporting_files,Sites_shape,Sales_salesupportingfiles,,
shalsecondpersonfeemonthly,updated_at,school_district_id,Sites_sitecomments,Parcel_schooldistrict,,
shalunitcount,updated_by_user_id,schooldistrict,Sites_soiltype,,,
shape,usable_area,secondary_frontage_lf,Sites_SurplusAcres,Sites_secondaryfrontagelf,,
shcaretypecomments,user_id,secondary_frontage_st,Sites_SurplusLandSF,Sites_secondaryfrontagest,,
shilcommunityfee,utilities_paid_by_owner,secondary_traffic_count,Sites_tertiaryfrontagelf,Sites_secondarytrafficcount,,
shilentryfee,utility_allowance,session_end,Sites_tertiaryfrontagest,,,
shiloccupancypercentage,vacancy_rate,session_start,Sites_tertiarytrafficcount,,,
shilsecondpersonfeemonthly,vacant_units,setback_distance,Sites_tillableacres,,,
shilunitcount,verification_date,sf_leased,Sites_topography,,,
shmccommunityfee,verification_phone,sf_size_max,Sites_trafficcount,,,
shmcentryfee,verification_source,sf_size_min,Sites_trafficsurveydate,,,
shmcoccupancypercentage,verificationdate,shadow_anchors,Sites_UnusableAcres,Rent Roll Summary_shadowanchors,,
shmcsecondpersonfeemonthly,waste_acres,shalcommunityfee,Sites_UnusableLandSF,Unit Lease Summary_shalcommunityfee,,
shmcunitcount,water_frontage,shalentryfee,Sites_usableacres,Unit Lease Summary_shalentryfee,,
shothercommunityfee,west_boundary,shaloccupancypercentage,Sites_usablelandsf,Unit Lease Summary_shaloccupancypercentage,,
shotherentryfee,wetland_acres,shalsecondpersonfeemonthly,Sites_utilities,Unit Lease Summary_shalsecondpersonfeemonthly,,
shotheroccupancypercentage,wetlands_type,shalunitcount,Sites_views,Unit Lease Summary_shalunitcount,,
shothersecondpersonfeemonthly,within_flood_plain,shape,Sites_visibility,Sites_shape,,
shotherunitcount,woodland_acres,shcaretypecomments,Sites_wasteacres,,,
shpayormedicaidpercentage,year_built,shilcommunityfee,Sites_waterfrontage,Unit Lease Summary_shilcommunityfee,,
shpayormedicarepercentage,year_built_numeric,shilentryfee,Sites_wetlandacres,Unit Lease Summary_shilentryfee,,
shpayorotherpercentage,zoned_density,shilunitcount,Sites_wetlandstype,Unit Lease Summary_shilunitcount,,
shpayorprivatepaypercentage,zoning_authority,shmccommunityfee,Sites_withinfloodplainname,Unit Lease Summary_shmccommunityfee,,
shpayorvapercentage,zoning_code,shmcentryfee,Sites_woodlandacres,Unit Lease Summary_shmcentryfee,,
shsncommunityfee,zoning_designation,shmcoccupancypercentage,Unit Lease Summary_avgmfunitsize,Unit Lease Summary_shmcoccupancypercentage,,
shsnentryfee,zoning_district,shmcsecondpersonfeemonthly,Unit Lease Summary_ID,Unit Lease Summary_shmcsecondpersonfeemonthly,,
shsnoccupancypercentage,zoning_id,shmcunitcount,Unit Lease Summary_instancetype,Unit Lease Summary_shmcunitcount,,
shsnsecondpersonfeemonthly,zoning_jurisdiction,shothercommunityfee,Unit Lease Summary_managementcompany,Unit Lease Summary_shothercommunityfee,,
shsnunitcount,zoning_notes,shotherentryfee,Unit Lease Summary_mfamenities,Unit Lease Summary_shotherentryfee,,
sideyarddistance,zoning_summary,shotheroccupancypercentage,Unit Lease Summary_mfbrmax,Unit Lease Summary_shotheroccupancypercentage,,
site_area_id,zoning_type,shothersecondpersonfeemonthly,Unit Lease Summary_mfbrmin,Unit Lease Summary_shothersecondpersonfeemonthly,,
site_id,,shotherunitcount,Unit Lease Summary_mfcarportfeemonthly,Unit Lease Summary_shotherunitcount,,
sitecomments,,shpayormedicaidpercentage,Unit Lease Summary_mfgaragefeemonthly,Unit Lease Summary_shpayormedicaidpercentage,,
sizem2,,shpayormedicarepercentage,Unit Lease Summary_mfleasecomments,Unit Lease Summary_SHPayorMedicarePercentage,,
soiltype,,shpayorotherpercentage,Unit Lease Summary_mfleasenotes,Unit Lease Summary_shpayorotherpercentage,,
source_system,,shpayorprivatepaypercentage,Unit Lease Summary_mfleasesurveydate,Unit Lease Summary_shpayorprivatepaypercentage,,
sourceforsfarea,,shpayorvapercentage,Unit Lease Summary_mfoccupancy,Unit Lease Summary_shpayorvapercentage,,
southboundary,,shsncommunityfee,Unit Lease Summary_mfrentconcessions,Unit Lease Summary_shsncommunityfee,,
sprinklers,,shsnentryfee,Unit Lease Summary_mfrentpermomax,Unit Lease Summary_shsnentryfee,,
sprinklersid,,shsnoccupancypercentage,Unit Lease Summary_mfrentpermomin,Unit Lease Summary_shsnoccupancypercentage,,
square_feet,,shsnsecondpersonfeemonthly,Unit Lease Summary_mfrentpersfmax,Unit Lease Summary_shsnsecondpersonfeemonthly,,
state,,shsnunitcount,Unit Lease Summary_mfrentpersfmin,Unit Lease Summary_shsnunitcount,,
status,,side_yard_distance,Unit Lease Summary_mfrentpersfpermomax,,,
storagefee,,site_acres,Unit Lease Summary_mfrentpersfpermomin,Sites_wasteacres,,
studentteacherratio,,site_area_id,Unit Lease Summary_mfrenttype,,,
submarket,,site_comments,Unit Lease Summary_mfsizesfmax,Sites_sitecomments,,
suite,,site_dimensions,Unit Lease Summary_mfsizesfmin,,,
summary,,site_drainage,Unit Lease Summary_MFSourceNotes,,,
supportingfiles,,site_id,Unit Lease Summary_mfsurveyedunitcounttotal,,,
surfaceparkingspaces,,site_landscaping,Unit Lease Summary_mftotalannualrent,,,
tenant,,site_topography,Unit Lease Summary_mftotalrentpermonth,Sites_topography,,
tenantcam,,site_utilities,Unit Lease Summary_mfvacantunitscount,,,
tenantimprovements,,site_views,Unit Lease Summary_mfweightedavgrentpersfpermo,,,
tenantparking,,site_visibility,Unit Lease Summary_mfweightedavgrentpersfperyear,Sites_visibility,,
tenantprofile,,size_sq_meters,Unit Lease Summary_mfweightedavgrentperunit,,,
terminalcaprate,,sizem2,Unit Lease Summary_projectamenities,Rent Roll_sizem2,,
tertiaryfrontagelf,,soil_type,Unit Lease Summary_projectstyle,Sites_soiltype,,
tertiaryfrontagest,,source_system,Unit Lease Summary_shalcommunityfee,,,
tertiarytrafficcount,,south_boundary,Unit Lease Summary_shalentryfee,Parcel_southboundary,,
tillableacres,,space_finish,Unit Lease Summary_shaloccupancypercentage,,,
time_log_id,,special_assessments,Unit Lease Summary_shalsecondpersonfeemonthly,Assessment_specialassessments,,
timestamp,,sprinkler_type,Unit Lease Summary_shalunitcount,,,
topography,,sprinklers_id,Unit Lease Summary_shcaretypecomments,,,
toscaprate,,square_feet,Unit Lease Summary_shilcommunityfee,,,
toseffectiveage,,state,Unit Lease Summary_shilentryfee,Parcel_state,,
tosegim,,status,Unit Lease Summary_shiloccupancypercentage,,,
tosnoi,,storage_fee,Unit Lease Summary_shilsecondpersonfeemonthly,Unit Lease Summary_storagefee,,
tosnumberoftenants,,student_teacher_ratio,Unit Lease Summary_shilunitcount,Parcel_studentteacherratio,,
tosoccupancyrate,,sub_type,Unit Lease Summary_shmccommunityfee,,,
tospriceperrsf,,submarket,Unit Lease Summary_shmcentryfee,Parcel_submarket,,
tospriceperuseableacreland,,suite,Unit Lease Summary_shmcoccupancypercentage,Rent Roll_suite,,
tospriceperuseablesfland,,suite_number,Unit Lease Summary_shmcsecondpersonfeemonthly,,,
tostenancytype,,supporting_files,Unit Lease Summary_shmcunitcount,Parcel_supportingfiles,,
tosvacancyrate,,tax_id,Unit Lease Summary_shothercommunityfee,Assessment_taxid,,
tosweightedaverageleaseterm,,tax_rate,Unit Lease Summary_shotherentryfee,Assessment_taxrate,,
totaleconomiclife,,taxing_authority,Unit Lease Summary_shotheroccupancypercentage,Assessment_taxingauthority,,
totalmarketrent,,tenant,Unit Lease Summary_shothersecondpersonfeemonthly,Rent Roll Summary_tenant,,
townshiprange,,tenant_cam,Unit Lease Summary_shotherunitcount,incExp_cam,,
trafficcount,,tenant_name,Unit Lease Summary_shpayormedicaidpercentage,Rent Roll_tenantcam,,
trafficsurveydate,,tenant_parking,Unit Lease Summary_SHPayorMedicarePercentage,Rent Roll_tenantparking,,
transactiontype,,tenant_profile,Unit Lease Summary_shpayorotherpercentage,Unit Lease_tenantprofile,,
type,,terminal_cap_rate,Unit Lease Summary_shpayorprivatepaypercentage,Sales_terminalcaprate,,
typeofcontamination,,tertiary_frontage_lf,Unit Lease Summary_shpayorvapercentage,Sites_tertiaryfrontagelf,,
typeoruseofspace,,tertiary_frontage_st,Unit Lease Summary_shsncommunityfee,Sites_tertiaryfrontagest,,
typicalbaydepth,,tertiary_traffic_count,Unit Lease Summary_shsnentryfee,Sites_tertiarytrafficcount,,
unit_mix_id,,tillable_acres,Unit Lease Summary_shsnoccupancypercentage,Sites_tillableacres,,
unitcount,,time_log_id,Unit Lease Summary_shsnsecondpersonfeemonthly,,,
unitdepth,,timestamp,Unit Lease Summary_shsnunitcount,,,
unitheight,,topography,Unit Lease Summary_storagefee,,,
unitsf,,tos_cap_rate,Unit Lease Summary_totalmarketrent,,,
unittype,,tos_effective_age,Unit Lease Summary_UtilitiesPaidByOwner,Sales_toseffectiveage,,
unitwidth,,tos_egim,Unit Lease Summary_vacancyrate,Sales_tosegim,,
usablearea,,tos_noi,Unit Lease_affordabilitystatus,Sales_tosnoi,,
use_mix_id,,tos_number_of_tenants,Unit Lease_annualrentpersf,,,
use_type,,tos_occupancy_rate,Unit Lease_baths,Sales_tosoccupancyrate,,
user_id,,tos_price_per_rsf,Unit Lease_bedrooms,Sales_tospriceperrsf,,
utilities,,tos_price_per_useable_acre_land,Unit Lease_beds,Sales_tospriceperuseableacreland,,
utilitiespaidbyowner,,tos_price_per_useable_sf_land,Unit Lease_category,Sales_tospriceperuseablesfland,,
utilityallowance,,tos_tenancy_type,Unit Lease_communityfeemax,Sales_tostenancytype,,
vacancyrate,,tos_vacancy_rate,Unit Lease_communityfeemin,Sales_tosvacancyrate,,
vacantunits,,tos_weighted_avg_lease_term,Unit Lease_contractrentmax,Sales_tosweightedaverageleaseterm,,
verificationdate,,tosweightedaverageleaseterm,Unit Lease_contractrentmin,,,
verificationphone,,total_assessment,Unit Lease_dailyrateperunit,Assessment_totalassessment,,
verificationsource,,total_market_rent,Unit Lease_dailyrateperunitmax,Unit Lease Summary_totalmarketrent,,
views,,total_taxes,Unit Lease_dailyrateperunitmin,,,
visibility,,townshiprange,Unit Lease_entryfeemax,Parcel_townshiprange,,
wasteacres,,traffic_count,Unit Lease_entryfeemin,Sites_trafficcount,,
waterfrontage,,traffic_survey_date,Unit Lease_floor,Sites_trafficsurveydate,,
westboundary,,transaction_type,Unit Lease_incometarget,Sales_transactiontype,,
wetlandacres,,type_of_contamination,Unit Lease_lastrentincrease,Sales_typeofcontamination,,
wetlandstype,,type_or_use_of_space,Unit Lease_leaseexpiration,Rent Roll_typeoruseofspace,,
withinfloodplainname,,unit_category,Unit Lease_leasestart,,,
woodlandacres,,unit_count,Unit Lease_lhtc,Unit Lease_unitcount,,
yearbuilt,,unit_depth_ft,Unit Lease_marketrentmax,Unit Lease_unitdepth,,
yearbuiltnumeric,,unit_floor,Unit Lease_marketrentmin,,,
zip,,unit_height_ft,Unit Lease_marketrentmo,Unit Lease_unitheight,,
zoneddensity,,unit_mix_id,Unit Lease_marketrentsf,,,
zoning,,unit_sf,Unit Lease_MaxGrossLIHTCRestrictedRent,,,
zoning_subrecords_comments,,unit_type,Unit Lease_monthlyordailyrent,Unit Lease_unittype,,
zoning_subrecords_district,,unit_width_ft,Unit Lease_occupancytype,Unit Lease_unitwidth,,
zoning_subrecords_maxbuildheight,,unitdepth,Unit Lease_rentincreasepercent,,,
zoning_subrecords_maxsitecoverage,,unitheight,Unit Lease_rentperm2,,,
zoning_subrecords_ordinancedocument,,unitwidth,Unit Lease_rentpermo,,,
zoning_subrecords_parkingrequirement,,updated_at,Unit Lease_rentpersfpermo,,,
zoning_subrecords_permitteduses,,updated_by_user_id,Unit Lease_rooms,,,
zoning_subrecords_sideyarddistance,,use_mix_id,Unit Lease_sfsizemax,,,
zoning_subrecords_summary,,use_type,Unit Lease_sfsizemin,,,
zoning_subrecords_type,,user_id,Unit Lease_sizem2,,,
zoning_subrecords_zoneddensity,,utilities,Unit Lease_tenantprofile,incExp_totalutilities,,
zoningcode,,utilities_paid_by_owner,Unit Lease_unitcount,Unit Lease Summary_UtilitiesPaidByOwner,,
zoningid,,utility_allowance,Unit Lease_unitdepth,Unit Lease_utilityallowance,,
,,vacancy_rate,Unit Lease_unitheight,Unit Lease Summary_vacancyrate,,
,,vacant_units,Unit Lease_unitsf,Unit Lease_vacantunits,,
,,verification_date,Unit Lease_unittype,Rent Roll_verificationdate,,
,,verification_phone,Unit Lease_unitwidth,Sales_verificationphone,,
,,verification_source,Unit Lease_utilityallowance,Rent Roll_verificationsource,,
,,views,Unit Lease_vacantunits,Sites_views,,
,,visibility,,,,
,,waste_acres,,,,
,,water_frontage,,Sites_waterfrontage,,
,,west_boundary,,Parcel_westboundary,,
,,wetland_acres,,Sites_wetlandacres,,
,,wetlands_type,,Sites_wetlandstype,,
,,within_flood_plain,,Sites_withinfloodplainname,,
,,withinfloodplainname,,,,
,,woodland_acres,,Sites_woodlandacres,,
,,year_built_numeric,,Improvement_yearbuiltnumeric,,
,,zip,,Parcel_zip,,
,,zoned_density,,,,
,,zoning,,,,
,,zoning_authority,,,,
,,zoning_code,,,,
,,zoning_designation,,,,
,,zoning_district,,,,
,,zoning_id,,,,
,,zoning_jurisdiction,,,,
,,zoning_notes,,,,
,,zoning_subrecords_comments,,,,
,,zoning_subrecords_district,,,,
,,zoning_subrecords_summary,,,,
,,zoning_subrecords_type,,,,
,,zoning_summary,,,,
,,zoning_type,,,,
,,,,Parcel_parcelverificationdata,,
,,,,Parcel_parcelcomments,,
,,,,Sales_pricepersf,,
,,,,Sales_priceperra,,
,,,,Sales_priceperlandsf,,
,,,,Sales_pricepergbameters,,
,,,,Sales_priceperrameters,,
,,,,Sales_landvaluepersf,,
,,,,Sales_improvementvalue,,
,,,,Sales_improvementvaluepersf,,
,,,,Sites_landsf,,
,,,,Sites_usableacres,,
,,,,Sites_usablelandsf,,
,,,,Sites_UnusableAcres,,
,,,,Sites_UnusableLandSF,,
,,,,Sites_excessacres,,
,,,,Sites_excesslandsf,,
,,,,Sites_SurplusAcres,,
,,,,Sites_SurplusLandSF,,
,,,,Sites_easementacres,,
,,,,Sites_easementlandsf,,
,,,,Sites_buildablesf,,
,,,,Sites_proposedsf,,
,,,,Improvement_noofbuildings,,
,,,,Improvement_noofmultifamilyunits,,
,,,,Improvement_gbamultifamily,,
,,,,Improvement_ramultifamily,,
,,,,Improvement_noofofficeunits,,
,,,,Improvement_gbaoffice,,
,,,,Improvement_raoffice,,
,,,,Improvement_percentoffice,,
,,,,Improvement_percentofficera,,
,,,,Improvement_noofretailunits,,
,,,,Improvement_gbaretail,,
,,,,Improvement_raretailgla,,
,,,,Improvement_percentretail,,
,,,,Improvement_noofindustrialunits,,
,,,,Improvement_gbaindustrial,,
,,,,Improvement_raindustrial,,
,,,,Improvement_noofotherunits,,
,,,,Improvement_gbaother,,
,,,,Improvement_raother,,
,,,,Improvement_gbatotal,,
,,,,Improvement_ratotal,,
,,,,Improvement_parkingratiogba,,
,,,,Improvement_parkingratiora,,
,,,,Improvement_improvmentcomments,,
,,,,Improvement_gbamultifamilymeters,,
,,,,Improvement_ramultifamilymeters,,
,,,,Improvement_gbaofficemeters,,
,,,,Improvement_raofficemeters,,
,,,,Improvement_gbaretailMeters,,
,,,,Improvement_raretailmeters,,
,,,,Improvement_gbaindustrialmeters,,
,,,,Improvement_raindustrialmeters,,
,,,,Improvement_gbaothermeters,,
,,,,Improvement_raothermeters,,
,,,,Improvement_gbatotalmeters,,
,,,,Rent Roll Summary_commrentpersfmin,,
,,,,Rent Roll Summary_commrentpersfmax,,
,,,,Rent Roll Summary_commsizemin,,
,,,,Rent Roll Summary_commsizemax,,
,,,,Rent Roll Summary_commverificationsource,,
,,,,Rent Roll Summary_nooftenants,,
,,,,Rent Roll Summary_sfleased,,
,,,,Rent Roll_tenant,,
,,,,Rent Roll_unitsf,,
,,,,Rent Roll_effectiverentsf,,
,,,,Rent Roll_baserentsf,,
,,,,Rent Roll_baserentsfmo,,
,,,,Rent Roll_commleasesurveydate,,
,,,,Rent Roll_datasource,,
,,,,Rent Roll_rentpersfpermo,,
,,,,Unit Lease Summary_ID,,
,,,,Unit Lease Summary_instancetype,,
,,,,Unit Lease_unitsf,,
,,,,Unit Lease_annualrentpersf,,
,,,,Unit Lease_rentpersfpermo,,
,,,,Unit Lease_sizem2,,
,,,,Unit Lease_rentperm2,,
,,,,Unit Lease_sfsizemin,,
,,,,Unit Lease_sfsizemax,,
,,,,Unit Lease Summary_mfrentpersfmin,,
,,,,Unit Lease Summary_mfrentpersfmax,,
,,,,Unit Lease Summary_mfsizesfmin,,
,,,,Unit Lease Summary_mfsizesfmax,,
,,,,Unit Lease Summary_shiloccupancypercentage,,
,,,,Unit Lease Summary_shilsecondpersonfeemonthly,,
,,,,incExp_name,,
,,,,incExp_surveydate,,
,,,,incExp_annualrent,,
,,,,incExp_baserentabatement,,
,,,,incExp_expensereimbursements,,
,,,,incExp_netparkingincome,,
,,,,incExp_percentagerent,,
,,,,incExp_otherincome,,
,,,,incExp_pgi,,
,,,,incExp_pgipersf,,
,,,,incExp_pgiperunit,,
,,,,incExp_vacancycost,,
,,,,incExp_vacancy,,
,,,,incExp_vacancycostpersf,,
,,,,incExp_vacancycostperunit,,
,,,,incExp_occupancy,,
,,,,incExp_egi,,
,,,,incExp_egipersf,,
,,,,incExp_egiperunit,,
,,,,incExp_taxexpense,,
,,,,incExp_insurance,,
,,,,incExp_onsitemanagementexp,,
,,,,incExp_management,,
,,,,incExp_advertisingandmarketing,,
,,,,incExp_electricexpense,,
,,,,incExp_waterexpense,,
,,,,incExp_sewerexpense,,
,,,,incExp_gasexpense,,
,,,,incExp_fuelexpense,,
,,,,incExp_trashexpense,,
,,,,incExp_buildingrepairs,,
,,,,incExp_otherrepairs,,
,,,,incExp_repairsandmaintenance,,
,,,,incExp_paintinganddecorating,,
,,,,incExp_generalandadministrative2,,
,,,,incExp_cleaning,,
,,,,incExp_managerleasingsalaries,,
,,,,incExp_maintenancesalaries,,
,,,,incExp_othersalaries,,
,,,,incExp_payrolltaxes,,
,,,,incExp_payrolltotal,,
,,,,incExp_groundsandsecurity,,
,,,,incExp_professionalservicesexp,,
,,,,incExp_generalandadministrative,,
,,,,incExp_nonrevenueunits,,
,,,,incExp_otherexpenses,,
,,,,incExp_reserves,,
,,,,incExp_deductreserves,,
,,,,incExp_expleasingcommissions,,
,,,,incExp_exptenantimprovements,,
,,,,incExp_GroundRentExp,,
,,,,incExp_totalexpenses,,
,,,,incExp_ExpensePerSF,,
,,,,incExp_ExpensePerUnit,,
,,,,incExp_expenseratio,,
,,,,incExp_noi,,
,,,,incExp_noipersf,,
,,,,incExp_noiperbed,,
,,,,incExp_noipergbam2,,
,,,,incExp_noiperrasf,,
,,,,incExp_noiperunit,,
,,,,incExp_noiperusablesf,,
,,,,Saleinfo_NIM,,
,,,,Assessment_improvementassessment,,
,,,,Assessment_taxyear,,
,,,,Assessment_taxratecode,,
,,,,Assessment_taxrateper,,
,,,,Assessment_taxes,,
,,,,Assessment_marketvalue,,
,,,,Assessment_taxespersfgba,,
,,,,Assessment_taxesperra,,
,,,,Assessment_taxesperunit,,
,,,,Assessment_taxesperlandsf,,
,,,,Assessment_taxesperacre,,
,,,,Assessment_taxesperlandunit,,
,,,,Assessment_taxespergbam2,,
,,,,Assessment_taxesperram2,,
,,,,Assessment_taxesperhectares,,
,,,,Assessment_taxesperlandm2,,
,,,,Assessment_assessmentcomments,,
,,,,Assessment_assessorwebsite,,
,,,,Assessment_historicalassessedvalue1,,
,,,,Assessment_historicalassessedvalue2,,
,,,,Assessment_historicalassessedvalue3,,
,,,,Assessment_historicalassessedvalue4,,
,,,,Assessment_historicalimprovvalue1,,
,,,,Assessment_historicalimprovvalue2,,
,,,,Assessment_historicalimprovvalue3,,
,,,,Assessment_historicalimprovvalue4,,
,,,,Assessment_historicallandvalue1,,
,,,,Assessment_historicallandvalue2,,
,,,,Assessment_historicallandvalue3,,
,,,,Assessment_historicallandvalue4,,
,,,,Assessment_historicaltaxes1,,
,,,,Assessment_historicaltaxes2,,
,,,,Assessment_historicaltaxes3,,
,,,,Assessment_historicaltaxes4,,
,,,,Assessment_historicalyear1,,
,,,,Assessment_historicalyear2,,
,,,,Assessment_historicalyear3,,
,,,,Assessment_historicalyear4,,
,,,,Assessment_historicalassessedvalue1,,
,,,,Assessment_historicalassessedvalue2,,
,,,,Assessment_historicalassessedvalue3,,
,,,,Assessment_historicalassessedvalue4,,
,,,,Assessment_historicalimprovvalue1,,
,,,,Assessment_historicalimprovvalue2,,
,,,,Assessment_historicalimprovvalue3,,
,,,,Assessment_historicalimprovvalue4,,
,,,,Assessment_historicallandvalue1,,
,,,,Assessment_historicallandvalue2,,
,,,,Assessment_historicallandvalue3,,
,,,,Assessment_historicallandvalue4,,
,,,,Assessment_historicaltaxes1,,
,,,,Assessment_historicaltaxes2,,
,,,,Assessment_historicaltaxes3,,
,,,,Assessment_historicaltaxes4,,
,,,,Assessment_historicalyear1,,
,,,,Assessment_historicalyear2,,
,,,,Assessment_historicalyear3,,
,,,,Assessment_historicalyear4,,