FIELD ERD,Field LightBox Data,Field CoStar Data,Aligned CoStar Data
access,Parcel_createdby,PropertyID,
acres,Parcel_timestamp,Property Name,
activestatus,Parcel_name,Property Address,
activity_description,Parcel_name,City,
actual_price,Parcel_appraisalusage,State,
added_at,Parcel_readyforuse,Zip,
address,Parcel_propertymajortype,County Name,
adjustment_comments,Parcel_propertytype,Country,
adr,Parcel_propertysubtype,Continent,
affordability_status,Parcel_owner,Subcontinent,
all_utilities_to_site,Parcel_address,Cross Street,
allowable_floor_area_sf,Parcel_city,Latitude,
allowable_units,Parcel_county,Longitude,
allutilities,Parcel_state,Market Name,
amenities,Parcel_zip,Submarket Name,
anchor_tenants,Parcel_country,Submarket Cluster,
anchor_type,Parcel_lat,Closest Transit Stop,
anchors,Parcel_lng,Closest Transit Stop Dist (mi),
ancillary_buildings,Parcel_parcelverificationdata,Closest Transit Stop Walk Time (min),
annual_rent_per_sf,Parcel_isgroundlease,Property Location,
appraisal_date,Parcel_market,Owner Address,
appraisal_file,Parcel_submarket,Owner City State Zip,
appraisal_usage,Parcel_townshiprange,Property Manager Address,
appraised_value,Parcel_municipality,Property Manager City State Zip,
area_category,Parcel_cbsa_name,Recorded Owner Address,
area_in_flood_zone,Parcel_cbsa_id,Recorded Owner City State Zip,
assessment_year,Parcel_msa,True Owner Address,
assigned_to_user_id,Parcel_censusblock,True Owner City State Zip,
attribution_id,Parcel_censustract,Leasing Company Address,
audit_log_id,Parcel_neighborhood,Leasing Company City State Zip,
authority,Parcel_northboundary,Sale Company Address,
average_daily_rate,Parcel_southboundary,Sale Company City State Zip,
avg_asking_rent_sf,Parcel_eastboundary,PropertyType,
avg_cap_rate,Parcel_westboundary,Secondary Type,
avg_mf_unit_size,Parcel_neighborhoodcomments,Building Class,
back_yard_distance,Parcel_locationdescription,Building Status,
base_rent_per_mo,Parcel_opportunityzone,Constr Status,
base_rent_per_year,Parcel_schooldistrict,Operational Status,
base_rent_sf,Parcel_districtspending,Operation Type,
base_rent_sf_mo,Parcel_districturl,Style,
base_taxes,Parcel_studentteacherratio,Star Rating,
basement_size,Parcel_enrollment,Building Park,
basement_use_and_finish,Parcel_parcelcomments,Year Built,
baths,Sales_pgim,Month Built,
bedrooms,Sales_egim,Year Renovated,
beds,Sales_caprate,Month Renovated,
book_page_or_ref_doc,Parcel_appraisalfile,Construction Begin,
boundary_comments,Parcel_otherdbrefs,Construction Material,
buildable_sf,Parcel_supportingfiles,Number Of Stories,
building_amenities,Sales_saledate,Total Buildings,
building_class,Sales_transactiontype,Typical Floor Size,
building_condition,Sales_id,RBA,
building_description,Sales_activestatus,Core Factor,
building_features,Sales_isdeleted,Primary Corridors,
building_quality,Sales_isexcel,Amenities,
business_value_adjustment,Sales_confidential,Features,
buyer_type,Sales_priceactual,Services,
cap_rate,Sales_ffandeadjustment,Sewer,
care_type_comments,Sales_excesslandadjustment,Water,
category,Sales_businessvalueadjustment,Gas,
cbsa_id,Sales_financingtermsadjustment,Heating,
cbsa_name,Sales_conditionsofsaleadjustment,Sprinklers,
ceiling_height,Sales_expendituresaftersaleadjustment,Number Of Elevators,
censusblock,Sales_otheradjustment,Number Of Parking Spaces,
censustract,Sales_priceadjustment,Parking Ratio,
city,Sales_price,Parking Spaces/Unit,
clean_up_costs,Sales_pricepersf,Energy Star,
clear_height,Sales_priceperra,LEED Certified,
client_name,Sales_priceperunit,University,
column_spacing,Sales_priceperroom,Land Area (AC),
comm_lease_comments,Sales_priceperbedroom,Land Area (SF),
comm_lease_notes,Sales_priceperbed,Parcel Number 1(Min),
comm_lease_survey_date,Sales_pricepermfroom,Parcel Number 2(Max),
comm_lease_terms,Sales_pricepermfbedroom,Proposed Land Use,
comm_lease_type,Sales_priceperlandsf,Zoning,
comm_rent_concessions,Sales_priceperacre,Fema Flood Zone,
comm_rent_per_sf_max,Sales_priceperlandunit,FEMA Map Date,
comm_rent_per_sf_min,Sales_priceperusableacre,FEMA Map Identifier,
comm_size_max,Sales_priceperbuildablesf,FIRM ID,
comm_size_min,Sales_priceperprimaryfrontage,FIRM Panel Number,
comm_vacancy_rate,Sales_priceperfar,Flood Risk Area,
comm_verification_source,Sales_priceperbay,Floodplain Area,
commercial_survey_id,Sales_priceperspace,In SFHA,
community_fee_max,Sales_pricepergbameters,Owner Name,
community_fee_min,Sales_priceperrameters,Owner Contact,
commvacancy,Sales_priceperlandsqm,Owner Phone,
concessions,Sales_priceperlandhectares,True Owner Name,
condition_id,Sales_grantor,True Owner Contact,
conditions_of_sale,Sales_grantee,True Owner Phone,
conditions_of_sale_adjustment,Sales_propertyrights,Recorded Owner Name,
confidential,Sales_financing,Recorded Owner Contact,
construction_class,Sales_conditionsofsale,Recorded Owner Phone,
construction_type,Sales_currentuse,Property Manager Name,
contract_rent_max,Sales_propertyincluded,Property Manager Contact,
contract_rent_min,Sales_daysonmarket,Property Manager Phone,
cooling_id,Sales_recordingdate,Leasing Company Name,
cooling_type,Sales_bookpageorrefdoc,Leasing Company Contact,
corner,Sales_lender,Leasing Company Phone,
costs_to_finish,Sales_buyertype,Leasing Company Fax,
country,Sales_proposeduse,Sales Company,
county,Sales_highestandbestuse,Sale Company Name,
covered_parking_spaces,Sales_verificationsource,Sale Company Contact,
craneways,Sales_verificationphone,Sale Company Phone,
created_at,Sales_verificationdate,Sale Company Fax,
created_by_user_id,Sales_datasource,Sales Contact,
createdby,Sales_salesupportingfiles,Sales Contact Phone,
current_list_price,Sales_legaldescription,Primary Agent Name,
current_lp_percent_diff,Sales_finishcondition,Developer Name,
current_rent_per_mo,Sales_appraisaldate,Architect Name,
current_use,Sales_appraisedvalue,Parent Company,
custom_fields,Sales_landvaluepersf,Fund Name,
daily_rate_per_unit,Sales_landvalue,$Price/Unit,
daily_rate_per_unit_max,Sales_improvementvalue,For Sale Price,
daily_rate_per_unit_min,Sales_improvementvaluepersf,For Sale Status,
data_source,Sales_pgim,Last Sale Date,
days_on_market,Sales_egim,Last Sale Price,
deferred_maintenance,Sales_nim,Cap Rate,
demographics_survey_date,Sales_caprate,Building Operating Expenses,
depth,Sales_hotelroomrevmultiplier,Ops Expense,
design_appeal,Sales_toscaprate,Ops Expense Per SF,
dimensions,Sales_tosegim,Building Tax Expenses,
diminution_source,Sales_tosnoi,Tax Year,
discount_rate,Sales_tosoccupancyrate,Taxes Total,
district_name,Sales_tosvacancyrate,Taxes Per SF,
district_url,Sales_tospriceperrsf,Percent Leased,
districtspending,Sales_tospriceperuseableacreland,Vacancy %,
drainage,Sales_tospriceperuseablesfland,Days On Market,
duration_seconds,Sales_tosnumberoftenants,Tenancy,
earthquake_hazard_risk,Sales_tostenancytype,Rent Type,
earthquake_zone_comments,Sales_tosweightedaverageleaseterm,Rent/SF/Yr,
east_boundary,Sales_toseffectiveage,Average Weighted Rent,
eff_rent_per_mo,Sales_discountrate,Pre-Leasing,
eff_rent_per_year,Sales_expensegrowthrate,Exp Year,
effective_age,Sales_incomegrowthrate,Avg Rent-Direct (Industrial),
effective_gross_income_multiplier,Sales_terminalcaprate,Avg Rent-Direct (Office),
effective_rent_sf,Sales_holdingperiodyears,Avg Rent-Direct (Retail),
effective_rent_sf_mo,Sales_incomegrowth,Avg Rent-Sublet (Industrial),
effective_water_frontage,Sales_riskprofile,Avg Rent-Sublet (Office),
egim,Sales_originallistprice,Avg Rent-Sublet (Retail),
encumbrance_or_easement,Sales_originallppercentdiff,Direct Available Space,
enrollment,Sales_currentlistprice,Direct Vacant Space,
entry_fee_max,Sales_currentlppercentdiff,Sublet Available Space,
entry_fee_min,Sales_environmentalconcerns,Sublet Vacant Space,
environmental_concerns,Sales_environmentalstatus,Total Available Space (SF),
environmental_issues,Sales_environmentalremarks,Total Relet Space (SF),
environmental_remarks,Sales_cleanupcosts,Total Sublet Space (SF),
environmental_status,Sales_typeofcontamination,Total Vacant Avail Relet Space (SF),
equalization_ratio,Sales_responsibleparty,Total Vacant Avail Sublet Space (SF),
escalations,Sales_percentdiminutioninvalue,Total Vacant Available,
excess_land_adjustment,Sales_diminutionsource,Total New Space (SF),
expenditures_after_sale_adjustment,Sales_percentstigma,Smallest Available Space,
expense_growth_rate,Sales_adjustmentcomments,Max Building Contiguous Space,
expense_reimbursements,Sales_internalcomments,Max Floor Contiguous Space,
expense_stop,Sales_salenotes,Direct Services,
exterior_wall,Sales_salecomments,Sublet Services,
exterior_wall_id,Sales_priceperusableacre,Office Space,
far,Sales_priceperusablelandsf,Ceiling Ht,
features,Sites_NumberOfParcels,Column Spacing,
fema_map_date,Sites_landuse,Drive Ins,
ff_and_e,Sites_acres,Number Of Cranes,
ff_and_e_adjustment,Sites_landsf,Number Of Loading Docks,
field_changed,Sites_usableacres,Power,
field_name,Sites_usablelandsf,Rail Lines,
field_value,Sites_UnusableAcres,,
financing,Sites_UnusableLandSF,,
financing_terms_adjustment,Sites_excessacres,,
financing_type,Sites_excesslandsf,,
finish,Sites_SurplusAcres,,
finish_condition,Sites_SurplusLandSF,,
fireplace_or_woodstove,Sites_easementacres,,
flood_map_panel,Sites_easementlandsf,,
flood_zone,Sites_buildablesf,,
floor,Sites_landhectares,,
floor_area_ratio,Sites_landsquaremeters,,
floor_level,Sites_allowablefloorareasf,,
foundation_id,Sites_allowableunits,,
foundation_type,Sites_proposedsf,,
free_rent_months,Sites_proposedunits,,
front_set_back_distance,Sites_landunits,,
garage_parking_spaces,Sites_landunittype,,
garage_type,Sites_landunitapprovedorzoned,,
gba,Sites_roadfrontage,,
gba_total,Sites_primaryfrontagelf,,
gba_total_meters,Sites_primaryfrontagest,,
geo_code,Sites_secondaryfrontagelf,,
geo_name,Sites_secondaryfrontagest,,
geo_type,Sites_tertiaryfrontagelf,,
geography_id,Sites_tertiaryfrontagest,,
grantee,Sites_dimensions,,
grantee_buyer,Sites_waterfrontage,,
grantor,Sites_effectivewaterfrontage,,
grantor_seller,Sites_depth,,
gross_building_area,Sites_access,,
heating_id,Sites_views,,
heating_type,Sites_visibility,,
highest_and_best_use,Sites_shape,,
holding_period_years,Sites_topography,,
home_site_acres,Sites_corner,,
hotel_flag,Sites_utilities,,
hotel_room_rev_multiplier,Sites_allutilities,,
id,Sites_floodzone,,
implied_value,Sites_floodmappanel,,
improvement_assessment,Sites_femamapdate,,
improvement_comments,Sites_withinfloodplainname,,
improvement_id,Sites_areainfloodzone,,
improvement_subrecords_condition,Sites_earthquakehazardrisk,,
improvement_subrecords_construction,Sites_earthquakezonecomments,,
improvement_subrecords_cooling,Sites_encumbranceoreasement,,
improvement_subrecords_deferredmaintance,Sites_environmentalissues,,
improvement_subrecords_docks,Sites_drainage,,
improvement_subrecords_foundation,Sites_railservice,,
improvement_subrecords_garage,Sites_demographicssurveydate,,
improvement_subrecords_heating,Sites_medianhomevalue,,
improvement_subrecords_landscaping,Sites_medianhouseholdincome,,
improvement_subrecords_landtobuildingratio,Sites_trafficsurveydate,,
improvement_subrecords_loadfactor,Sites_trafficcount,,
improvement_subrecords_multifamilyamenities,Sites_secondarytrafficcount,,
improvement_subrecords_noofbathrooms,Sites_tertiarytrafficcount,,
improvement_subrecords_noofbays,Sites_soiltype,,
improvement_subrecords_noofbedrooms,Sites_productivityindex,,
improvement_subrecords_noofbeds,Sites_tillableacres,,
improvement_subrecords_noofelevators,Sites_percenttillable,,
improvement_subrecords_noofescalators,Sites_wetlandstype,,
improvement_subrecords_noofgolfholes,Sites_wetlandacres,,
improvement_subrecords_noofhalfbaths,Sites_percentwetlands,,
improvement_subrecords_noofrooms,Sites_woodlandacres,,
improvement_subrecords_noofseats,Sites_otheracres,,
improvement_subrecords_noofspaces,Sites_wasteacres,,
improvement_subrecords_noofstories,Sites_homesiteacres,,
improvement_subrecords_nooftruckdoors,Sites_sitecomments,,
improvement_subrecords_nooftruckdoorswithlevelers,Improvement_BuildingDescription,,
improvement_subrecords_noofunits,Improvement_noofbuildings,,
improvement_subrecords_parking,Improvement_constructionclass,,
improvement_subrecords_parkingadequacy,Improvement_buildingclass,,
improvement_subrecords_parkingcomments,Improvement_perimeter,,
improvement_subrecords_parkingcondition,Improvement_sourceforsfarea,,
improvement_subrecords_parkingtype,Improvement_noofmultifamilyunits,,
improvement_subrecords_porchordeck,Improvement_gbamultifamily,,
improvement_subrecords_proportionrenovated,Improvement_ramultifamily,,
improvement_subrecords_quality,Improvement_noofmultifamilyrooms,,
improvement_subrecords_ratotalmeters,Improvement_noofmultifamilybedrooms,,
improvement_subrecords_remainingeconomiclife,Improvement_noofmfbathrooms,,
improvement_subrecords_renovations,Improvement_multifamilyamenities,,
improvement_subrecords_residentialamenities,Improvement_noofofficeunits,,
improvement_subrecords_residentialdesign,Improvement_gbaoffice,,
improvement_subrecords_roofcover,Improvement_raoffice,,
improvement_subrecords_rooftype,Improvement_usablearea,,
improvement_subrecords_sourceforsfarea,Improvement_loadfactor,,
improvement_subrecords_sprinklers,Improvement_percentoffice,,
improvement_subrecords_surfaceparkingspaces,Improvement_percentofficera,,
improvement_subrecords_tenantimprovements,Improvement_noofretailunits,,
improvement_subrecords_totaleconomiclife,Improvement_gbaretail,,
improvement_subrecords_typicalbaydepth,Improvement_raretailgla,,
improvement_subrecords_usablearea,Improvement_percentretail,,
improvement_subrecords_yearbuilt,Improvement_noofindustrialunits,,
improvement_value,Improvement_gbaindustrial,,
improvement_value_per_sf,Improvement_raindustrial,,
income_growth,Improvement_noofotherunits,,
income_growth_rate,Improvement_gbaother,,
income_target_percent,Improvement_raother,,
incometarget,Improvement_noofunits,,
industrial_gba,Improvement_gbatotal,,
industrial_ra,Improvement_ratotal,,
ingestion_timestamp,Improvement_landtobuildingratio,,
instance_type,Parcel_far,,
internal_comments,Improvement_surfaceparkingspaces,,
is_active,Improvement_coveredparkingspaces,,
is_confidential,Improvement_garageparkingspaces,,
is_deleted,Improvement_parking,,
is_excel_entry,Improvement_parkingratiounit,,
is_ground_lease,Improvement_parkingratiogba,,
is_lihtc,Improvement_parkingratiora,,
isexcel,Improvement_noofstories,,
jurisdiction,Improvement_noofrooms,,
land_assessment,Improvement_noofseats,,
land_hectares,Improvement_noofbeds,,
land_sf,Improvement_noofbedrooms,,
land_square_meters,Improvement_noofbathrooms,,
land_unit_approved_or_zoned,Improvement_noofhalfbaths,,
land_unit_type,Improvement_noofspaces,,
land_units,Improvement_noofbays,,
land_use,Improvement_noofgolfholes,,
land_value,Improvement_adr,,
land_value_per_sf,Improvement_lhoccupancy,,
last_rent_increase,Improvement_revpar,,
lat,Improvement_productsegment,,
lat_centroid,Improvement_hotelflag,,
lease_commencement_date,Improvement_designappeal,,
lease_comp_id,Improvement_condition,,
lease_concessions,Improvement_construction,,
lease_conditions,Improvement_quality,,
lease_expiration_date,Improvement_landscaping,,
lease_options,Improvement_parkingtype,,
lease_start_date,Improvement_parkingadequacy,,
lease_tenant_improvs,Improvement_parkingcondition,,
lease_term_months,Improvement_parkingcomments,,
lease_transaction_type,Improvement_deferredmaintance,,
lease_type,Improvement_ffande,,
leasedate,Improvement_yearbuilt,,
leaseexpiration,Improvement_yearbuiltnumeric,,
leaseexpiredate,Improvement_renovations,,
leasestart,Improvement_proportionrenovated,,
leaseterm,Improvement_totaleconomiclife,,
legal_description,Improvement_effectiveage,,
lender,Improvement_remainingeconomiclife,,
lender_name,Improvement_foundation,,
lessor,Improvement_exteriorwall,,
lessor_name,Improvement_basementuseandfinish,,
lh_occupancy,Improvement_basementsize,,
lhtc,Improvement_columnspacing,,
lightbox_created_by,Improvement_ceilingheight,,
lightbox_id,Improvement_roofcover,,
lightbox_timestamp,Improvement_rooftype,,
lng,Improvement_nooftruckdoors,,
lng_centroid,Improvement_nooftruckdoorswithlevelers,,
locationdescription,Improvement_craneways,,
major_type,Improvement_typicalbaydepth,,
management_company,Improvement_clearheight,,
market,Improvement_cooling,,
market_rent_max,Improvement_heating,,
market_rent_min,Improvement_noofelevators,,
market_rent_per_mo,Improvement_noofescalators,,
market_rent_per_sf,Improvement_sprinklers,,
marketrentmo,Improvement_residentialdesign,,
marketrentsf,Improvement_residentialamenities,,
max_build_height,Improvement_fireplaceorwoodstove,,
max_gross_lihtc_restricted_rent,Improvement_garage,,
max_site_coverage,Improvement_docks,,
median_hh_income,Improvement_porchordeck,,
median_home_value,Improvement_ancillarybuildings,,
median_household_income,Improvement_tenantimprovements,,
merge_timestamp,Improvement_features,,
merged_by_user_or_system,Improvement_amenities,,
mf_br_max,Improvement_improvmentcomments,,
mf_br_min,Improvement_gbamultifamilymeters,,
mf_carport_fee_monthly,Improvement_ramultifamilymeters,,
mf_garage_fee_monthly,Improvement_gbaofficemeters,,
mf_lease_comments,Improvement_raofficemeters,,
mf_lease_notes,Improvement_gbaretailMeters,,
mf_lease_survey_date,Improvement_raretailmeters,,
mf_occupancy,Improvement_gbaindustrialmeters,,
mf_rent_concessions,Improvement_raindustrialmeters,,
mf_rent_per_mo_max,Improvement_gbaothermeters,,
mf_rent_per_mo_min,Improvement_parkingratiora,,
mf_rent_per_sf_max,Improvement_raothermeters,,
mf_rent_per_sf_min,Improvement_gbatotalmeters,,
mf_rent_per_sf_per_mo_max,Improvement_ratotalmeters,,
mf_rent_per_sf_per_mo_min,Rent Roll Summary_ID,,
mf_rent_type,Rent Roll Summary_instancetype,,
mf_size_sf_max,Rent Roll Summary_commleasesurveydate,,
mf_size_sf_min,Rent Roll Summary_confidential,,
mf_source_notes,Rent Roll Summary_commrentpersfmin,,
mf_surveyed_unit_count_total,Rent Roll Summary_commrentpersfmax,,
mf_total_annual_rent,Rent Roll Summary_rentpersfpermomin,,
mf_total_rent_per_month,Rent Roll Summary_rentpersfpermomax,,
mf_unit_amenities,Rent Roll Summary_commsizemin,,
mf_vacant_units_count,Rent Roll Summary_commsizemax,,
mf_weighted_avg_rent_per_sf_per_mo,Rent Roll Summary_commverificationsource,,
mf_weighted_avg_rent_per_sf_per_year,Rent Roll Summary_commvacancy,,
mf_weighted_avg_rent_per_unit,Rent Roll Summary_nooftenants,,
mfamenities,Rent Roll Summary_sfleased,,
min_lot_area,Rent Roll Summary_anchors,,
minimum_lot_area,Rent Roll Summary_shadowanchors,,
monthly_or_daily_rent,Rent Roll Summary_commleasecomments,,
msa,Rent Roll Summary_tenant,,
multifamily_gba,Rent Roll_id,,
municipality,Rent Roll_tenant,,
name,Rent Roll_lessor,,
neighborhood,Rent Roll_leasetype,,
neighborhoodcomments,Rent Roll_typeoruseofspace,,
net_income_multiplier,Rent Roll_leasetransactiontype,,
net_rentable_area,Rent Roll_suite,,
new_value,Rent Roll_floorlevel,,
nim,Rent Roll_unitsf,,
no_of_baths,Rent Roll_effectiverentsf,,
no_of_buildings,Rent Roll_effectiverentsfmo,,
no_of_craneways,Rent Roll_effrentperyear,,
no_of_docks,Rent Roll_effrentpermo,,
no_of_mf_bathrooms,Rent Roll_leasestartdate,,
no_of_multifamily_bedrooms,Rent Roll_leaseexpiredate,,
no_of_multifamily_rooms,Rent Roll_baserentsf,,
no_of_tenants,Rent Roll_baserentsfmo,,
north_boundary,Rent Roll_baserentperyear,,
notes,Rent Roll_baserentpermo,,
number_of_parcels,Rent Roll_leaseterm,,
number_of_units,Rent Roll_concessions,,
occupancy_type,Rent Roll_expensestop,,
office_gba,Rent Roll_leasedate,,
office_ra,Rent Roll_expensereimbursements,,
old_value,Rent Roll_leasetenantimprovs,,
opportunity_zone,Rent Roll_options,,
options,Rent Roll_percentrent,,
ordinance_document,Rent Roll_tenantcam,,
ordinance_document_url,Rent Roll_escalations,,
original_list_price,Rent Roll_verificationdate,,
original_lp_percent_diff,Rent Roll_verificationsource,,
other_acres,Rent Roll_commleasesurveydate,,
other_adjustment,Rent Roll_datasource,,
other_assessment,Rent Roll_comments,,
other_db_refs,Rent Roll_sizem2,,
other_gba,Rent Roll_rentperm2,,
other_ra,Rent Roll_rentperm2permo,,
owner,Rent Roll_rentpersfpermo,,
parcel_comments,Rent Roll_percentofficeul,,
parcel_id,Rent Roll_anchortype,,
parcel_verification_data,Rent Roll_coststofinish,,
parent_geo_id,Rent Roll_CurrentRentPerMo,,
parking_adequacy_id,Rent Roll_finish,,
parking_condition_id,Rent Roll_freerentmonths,,
parking_ratio_gba,Rent Roll_leaseconditions,,
parking_ratio_ra,Rent Roll_rentbasis,,
parking_ratio_unit,Rent Roll_rentincreased,,
parking_requirement,Rent Roll_tenantparking,,
parking_type_id,Rent Roll Summary_CommLeaseType,,
per_pupil_spending,Rent Roll Summary_commleasenotes,,
percent_diminution_in_value,Rent Roll Summary_commleaseterms,,
percent_office_ul,Rent Roll Summary_commrentconcessions,,
percent_rent,Rent Roll Summary_CommLeaseNotes,,
percent_stigma,Rent Roll Summary_escalations,,
percent_tillable,Unit Lease Summary_ID,,
percent_wetlands,Unit Lease Summary_mfleasesurveydate,,
perimeter,Unit Lease Summary_MFSourceNotes,,
perimeter_sf,Unit Lease Summary_instancetype,,
permitted_uses,Unit Lease Summary_managementcompany,,
pgim,Unit Lease_category,,
population,Unit Lease_unittype,,
potential_gross_income_multiplier,Unit Lease_unitcount,,
price,Unit Lease_vacantunits,,
price_adjustment,Unit Lease_unitsf,,
price_per_acre,Unit Lease_floor,,
price_per_bay,Unit Lease_rooms,,
price_per_bed,Unit Lease_bedrooms,,
price_per_bedroom,Unit Lease_baths,,
price_per_buildable_sf,Unit Lease_beds,,
price_per_far,Unit Lease_rentpermo,,
price_per_gba_meters,Unit Lease_annualrentpersf,,
price_per_land_hectares,Unit Lease_rentpersfpermo,,
price_per_land_sf,Unit Lease_marketrentmo,,
price_per_land_sqm,Unit Lease_marketrentsf,,
price_per_land_unit,Unit Lease_dailyrateperunit,,
price_per_mf_bedroom,Unit Lease_sizem2,,
price_per_mf_room,Unit Lease_rentperm2,,
price_per_primary_frontage,Unit Lease_lastrentincrease,,
price_per_ra,Unit Lease_rentincreasepercent,,
price_per_ra_meters,Unit Lease_leasestart,,
price_per_room,Unit Lease_leaseexpiration,,
price_per_sf,Unit Lease_communityfeemin,,
price_per_space,Unit Lease_communityfeemax,,
price_per_unit,Unit Lease_sfsizemin,,
price_per_usable_acre,Unit Lease_sfsizemax,,
price_per_usable_land_sf,Unit Lease_dailyrateperunitmin,,
priceactual,Unit Lease_dailyrateperunitmax,,
primary_frontage_lf,Unit Lease_entryfeemin,,
primary_frontage_st,Unit Lease_entryfeemax,,
product_segment,Unit Lease_contractrentmin,,
productivity_index,Unit Lease_contractrentmax,,
project_amenities,Unit Lease_marketrentmin,,
project_id,Unit Lease_marketrentmax,,
project_name,Unit Lease_unitheight,,
project_property_id,Unit Lease_unitwidth,,
project_style,Unit Lease_unitdepth,,
property_assessment_id,Unit Lease_incometarget,,
property_id,Unit Lease_MaxGrossLIHTCRestrictedRent,,
property_included,Unit Lease_lhtc,,
property_rights,Unit Lease_utilityallowance,,
property_type,Unit Lease_occupancytype,,
property_type_id,Unit Lease_affordabilitystatus,,
property_zoning_id,Unit Lease_tenantprofile,,
propertymajortype,Unit Lease_monthlyordailyrent,,
propertysubtype,Unit Lease Summary_mfsurveyedunitcounttotal,,
proposed_sf,Unit Lease Summary_mfvacantunitscount,,
proposed_units,Unit Lease Summary_vacancyrate,,
proposed_use,Unit Lease Summary_mfoccupancy,,
quality_id,Unit Lease Summary_UtilitiesPaidByOwner,,
ra_total,Unit Lease Summary_mfrenttype,,
rail_service,Unit Lease Summary_mfrentconcessions,,
ready_for_use,Unit Lease Summary_mfcarportfeemonthly,,
rear_yard_distance,Unit Lease Summary_projectstyle,,
recording_date,Unit Lease Summary_mfgaragefeemonthly,,
renovations_description,Unit Lease Summary_storagefee,,
rent_basis,Unit Lease Summary_mfrentpermomin,,
rent_comp_id,Unit Lease Summary_mfrentpermomax,,
rent_escalations,Unit Lease Summary_mfrentpersfmin,,
rent_increase_percent,Unit Lease Summary_mfrentpersfmax,,
rent_last_increased,Unit Lease Summary_mfrentpersfpermomin,,
rent_per_mo,Unit Lease Summary_mfrentpersfpermomax,,
rent_per_sf_per_mo,Unit Lease Summary_mfsizesfmin,,
rent_per_sf_per_mo_max,Unit Lease Summary_mfsizesfmax,,
rent_per_sf_per_mo_min,Unit Lease Summary_mfbrmin,,
rent_per_sq_meter,Unit Lease Summary_mfbrmax,,
rent_per_sq_meter_per_mo,Unit Lease Summary_mftotalrentpermonth,,
rent_roll_summary_commleasenotes,Unit Lease Summary_mftotalannualrent,,
rentable_area,Unit Lease Summary_avgmfunitsize,,
rentincreased,Unit Lease Summary_mfweightedavgrentperunit,,
rentperm2,Unit Lease Summary_mfweightedavgrentpersfpermo,,
rentperm2permo,Unit Lease Summary_mfweightedavgrentpersfperyear,,
responsible_party,Unit Lease Summary_totalmarketrent,,
retail_gba,Unit Lease Summary_projectamenities,,
retail_gla,Unit Lease Summary_mfamenities,,
rev_par,Unit Lease Summary_mfleasecomments,,
risk_profile,Unit Lease Summary_shpayormedicaidpercentage,,
road_frontage,Unit Lease Summary_SHPayorMedicarePercentage,,
roof_cover_id,Unit Lease Summary_shpayorvapercentage,,
roof_type_id,Unit Lease Summary_shpayorprivatepaypercentage,,
rooms,Unit Lease Summary_shpayorotherpercentage,,
sale_comments,Unit Lease Summary_shalunitcount,,
sale_comp_id,Unit Lease Summary_shaloccupancypercentage,,
sale_date,Unit Lease Summary_shalentryfee,,
sale_notes,Unit Lease Summary_shalcommunityfee,,
sale_price,Unit Lease Summary_shalsecondpersonfeemonthly,,
sale_supporting_files,Unit Lease Summary_shilunitcount,,
school_district_id,Unit Lease Summary_shiloccupancypercentage,,
schooldistrict,Unit Lease Summary_shilentryfee,,
secondary_frontage_lf,Unit Lease Summary_shilcommunityfee,,
secondary_frontage_st,Unit Lease Summary_shilsecondpersonfeemonthly,,
secondary_traffic_count,Unit Lease Summary_shmcunitcount,,
session_end,Unit Lease Summary_shmcoccupancypercentage,,
session_start,Unit Lease Summary_shmcentryfee,,
setback_distance,Unit Lease Summary_shmccommunityfee,,
sf_leased,Unit Lease Summary_shmcsecondpersonfeemonthly,,
sf_size_max,Unit Lease Summary_shsnunitcount,,
sf_size_min,Unit Lease Summary_shsnoccupancypercentage,,
shadow_anchors,Unit Lease Summary_shsnentryfee,,
shalcommunityfee,Unit Lease Summary_shsncommunityfee,,
shalentryfee,Unit Lease Summary_shsnsecondpersonfeemonthly,,
shaloccupancypercentage,Unit Lease Summary_shotherunitcount,,
shalsecondpersonfeemonthly,Unit Lease Summary_shotheroccupancypercentage,,
shalunitcount,Unit Lease Summary_shotherentryfee,,
shape,Unit Lease Summary_shothercommunityfee,,
shcaretypecomments,Unit Lease Summary_shothersecondpersonfeemonthly,,
shilcommunityfee,Unit Lease Summary_shcaretypecomments,,
shilentryfee,Unit Lease Summary_mfleasenotes,,
shilunitcount,incExp_name,,
shmccommunityfee,incExp_surveydate,,
shmcentryfee,incExp_financialstype,,
shmcoccupancypercentage,incExp_annualrent,,
shmcsecondpersonfeemonthly,incExp_baserentabatement,,
shmcunitcount,incExp_expensereimbursements,,
shothercommunityfee,incExp_netparkingincome,,
shotherentryfee,incExp_percentagerent,,
shotheroccupancypercentage,incExp_otherincome,,
shothersecondpersonfeemonthly,incExp_pgi,,
shotherunitcount,incExp_pgipersf,,
shpayormedicaidpercentage,incExp_pgiperunit,,
shpayormedicarepercentage,incExp_vacancycost,,
shpayorotherpercentage,incExp_vacancy,,
shpayorprivatepaypercentage,incExp_vacancycostpersf,,
shpayorvapercentage,incExp_vacancycostperunit,,
shsncommunityfee,incExp_occupancy,,
shsnentryfee,incExp_egi,,
shsnoccupancypercentage,incExp_egipersf,,
shsnsecondpersonfeemonthly,incExp_egiperunit,,
shsnunitcount,incExp_taxexpense,,
side_yard_distance,incExp_insurance,,
site_acres,incExp_onsitemanagementexp,,
site_area_id,incExp_management,,
site_comments,incExp_advertisingandmarketing,,
site_dimensions,incExp_electricexpense,,
site_drainage,incExp_waterexpense,,
site_id,incExp_sewerexpense,,
site_landscaping,incExp_gasexpense,,
site_topography,incExp_fuelexpense,,
site_utilities,incExp_trashexpense,,
site_views,incExp_totalutilities,,
site_visibility,incExp_buildingrepairs,,
size_sq_meters,incExp_otherrepairs,,
sizem2,incExp_repairsandmaintenance,,
soil_type,incExp_paintinganddecorating,,
source_system,incExp_generalandadministrative2,,
south_boundary,incExp_cleaning,,
space_finish,incExp_cam,,
special_assessments,incExp_managerleasingsalaries,,
sprinkler_type,incExp_maintenancesalaries,,
sprinklers_id,incExp_othersalaries,,
square_feet,incExp_payrolltaxes,,
state,incExp_payrolltotal,,
status,incExp_groundsandsecurity,,
storage_fee,incExp_professionalservicesexp,,
student_teacher_ratio,incExp_generalandadministrative,,
sub_type,incExp_nonrevenueunits,,
submarket,incExp_otherexpenses,,
suite,incExp_reserves,,
suite_number,incExp_deductreserves,,
supporting_files,incExp_expleasingcommissions,,
tax_id,incExp_exptenantimprovements,,
tax_rate,incExp_GroundRentExp,,
taxing_authority,incExp_totalexpenses,,
tenant,incExp_ExpensePerSF,,
tenant_cam,incExp_ExpensePerUnit ,,
tenant_name,incExp_expenseratio,,
tenant_parking,incExp_noi,,
tenant_profile,incExp_noipersf,,
terminal_cap_rate,incExp_noiperbed,,
tertiary_frontage_lf,incExp_noipergbam2,,
tertiary_frontage_st,incExp_noiperrasf,,
tertiary_traffic_count,incExp_noiperunit,,
tillable_acres,incExp_noiperusablesf,,
time_log_id,Saleinfo_NIM,,
timestamp,incExp_comments,,
topography,Assessment_taxingauthority,,
tos_cap_rate,Assessment_taxid,,
tos_effective_age,Assessment_assessmentyear,,
tos_egim,Assessment_landassessment,,
tos_noi,Assessment_improvementassessment,,
tos_number_of_tenants,Assessment_otherassessment,,
tos_occupancy_rate,Assessment_totalassessment,,
tos_price_per_rsf,Assessment_taxyear,,
tos_price_per_useable_acre_land,Assessment_taxratecode,,
tos_price_per_useable_sf_land,Assessment_taxrate,,
tos_tenancy_type,Assessment_taxrateper,,
tos_vacancy_rate,Assessment_basetaxes,,
tos_weighted_avg_lease_term,Assessment_specialassessments,,
tosweightedaverageleaseterm,Assessment_taxes,,
total_assessment,Assessment_marketvalue,,
total_market_rent,Assessment_taxespersfgba,,
total_taxes,Assessment_taxesperra,,
townshiprange,Assessment_taxesperunit,,
traffic_count,Assessment_taxesperlandsf,,
traffic_survey_date,Assessment_taxesperacre,,
transaction_type,Assessment_taxesperlandunit,,
type_of_contamination,Assessment_taxespergbam2,,
type_or_use_of_space,Assessment_taxesperram2,,
unit_category,Assessment_taxesperhectares,,
unit_count,Assessment_taxesperlandm2,,
unit_depth_ft,Assessment_equalizationratio,,
unit_floor,Assessment_impliedvalue,,
unit_height_ft,Assessment_assessmentcomments,,
unit_mix_id,Assessment_assessorwebsite,,
unit_sf,Assessment_historicalassessedvalue1,,
unit_type,Assessment_historicalassessedvalue2,,
unit_width_ft,Assessment_historicalassessedvalue3,,
unitdepth,Assessment_historicalassessedvalue4,,
unitheight,Assessment_historicalimprovvalue1,,
unitwidth,Assessment_historicalimprovvalue2,,
updated_at,Assessment_historicalimprovvalue3,,
updated_by_user_id,Assessment_historicalimprovvalue4,,
use_mix_id,Assessment_historicallandvalue1,,
use_type,Assessment_historicallandvalue2,,
user_id,Assessment_historicallandvalue3,,
utilities,Assessment_historicallandvalue4,,
utilities_paid_by_owner,Assessment_historicaltaxes1,,
utility_allowance,Assessment_historicaltaxes2,,
vacancy_rate,Assessment_historicaltaxes3,,
vacant_units,Assessment_historicaltaxes4,,
verification_date,Assessment_historicalyear1,,
verification_phone,Assessment_historicalyear2,,
verification_source,Assessment_historicalyear3,,
views,Assessment_historicalyear4,,
visibility,,,
waste_acres,,,
water_frontage,,,
west_boundary,,,
wetland_acres,,,
wetlands_type,,,
within_flood_plain,,,
withinfloodplainname,,,
woodland_acres,,,
year_built_numeric,,,
zip,,,
zoned_density,,,
zoning,,,
zoning_authority,,,
zoning_code,,,
zoning_designation,,,
zoning_district,,,
zoning_id,,,
zoning_jurisdiction,,,
zoning_notes,,,
zoning_subrecords_comments,,,
zoning_subrecords_district,,,
zoning_subrecords_summary,,,
zoning_subrecords_type,,,
zoning_summary,,,
zoning_type,,,
