FIELD ERD,Field LightBox Data,Field CoStar Data,Aligned CoStar Data,Field Lightboxdata aligned
access,Parcel_createdby,PropertyID,,Sites_access
acres,Parcel_timestamp,Property Name,,Sites_acres
activestatus,Parcel_name,Property Address,,Sales_activestatus
activity_description,Parcel_name,City,,
actual_price,Parcel_appraisalusage,State,,
added_at,Parcel_readyforuse,Zip,,
address,Parcel_propertymajortype,County Name,,Parcel_address
adjustment_comments,Parcel_propertytype,Country,,Sales_adjustmentcomments
adr,Parcel_propertysubtype,Continent,,Improvement_adr
affordability_status,Parcel_owner,Subcontinent,,Unit Lease_affordabilitystatus
all_utilities_to_site,Parcel_address,Cross Street,,Sites_allutilities
allowable_floor_area_sf,Parcel_city,Latitude,,Sites_allowablefloorareasf
allowable_units,Parcel_county,Longitude,,Sites_allowableunits
allutilities,Parcel_state,Market Name,,Sites_utilities
amenities,Parcel_zip,Submarket Name,,Improvement_amenities
anchor_tenants,Parcel_country,Submarket Cluster,,
anchor_type,Parcel_lat,Closest Transit Stop,,Rent Roll_anchortype
anchors,Parcel_lng,Closest Transit Stop Dist (mi),,Rent Roll Summary_anchors
ancillary_buildings,Parcel_parcelverificationdata,Closest Transit Stop Walk Time (min),,Improvement_ancillarybuildings
annual_rent_per_sf,Parcel_isgroundlease,Property Location,,
appraisal_date,Parcel_market,Owner Address,,Sales_appraisaldate
appraisal_file,Parcel_submarket,Owner City State Zip,,Parcel_appraisalfile
appraisal_usage,Parcel_townshiprange,Property Manager Address,,Parcel_appraisalusage
appraised_value,Parcel_municipality,Property Manager City State Zip,,Sales_appraisedvalue
area_category,Parcel_cbsa_name,Recorded Owner Address,,Unit Lease_category
area_in_flood_zone,Parcel_cbsa_id,Recorded Owner City State Zip,,Sites_areainfloodzone
assessment_year,Parcel_msa,True Owner Address,,
assigned_to_user_id,Parcel_censusblock,True Owner City State Zip,,
attribution_id,Parcel_censustract,Leasing Company Address,,
audit_log_id,Parcel_neighborhood,Leasing Company City State Zip,,
authority,Parcel_northboundary,Sale Company Address,,
average_daily_rate,Parcel_southboundary,Sale Company City State Zip,,
avg_asking_rent_sf,Parcel_eastboundary,PropertyType,,
avg_cap_rate,Parcel_westboundary,Secondary Type,,Sales_caprate
avg_mf_unit_size,Parcel_neighborhoodcomments,Building Class,,Unit Lease Summary_avgmfunitsize
back_yard_distance,Parcel_locationdescription,Building Status,,
base_rent_per_mo,Parcel_opportunityzone,Constr Status,,Rent Roll_baserentpermo
base_rent_per_year,Parcel_schooldistrict,Operational Status,,Rent Roll_baserentperyear
base_rent_sf,Parcel_districtspending,Operation Type,,
base_rent_sf_mo,Parcel_districturl,Style,,
base_taxes,Parcel_studentteacherratio,Star Rating,,Assessment_basetaxes
basement_size,Parcel_enrollment,Building Park,,Improvement_basementsize
basement_use_and_finish,Parcel_parcelcomments,Year Built,,Improvement_basementuseandfinish
baths,Sales_pgim,Month Built,,Unit Lease_baths
bedrooms,Sales_egim,Year Renovated,,Unit Lease_bedrooms
beds,Sales_caprate,Month Renovated,,Unit Lease_beds
book_page_or_ref_doc,Parcel_appraisalfile,Construction Begin,,Sales_bookpageorrefdoc
boundary_comments,Parcel_otherdbrefs,Construction Material,,
buildable_sf,Parcel_supportingfiles,Number Of Stories,,
building_amenities,Sales_saledate,Total Buildings,,
building_class,Sales_transactiontype,Typical Floor Size,,Improvement_buildingclass
building_condition,Sales_id,RBA,,
building_description,Sales_activestatus,Core Factor,,Improvement_BuildingDescription
building_features,Sales_isdeleted,Primary Corridors,,
building_quality,Sales_isexcel,Amenities,,
business_value_adjustment,Sales_confidential,Features,,Sales_businessvalueadjustment
buyer_type,Sales_priceactual,Services,,Sales_buyertype
cap_rate,Sales_ffandeadjustment,Sewer,,Sales_toscaprate
care_type_comments,Sales_excesslandadjustment,Water,,Unit Lease Summary_shcaretypecomments
category,Sales_businessvalueadjustment,Gas,,
cbsa_id,Sales_financingtermsadjustment,Heating,,Parcel_cbsa_id
cbsa_name,Sales_conditionsofsaleadjustment,Sprinklers,,Parcel_cbsa_name
ceiling_height,Sales_expendituresaftersaleadjustment,Number Of Elevators,,Improvement_ceilingheight
censusblock,Sales_otheradjustment,Number Of Parking Spaces,,Parcel_censusblock
censustract,Sales_priceadjustment,Parking Ratio,,Parcel_censustract
city,Sales_price,Parking Spaces/Unit,,Parcel_city
clean_up_costs,Sales_pricepersf,Energy Star,,Sales_cleanupcosts
clear_height,Sales_priceperra,LEED Certified,,Improvement_clearheight
client_name,Sales_priceperunit,University,,
column_spacing,Sales_priceperroom,Land Area (AC),,Improvement_columnspacing
comm_lease_comments,Sales_priceperbedroom,Land Area (SF),,Rent Roll Summary_commleasecomments
comm_lease_notes,Sales_priceperbed,Parcel Number 1(Min),,Rent Roll Summary_CommLeaseNotes
comm_lease_survey_date,Sales_pricepermfroom,Parcel Number 2(Max),,Rent Roll Summary_commleasesurveydate
comm_lease_terms,Sales_pricepermfbedroom,Proposed Land Use,,Rent Roll Summary_CommLeaseType
comm_lease_type,Sales_priceperlandsf,Zoning,,
comm_rent_concessions,Sales_priceperacre,Fema Flood Zone,,Rent Roll Summary_commrentconcessions
comm_rent_per_sf_max,Sales_priceperlandunit,FEMA Map Date,,
comm_rent_per_sf_min,Sales_priceperusableacre,FEMA Map Identifier,,
comm_size_max,Sales_priceperbuildablesf,FIRM ID,,
comm_size_min,Sales_priceperprimaryfrontage,FIRM Panel Number,,
comm_vacancy_rate,Sales_priceperfar,Flood Risk Area,,
comm_verification_source,Sales_priceperbay,Floodplain Area,,Sales_verificationsource
commercial_survey_id,Sales_priceperspace,In SFHA,,
community_fee_max,Sales_pricepergbameters,Owner Name,,Unit Lease_communityfeemax
community_fee_min,Sales_priceperrameters,Owner Contact,,Unit Lease_communityfeemin
commvacancy,Sales_priceperlandsqm,Owner Phone,,Rent Roll Summary_commvacancy
concessions,Sales_priceperlandhectares,True Owner Name,,Rent Roll_concessions
condition_id,Sales_grantor,True Owner Contact,,Improvement_condition
conditions_of_sale,Sales_grantee,True Owner Phone,,Sales_conditionsofsale
conditions_of_sale_adjustment,Sales_propertyrights,Recorded Owner Name,,Sales_conditionsofsaleadjustment
confidential,Sales_financing,Recorded Owner Contact,,Sales_confidential
construction_class,Sales_conditionsofsale,Recorded Owner Phone,,Improvement_constructionclass
construction_type,Sales_currentuse,Property Manager Name,,Improvement_construction
contract_rent_max,Sales_propertyincluded,Property Manager Contact,,Unit Lease_contractrentmax
contract_rent_min,Sales_daysonmarket,Property Manager Phone,,Unit Lease_contractrentmin
cooling_id,Sales_recordingdate,Leasing Company Name,,Improvement_cooling
cooling_type,Sales_bookpageorrefdoc,Leasing Company Contact,,
corner,Sales_lender,Leasing Company Phone,,Sites_corner
costs_to_finish,Sales_buyertype,Leasing Company Fax,,Rent Roll_coststofinish
country,Sales_proposeduse,Sales Company,,Parcel_country
county,Sales_highestandbestuse,Sale Company Name,,Parcel_county
covered_parking_spaces,Sales_verificationsource,Sale Company Contact,,Improvement_coveredparkingspaces
craneways,Sales_verificationphone,Sale Company Phone,,Improvement_craneways
created_at,Sales_verificationdate,Sale Company Fax,,
created_by_user_id,Sales_datasource,Sales Contact,,
createdby,Sales_salesupportingfiles,Sales Contact Phone,,Parcel_createdby
current_list_price,Sales_legaldescription,Primary Agent Name,,Sales_currentlistprice
current_lp_percent_diff,Sales_finishcondition,Developer Name,,Sales_currentlppercentdiff
current_rent_per_mo,Sales_appraisaldate,Architect Name,,Rent Roll_CurrentRentPerMo
current_use,Sales_appraisedvalue,Parent Company,,Sales_currentuse
custom_fields,Sales_landvaluepersf,Fund Name,,
daily_rate_per_unit,Sales_landvalue,$Price/Unit,,Unit Lease_dailyrateperunit
daily_rate_per_unit_max,Sales_improvementvalue,For Sale Price,,Unit Lease_dailyrateperunitmax
daily_rate_per_unit_min,Sales_improvementvaluepersf,For Sale Status,,Unit Lease_dailyrateperunitmin
data_source,Sales_pgim,Last Sale Date,,Sales_datasource
days_on_market,Sales_egim,Last Sale Price,,Sales_daysonmarket
deferred_maintenance,Sales_nim,Cap Rate,,Improvement_deferredmaintance
demographics_survey_date,Sales_caprate,Building Operating Expenses,,Sites_demographicssurveydate
depth,Sales_hotelroomrevmultiplier,Ops Expense,,Sites_depth
design_appeal,Sales_toscaprate,Ops Expense Per SF,,Improvement_designappeal
dimensions,Sales_tosegim,Building Tax Expenses,,Sites_dimensions
diminution_source,Sales_tosnoi,Tax Year,,Sales_diminutionsource
discount_rate,Sales_tosoccupancyrate,Taxes Total,,Sales_discountrate
district_name,Sales_tosvacancyrate,Taxes Per SF,,
district_url,Sales_tospriceperrsf,Percent Leased,,Parcel_districturl
districtspending,Sales_tospriceperuseableacreland,Vacancy %,,Parcel_districtspending
drainage,Sales_tospriceperuseablesfland,Days On Market,,Sites_drainage
duration_seconds,Sales_tosnumberoftenants,Tenancy,,
earthquake_hazard_risk,Sales_tostenancytype,Rent Type,,Sites_earthquakehazardrisk
earthquake_zone_comments,Sales_tosweightedaverageleaseterm,Rent/SF/Yr,,Sites_earthquakezonecomments
east_boundary,Sales_toseffectiveage,Average Weighted Rent,,Parcel_eastboundary
eff_rent_per_mo,Sales_discountrate,Pre-Leasing,,Rent Roll_effrentpermo
eff_rent_per_year,Sales_expensegrowthrate,Exp Year,,Rent Roll_effrentperyear
effective_age,Sales_incomegrowthrate,Avg Rent-Direct (Industrial),,Improvement_effectiveage
effective_gross_income_multiplier,Sales_terminalcaprate,Avg Rent-Direct (Office),,
effective_rent_sf,Sales_holdingperiodyears,Avg Rent-Direct (Retail),,
effective_rent_sf_mo,Sales_incomegrowth,Avg Rent-Sublet (Industrial),,Rent Roll_effectiverentsfmo
effective_water_frontage,Sales_riskprofile,Avg Rent-Sublet (Office),,Sites_effectivewaterfrontage
egim,Sales_originallistprice,Avg Rent-Sublet (Retail),,Sales_egim
encumbrance_or_easement,Sales_originallppercentdiff,Direct Available Space,,Sites_encumbranceoreasement
enrollment,Sales_currentlistprice,Direct Vacant Space,,Parcel_enrollment
entry_fee_max,Sales_currentlppercentdiff,Sublet Available Space,,Unit Lease_entryfeemax
entry_fee_min,Sales_environmentalconcerns,Sublet Vacant Space,,Unit Lease_entryfeemin
environmental_concerns,Sales_environmentalstatus,Total Available Space (SF),,Sales_environmentalconcerns
environmental_issues,Sales_environmentalremarks,Total Relet Space (SF),,Sites_environmentalissues
environmental_remarks,Sales_cleanupcosts,Total Sublet Space (SF),,Sales_environmentalremarks
environmental_status,Sales_typeofcontamination,Total Vacant Avail Relet Space (SF),,Sales_environmentalstatus
equalization_ratio,Sales_responsibleparty,Total Vacant Avail Sublet Space (SF),,Assessment_equalizationratio
escalations,Sales_percentdiminutioninvalue,Total Vacant Available,,Rent Roll_escalations
excess_land_adjustment,Sales_diminutionsource,Total New Space (SF),,Sales_excesslandadjustment
expenditures_after_sale_adjustment,Sales_percentstigma,Smallest Available Space,,Sales_expendituresaftersaleadjustment
expense_growth_rate,Sales_adjustmentcomments,Max Building Contiguous Space,,Sales_expensegrowthrate
expense_reimbursements,Sales_internalcomments,Max Floor Contiguous Space,,Rent Roll_expensereimbursements
expense_stop,Sales_salenotes,Direct Services,,Rent Roll_expensestop
exterior_wall,Sales_salecomments,Sublet Services,,Improvement_exteriorwall
exterior_wall_id,Sales_priceperusableacre,Office Space,,
far,Sales_priceperusablelandsf,Ceiling Ht,,Parcel_far
features,Sites_NumberOfParcels,Column Spacing,,Improvement_features
fema_map_date,Sites_landuse,Drive Ins,,Sites_femamapdate
ff_and_e,Sites_acres,Number Of Cranes,,
ff_and_e_adjustment,Sites_landsf,Number Of Loading Docks,,Sales_ffandeadjustment
field_changed,Sites_usableacres,Power,,
field_name,Sites_usablelandsf,Rail Lines,,
field_value,Sites_UnusableAcres,,,
financing,Sites_UnusableLandSF,,,Sales_financing
financing_terms_adjustment,Sites_excessacres,,,Sales_financingtermsadjustment
financing_type,Sites_excesslandsf,,,
finish,Sites_SurplusAcres,,,Rent Roll_finish
finish_condition,Sites_SurplusLandSF,,,Sales_finishcondition
fireplace_or_woodstove,Sites_easementacres,,,Improvement_fireplaceorwoodstove
flood_map_panel,Sites_easementlandsf,,,Sites_floodmappanel
flood_zone,Sites_buildablesf,,,Sites_floodzone
floor,Sites_landhectares,,,Unit Lease_floor
floor_area_ratio,Sites_landsquaremeters,,,
floor_level,Sites_allowablefloorareasf,,,Rent Roll_floorlevel
foundation_id,Sites_allowableunits,,,Improvement_foundation
foundation_type,Sites_proposedsf,,,
free_rent_months,Sites_proposedunits,,,Rent Roll_freerentmonths
front_set_back_distance,Sites_landunits,,,
garage_parking_spaces,Sites_landunittype,,,Improvement_garageparkingspaces
garage_type,Sites_landunitapprovedorzoned,,,
gba,Sites_roadfrontage,,,
gba_total,Sites_primaryfrontagelf,,,
gba_total_meters,Sites_primaryfrontagest,,,
geo_code,Sites_secondaryfrontagelf,,,
geo_name,Sites_secondaryfrontagest,,,
geo_type,Sites_tertiaryfrontagelf,,,
geography_id,Sites_tertiaryfrontagest,,,
grantee,Sites_dimensions,,,Sales_grantee
grantee_buyer,Sites_waterfrontage,,,
grantor,Sites_effectivewaterfrontage,,,Sales_grantor
grantor_seller,Sites_depth,,,
gross_building_area,Sites_access,,,
heating_id,Sites_views,,,Improvement_heating
heating_type,Sites_visibility,,,
highest_and_best_use,Sites_shape,,,Sales_highestandbestuse
holding_period_years,Sites_topography,,,Sales_holdingperiodyears
home_site_acres,Sites_corner,,,Sites_homesiteacres
hotel_flag,Sites_utilities,,,Improvement_hotelflag
hotel_room_rev_multiplier,Sites_allutilities,,,Sales_hotelroomrevmultiplier
id,Sites_floodzone,,,Sales_id
implied_value,Sites_floodmappanel,,,Assessment_impliedvalue
improvement_assessment,Sites_femamapdate,,,Assessment_assessmentyear
improvement_comments,Sites_withinfloodplainname,,,Rent Roll_comments
improvement_id,Sites_areainfloodzone,,,Rent Roll Summary_ID
improvement_subrecords_condition,Sites_earthquakehazardrisk,,,Rent Roll_leaseconditions
improvement_subrecords_construction,Sites_earthquakezonecomments,,,
improvement_subrecords_cooling,Sites_encumbranceoreasement,,,
improvement_subrecords_deferredmaintance,Sites_environmentalissues,,,
improvement_subrecords_docks,Sites_drainage,,,Improvement_docks
improvement_subrecords_foundation,Sites_railservice,,,
improvement_subrecords_garage,Sites_demographicssurveydate,,,Improvement_garage
improvement_subrecords_heating,Sites_medianhomevalue,,,
improvement_subrecords_landscaping,Sites_medianhouseholdincome,,,Improvement_landscaping
improvement_subrecords_landtobuildingratio,Sites_trafficsurveydate,,,Improvement_landtobuildingratio
improvement_subrecords_loadfactor,Sites_trafficcount,,,Improvement_loadfactor
improvement_subrecords_multifamilyamenities,Sites_secondarytrafficcount,,,Improvement_multifamilyamenities
improvement_subrecords_noofbathrooms,Sites_tertiarytrafficcount,,,Improvement_noofbathrooms
improvement_subrecords_noofbays,Sites_soiltype,,,Improvement_noofbays
improvement_subrecords_noofbedrooms,Sites_productivityindex,,,Improvement_noofbedrooms
improvement_subrecords_noofbeds,Sites_tillableacres,,,Improvement_noofbeds
improvement_subrecords_noofelevators,Sites_percenttillable,,,Improvement_noofelevators
improvement_subrecords_noofescalators,Sites_wetlandstype,,,Improvement_noofescalators
improvement_subrecords_noofgolfholes,Sites_wetlandacres,,,Improvement_noofgolfholes
improvement_subrecords_noofhalfbaths,Sites_percentwetlands,,,Improvement_noofhalfbaths
improvement_subrecords_noofrooms,Sites_woodlandacres,,,Improvement_noofrooms
improvement_subrecords_noofseats,Sites_otheracres,,,Improvement_noofseats
improvement_subrecords_noofspaces,Sites_wasteacres,,,Improvement_noofspaces
improvement_subrecords_noofstories,Sites_homesiteacres,,,Improvement_noofstories
improvement_subrecords_nooftruckdoors,Sites_sitecomments,,,Improvement_nooftruckdoors
improvement_subrecords_nooftruckdoorswithlevelers,Improvement_BuildingDescription,,,Improvement_nooftruckdoorswithlevelers
improvement_subrecords_noofunits,Improvement_noofbuildings,,,Improvement_noofunits
improvement_subrecords_parking,Improvement_constructionclass,,,Improvement_parking
improvement_subrecords_parkingadequacy,Improvement_buildingclass,,,Improvement_parkingadequacy
improvement_subrecords_parkingcomments,Improvement_perimeter,,,Improvement_parkingcomments
improvement_subrecords_parkingcondition,Improvement_sourceforsfarea,,,Improvement_parkingcondition
improvement_subrecords_parkingtype,Improvement_noofmultifamilyunits,,,Improvement_parkingtype
improvement_subrecords_porchordeck,Improvement_gbamultifamily,,,Improvement_porchordeck
improvement_subrecords_proportionrenovated,Improvement_ramultifamily,,,Improvement_proportionrenovated
improvement_subrecords_quality,Improvement_noofmultifamilyrooms,,,Improvement_quality
improvement_subrecords_ratotalmeters,Improvement_noofmultifamilybedrooms,,,Improvement_ratotalmeters
improvement_subrecords_remainingeconomiclife,Improvement_noofmfbathrooms,,,Improvement_remainingeconomiclife
improvement_subrecords_renovations,Improvement_multifamilyamenities,,,Improvement_renovations
improvement_subrecords_residentialamenities,Improvement_noofofficeunits,,,Improvement_residentialamenities
improvement_subrecords_residentialdesign,Improvement_gbaoffice,,,Improvement_residentialdesign
improvement_subrecords_roofcover,Improvement_raoffice,,,Improvement_roofcover
improvement_subrecords_rooftype,Improvement_usablearea,,,Improvement_rooftype
improvement_subrecords_sourceforsfarea,Improvement_loadfactor,,,Improvement_sourceforsfarea
improvement_subrecords_sprinklers,Improvement_percentoffice,,,Improvement_sprinklers
improvement_subrecords_surfaceparkingspaces,Improvement_percentofficera,,,Improvement_surfaceparkingspaces
improvement_subrecords_tenantimprovements,Improvement_noofretailunits,,,Improvement_tenantimprovements
improvement_subrecords_totaleconomiclife,Improvement_gbaretail,,,Improvement_totaleconomiclife
improvement_subrecords_typicalbaydepth,Improvement_raretailgla,,,Improvement_typicalbaydepth
improvement_subrecords_usablearea,Improvement_percentretail,,,Improvement_usablearea
improvement_subrecords_yearbuilt,Improvement_noofindustrialunits,,,Improvement_yearbuilt
improvement_value,Improvement_gbaindustrial,,,
improvement_value_per_sf,Improvement_raindustrial,,,
income_growth,Improvement_noofotherunits,,,Sales_incomegrowth
income_growth_rate,Improvement_gbaother,,,Sales_incomegrowthrate
income_target_percent,Improvement_raother,,,Unit Lease_incometarget
incometarget,Improvement_noofunits,,,
industrial_gba,Improvement_gbatotal,,,
industrial_ra,Improvement_ratotal,,,
ingestion_timestamp,Improvement_landtobuildingratio,,,
instance_type,Parcel_far,,,Rent Roll Summary_instancetype
internal_comments,Improvement_surfaceparkingspaces,,,Sales_internalcomments
is_active,Improvement_coveredparkingspaces,,,
is_confidential,Improvement_garageparkingspaces,,,Rent Roll Summary_confidential
is_deleted,Improvement_parking,,,Sales_isdeleted
is_excel_entry,Improvement_parkingratiounit,,,
is_ground_lease,Improvement_parkingratiogba,,,Parcel_isgroundlease
is_lihtc,Improvement_parkingratiora,,,
isexcel,Improvement_noofstories,,,Sales_isexcel
jurisdiction,Improvement_noofrooms,,,
land_assessment,Improvement_noofseats,,,Assessment_landassessment
land_hectares,Improvement_noofbeds,,,Sites_landhectares
land_sf,Improvement_noofbedrooms,,,Sites_SurplusLandSF
land_square_meters,Improvement_noofbathrooms,,,Sites_landsquaremeters
land_unit_approved_or_zoned,Improvement_noofhalfbaths,,,Sites_landunitapprovedorzoned
land_unit_type,Improvement_noofspaces,,,Sites_landunittype
land_units,Improvement_noofbays,,,Sites_landunits
land_use,Improvement_noofgolfholes,,,Sites_landuse
land_value,Improvement_adr,,,Sales_landvalue
land_value_per_sf,Improvement_lhoccupancy,,,
last_rent_increase,Improvement_revpar,,,Unit Lease_lastrentincrease
lat,Improvement_productsegment,,,Parcel_lat
lat_centroid,Improvement_hotelflag,,,
lease_commencement_date,Improvement_designappeal,,,
lease_comp_id,Improvement_condition,,,
lease_concessions,Improvement_construction,,,
lease_conditions,Improvement_quality,,,
lease_expiration_date,Improvement_landscaping,,,Unit Lease_leaseexpiration
lease_options,Improvement_parkingtype,,,
lease_start_date,Improvement_parkingadequacy,,,Rent Roll_leasestartdate
lease_tenant_improvs,Improvement_parkingcondition,,,Rent Roll_leasetenantimprovs
lease_term_months,Improvement_parkingcomments,,,Rent Roll_leaseterm
lease_transaction_type,Improvement_deferredmaintance,,,Rent Roll_leasetransactiontype
lease_type,Improvement_ffande,,,Rent Roll_leasetype
leasedate,Improvement_yearbuilt,,,Rent Roll_leasedate
leaseexpiration,Improvement_yearbuiltnumeric,,,
leaseexpiredate,Improvement_renovations,,,Rent Roll_leaseexpiredate
leasestart,Improvement_proportionrenovated,,,Unit Lease_leasestart
leaseterm,Improvement_totaleconomiclife,,,Rent Roll Summary_commleaseterms
legal_description,Improvement_effectiveage,,,Sales_legaldescription
lender,Improvement_remainingeconomiclife,,,Sales_lender
lender_name,Improvement_foundation,,,
lessor,Improvement_exteriorwall,,,Rent Roll_lessor
lessor_name,Improvement_basementuseandfinish,,,
lh_occupancy,Improvement_basementsize,,,Improvement_lhoccupancy
lhtc,Improvement_columnspacing,,,Unit Lease_lhtc
lightbox_created_by,Improvement_ceilingheight,,,
lightbox_id,Improvement_roofcover,,,
lightbox_timestamp,Improvement_rooftype,,,
lng,Improvement_nooftruckdoors,,,Parcel_lng
lng_centroid,Improvement_nooftruckdoorswithlevelers,,,
locationdescription,Improvement_craneways,,,Parcel_locationdescription
major_type,Improvement_typicalbaydepth,,,
management_company,Improvement_clearheight,,,Unit Lease Summary_managementcompany
market,Improvement_cooling,,,Parcel_market
market_rent_max,Improvement_heating,,,Unit Lease_marketrentmax
market_rent_min,Improvement_noofelevators,,,Unit Lease_marketrentmin
market_rent_per_mo,Improvement_noofescalators,,,Unit Lease_marketrentmo
market_rent_per_sf,Improvement_sprinklers,,,
marketrentmo,Improvement_residentialdesign,,,Unit Lease_marketrentsf
marketrentsf,Improvement_residentialamenities,,,
max_build_height,Improvement_fireplaceorwoodstove,,,
max_gross_lihtc_restricted_rent,Improvement_garage,,,Unit Lease_MaxGrossLIHTCRestrictedRent
max_site_coverage,Improvement_docks,,,
median_hh_income,Improvement_porchordeck,,,
median_home_value,Improvement_ancillarybuildings,,,Sites_medianhomevalue
median_household_income,Improvement_tenantimprovements,,,Sites_medianhouseholdincome
merge_timestamp,Improvement_features,,,Parcel_timestamp
merged_by_user_or_system,Improvement_amenities,,,
mf_br_max,Improvement_improvmentcomments,,,Unit Lease Summary_mfbrmax
mf_br_min,Improvement_gbamultifamilymeters,,,Unit Lease Summary_mfbrmin
mf_carport_fee_monthly,Improvement_ramultifamilymeters,,,Unit Lease Summary_mfcarportfeemonthly
mf_garage_fee_monthly,Improvement_gbaofficemeters,,,Unit Lease Summary_mfgaragefeemonthly
mf_lease_comments,Improvement_raofficemeters,,,Unit Lease Summary_mfleasecomments
mf_lease_notes,Improvement_gbaretailMeters,,,Unit Lease Summary_mfleasenotes
mf_lease_survey_date,Improvement_raretailmeters,,,Unit Lease Summary_mfleasesurveydate
mf_occupancy,Improvement_gbaindustrialmeters,,,Unit Lease Summary_mfoccupancy
mf_rent_concessions,Improvement_raindustrialmeters,,,Unit Lease Summary_mfrentconcessions
mf_rent_per_mo_max,Improvement_gbaothermeters,,,Unit Lease Summary_mfrentpermomax
mf_rent_per_mo_min,Improvement_parkingratiora,,,Unit Lease Summary_mfrentpermomin
mf_rent_per_sf_max,Improvement_raothermeters,,,
mf_rent_per_sf_min,Improvement_gbatotalmeters,,,
mf_rent_per_sf_per_mo_max,Improvement_ratotalmeters,,,Unit Lease Summary_mfrentpersfpermomax
mf_rent_per_sf_per_mo_min,Rent Roll Summary_ID,,,Unit Lease Summary_mfrentpersfpermomin
mf_rent_type,Rent Roll Summary_instancetype,,,Unit Lease Summary_mfrenttype
mf_size_sf_max,Rent Roll Summary_commleasesurveydate,,,
mf_size_sf_min,Rent Roll Summary_confidential,,,
mf_source_notes,Rent Roll Summary_commrentpersfmin,,,Unit Lease Summary_MFSourceNotes
mf_surveyed_unit_count_total,Rent Roll Summary_commrentpersfmax,,,Unit Lease Summary_mfsurveyedunitcounttotal
mf_total_annual_rent,Rent Roll Summary_rentpersfpermomin,,,Unit Lease Summary_mftotalannualrent
mf_total_rent_per_month,Rent Roll Summary_rentpersfpermomax,,,Unit Lease Summary_mftotalrentpermonth
mf_unit_amenities,Rent Roll Summary_commsizemin,,,Unit Lease Summary_mfamenities
mf_vacant_units_count,Rent Roll Summary_commsizemax,,,Unit Lease Summary_mfvacantunitscount
mf_weighted_avg_rent_per_sf_per_mo,Rent Roll Summary_commverificationsource,,,Unit Lease Summary_mfweightedavgrentpersfpermo
mf_weighted_avg_rent_per_sf_per_year,Rent Roll Summary_commvacancy,,,Unit Lease Summary_mfweightedavgrentpersfperyear
mf_weighted_avg_rent_per_unit,Rent Roll Summary_nooftenants,,,Unit Lease Summary_mfweightedavgrentperunit
mfamenities,Rent Roll Summary_sfleased,,,
min_lot_area,Rent Roll Summary_anchors,,,
minimum_lot_area,Rent Roll Summary_shadowanchors,,,
monthly_or_daily_rent,Rent Roll Summary_commleasecomments,,,Unit Lease_monthlyordailyrent
msa,Rent Roll Summary_tenant,,,Parcel_msa
multifamily_gba,Rent Roll_id,,,
municipality,Rent Roll_tenant,,,Parcel_municipality
name,Rent Roll_lessor,,,Parcel_name
neighborhood,Rent Roll_leasetype,,,Parcel_neighborhood
neighborhoodcomments,Rent Roll_typeoruseofspace,,,Parcel_neighborhoodcomments
net_income_multiplier,Rent Roll_leasetransactiontype,,,
net_rentable_area,Rent Roll_suite,,,
new_value,Rent Roll_floorlevel,,,
nim,Rent Roll_unitsf,,,Sales_nim
no_of_baths,Rent Roll_effectiverentsf,,,
no_of_buildings,Rent Roll_effectiverentsfmo,,,Improvement_noofbuildings
no_of_craneways,Rent Roll_effrentperyear,,,
no_of_docks,Rent Roll_effrentpermo,,,
no_of_mf_bathrooms,Rent Roll_leasestartdate,,,Improvement_noofmfbathrooms
no_of_multifamily_bedrooms,Rent Roll_leaseexpiredate,,,Improvement_noofmultifamilybedrooms
no_of_multifamily_rooms,Rent Roll_baserentsf,,,Improvement_noofmultifamilyrooms
no_of_tenants,Rent Roll_baserentsfmo,,,Rent Roll Summary_nooftenants
north_boundary,Rent Roll_baserentperyear,,,Parcel_northboundary
notes,Rent Roll_baserentpermo,,,
number_of_parcels,Rent Roll_leaseterm,,,Sites_NumberOfParcels
number_of_units,Rent Roll_concessions,,,
occupancy_type,Rent Roll_expensestop,,,Unit Lease_occupancytype
office_gba,Rent Roll_leasedate,,,
office_ra,Rent Roll_expensereimbursements,,,
old_value,Rent Roll_leasetenantimprovs,,,
opportunity_zone,Rent Roll_options,,,Parcel_opportunityzone
options,Rent Roll_percentrent,,,Rent Roll_options
ordinance_document,Rent Roll_tenantcam,,,
ordinance_document_url,Rent Roll_escalations,,,
original_list_price,Rent Roll_verificationdate,,,Sales_originallistprice
original_lp_percent_diff,Rent Roll_verificationsource,,,Sales_originallppercentdiff
other_acres,Rent Roll_commleasesurveydate,,,Sites_otheracres
other_adjustment,Rent Roll_datasource,,,Sales_otheradjustment
other_assessment,Rent Roll_comments,,,Assessment_otherassessment
other_db_refs,Rent Roll_sizem2,,,Parcel_otherdbrefs
other_gba,Rent Roll_rentperm2,,,
other_ra,Rent Roll_rentperm2permo,,,
owner,Rent Roll_rentpersfpermo,,,Parcel_owner
parcel_comments,Rent Roll_percentofficeul,,,Sales_salecomments
parcel_id,Rent Roll_anchortype,,,Rent Roll_id
parcel_verification_data,Rent Roll_coststofinish,,,Sales_verificationdate
parent_geo_id,Rent Roll_CurrentRentPerMo,,,
parking_adequacy_id,Rent Roll_finish,,,
parking_condition_id,Rent Roll_freerentmonths,,,
parking_ratio_gba,Rent Roll_leaseconditions,,,
parking_ratio_ra,Rent Roll_rentbasis,,,
parking_ratio_unit,Rent Roll_rentincreased,,,Improvement_parkingratiounit
parking_requirement,Rent Roll_tenantparking,,,
parking_type_id,Rent Roll Summary_CommLeaseType,,,
per_pupil_spending,Rent Roll Summary_commleasenotes,,,
percent_diminution_in_value,Rent Roll Summary_commleaseterms,,,Sales_percentdiminutioninvalue
percent_office_ul,Rent Roll Summary_commrentconcessions,,,Rent Roll_percentofficeul
percent_rent,Rent Roll Summary_CommLeaseNotes,,,Rent Roll_percentrent
percent_stigma,Rent Roll Summary_escalations,,,Sales_percentstigma
percent_tillable,Unit Lease Summary_ID,,,Sites_percenttillable
percent_wetlands,Unit Lease Summary_mfleasesurveydate,,,Sites_percentwetlands
perimeter,Unit Lease Summary_MFSourceNotes,,,Improvement_perimeter
perimeter_sf,Unit Lease Summary_instancetype,,,
permitted_uses,Unit Lease Summary_managementcompany,,,
pgim,Unit Lease_category,,,Sales_pgim
population,Unit Lease_unittype,,,
potential_gross_income_multiplier,Unit Lease_unitcount,,,
price,Unit Lease_vacantunits,,,Sales_price
price_adjustment,Unit Lease_unitsf,,,Sales_priceadjustment
price_per_acre,Unit Lease_floor,,,Sales_priceperacre
price_per_bay,Unit Lease_rooms,,,Sales_priceperbay
price_per_bed,Unit Lease_bedrooms,,,Sales_priceperbed
price_per_bedroom,Unit Lease_baths,,,Sales_priceperbedroom
price_per_buildable_sf,Unit Lease_beds,,,Sales_priceperbuildablesf
price_per_far,Unit Lease_rentpermo,,,Sales_priceperfar
price_per_gba_meters,Unit Lease_annualrentpersf,,,
price_per_land_hectares,Unit Lease_rentpersfpermo,,,Sales_priceperlandhectares
price_per_land_sf,Unit Lease_marketrentmo,,,
price_per_land_sqm,Unit Lease_marketrentsf,,,Sales_priceperlandsqm
price_per_land_unit,Unit Lease_dailyrateperunit,,,Sales_priceperlandunit
price_per_mf_bedroom,Unit Lease_sizem2,,,Sales_pricepermfbedroom
price_per_mf_room,Unit Lease_rentperm2,,,Sales_pricepermfroom
price_per_primary_frontage,Unit Lease_lastrentincrease,,,Sales_priceperprimaryfrontage
price_per_ra,Unit Lease_rentincreasepercent,,,
price_per_ra_meters,Unit Lease_leasestart,,,
price_per_room,Unit Lease_leaseexpiration,,,Sales_priceperroom
price_per_sf,Unit Lease_communityfeemin,,,
price_per_space,Unit Lease_communityfeemax,,,Sales_priceperspace
price_per_unit,Unit Lease_sfsizemin,,,Sales_priceperunit
price_per_usable_acre,Unit Lease_sfsizemax,,,Sales_priceperusableacre
price_per_usable_land_sf,Unit Lease_dailyrateperunitmin,,,Sales_priceperusablelandsf
priceactual,Unit Lease_dailyrateperunitmax,,,Sales_priceactual
primary_frontage_lf,Unit Lease_entryfeemin,,,Sites_primaryfrontagelf
primary_frontage_st,Unit Lease_entryfeemax,,,Sites_primaryfrontagest
product_segment,Unit Lease_contractrentmin,,,Improvement_productsegment
productivity_index,Unit Lease_contractrentmax,,,Sites_productivityindex
project_amenities,Unit Lease_marketrentmin,,,Unit Lease Summary_projectamenities
project_id,Unit Lease_marketrentmax,,,
project_name,Unit Lease_unitheight,,,
project_property_id,Unit Lease_unitwidth,,,
project_style,Unit Lease_unitdepth,,,Unit Lease Summary_projectstyle
property_assessment_id,Unit Lease_incometarget,,,
property_id,Unit Lease_MaxGrossLIHTCRestrictedRent,,,
property_included,Unit Lease_lhtc,,,Sales_propertyincluded
property_rights,Unit Lease_utilityallowance,,,Sales_propertyrights
property_type,Unit Lease_occupancytype,,,Parcel_propertytype
property_type_id,Unit Lease_affordabilitystatus,,,Parcel_propertysubtype
property_zoning_id,Unit Lease_tenantprofile,,,
propertymajortype,Unit Lease_monthlyordailyrent,,,Parcel_propertymajortype
propertysubtype,Unit Lease Summary_mfsurveyedunitcounttotal,,,
proposed_sf,Unit Lease Summary_mfvacantunitscount,,,
proposed_units,Unit Lease Summary_vacancyrate,,,Sites_proposedunits
proposed_use,Unit Lease Summary_mfoccupancy,,,Sales_proposeduse
quality_id,Unit Lease Summary_UtilitiesPaidByOwner,,,
ra_total,Unit Lease Summary_mfrenttype,,,
rail_service,Unit Lease Summary_mfrentconcessions,,,Sites_railservice
ready_for_use,Unit Lease Summary_mfcarportfeemonthly,,,Parcel_readyforuse
rear_yard_distance,Unit Lease Summary_projectstyle,,,
recording_date,Unit Lease Summary_mfgaragefeemonthly,,,Sales_recordingdate
renovations_description,Unit Lease Summary_storagefee,,,
rent_basis,Unit Lease Summary_mfrentpermomin,,,Rent Roll_rentbasis
rent_comp_id,Unit Lease Summary_mfrentpermomax,,,
rent_escalations,Unit Lease Summary_mfrentpersfmin,,,Rent Roll Summary_escalations
rent_increase_percent,Unit Lease Summary_mfrentpersfmax,,,Unit Lease_rentincreasepercent
rent_last_increased,Unit Lease Summary_mfrentpersfpermomin,,,Rent Roll_rentincreased
rent_per_mo,Unit Lease Summary_mfrentpersfpermomax,,,Unit Lease_rentpermo
rent_per_sf_per_mo,Unit Lease Summary_mfsizesfmin,,,
rent_per_sf_per_mo_max,Unit Lease Summary_mfsizesfmax,,,Rent Roll Summary_rentpersfpermomax
rent_per_sf_per_mo_min,Unit Lease Summary_mfbrmin,,,Rent Roll Summary_rentpersfpermomin
rent_per_sq_meter,Unit Lease Summary_mfbrmax,,,
rent_per_sq_meter_per_mo,Unit Lease Summary_mftotalrentpermonth,,,
rent_roll_summary_commleasenotes,Unit Lease Summary_mftotalannualrent,,,Rent Roll Summary_commleasenotes
rentable_area,Unit Lease Summary_avgmfunitsize,,,
rentincreased,Unit Lease Summary_mfweightedavgrentperunit,,,
rentperm2,Unit Lease Summary_mfweightedavgrentpersfpermo,,,Rent Roll_rentperm2
rentperm2permo,Unit Lease Summary_mfweightedavgrentpersfperyear,,,Rent Roll_rentperm2permo
responsible_party,Unit Lease Summary_totalmarketrent,,,Sales_responsibleparty
retail_gba,Unit Lease Summary_projectamenities,,,
retail_gla,Unit Lease Summary_mfamenities,,,
rev_par,Unit Lease Summary_mfleasecomments,,,Improvement_revpar
risk_profile,Unit Lease Summary_shpayormedicaidpercentage,,,Sales_riskprofile
road_frontage,Unit Lease Summary_SHPayorMedicarePercentage,,,Sites_roadfrontage
roof_cover_id,Unit Lease Summary_shpayorvapercentage,,,
roof_type_id,Unit Lease Summary_shpayorprivatepaypercentage,,,
rooms,Unit Lease Summary_shpayorotherpercentage,,,Unit Lease_rooms
sale_comments,Unit Lease Summary_shalunitcount,,,Sites_sitecomments
sale_comp_id,Unit Lease Summary_shaloccupancypercentage,,,
sale_date,Unit Lease Summary_shalentryfee,,,Sales_saledate
sale_notes,Unit Lease Summary_shalcommunityfee,,,Sales_salenotes
sale_price,Unit Lease Summary_shalsecondpersonfeemonthly,,,
sale_supporting_files,Unit Lease Summary_shilunitcount,,,Sales_salesupportingfiles
school_district_id,Unit Lease Summary_shiloccupancypercentage,,,Parcel_schooldistrict
schooldistrict,Unit Lease Summary_shilentryfee,,,
secondary_frontage_lf,Unit Lease Summary_shilcommunityfee,,,Sites_secondaryfrontagelf
secondary_frontage_st,Unit Lease Summary_shilsecondpersonfeemonthly,,,Sites_secondaryfrontagest
secondary_traffic_count,Unit Lease Summary_shmcunitcount,,,Sites_secondarytrafficcount
session_end,Unit Lease Summary_shmcoccupancypercentage,,,
session_start,Unit Lease Summary_shmcentryfee,,,
setback_distance,Unit Lease Summary_shmccommunityfee,,,
sf_leased,Unit Lease Summary_shmcsecondpersonfeemonthly,,,
sf_size_max,Unit Lease Summary_shsnunitcount,,,
sf_size_min,Unit Lease Summary_shsnoccupancypercentage,,,
shadow_anchors,Unit Lease Summary_shsnentryfee,,,Rent Roll Summary_shadowanchors
shalcommunityfee,Unit Lease Summary_shsncommunityfee,,,Unit Lease Summary_shalcommunityfee
shalentryfee,Unit Lease Summary_shsnsecondpersonfeemonthly,,,Unit Lease Summary_shalentryfee
shaloccupancypercentage,Unit Lease Summary_shotherunitcount,,,Unit Lease Summary_shaloccupancypercentage
shalsecondpersonfeemonthly,Unit Lease Summary_shotheroccupancypercentage,,,Unit Lease Summary_shalsecondpersonfeemonthly
shalunitcount,Unit Lease Summary_shotherentryfee,,,Unit Lease Summary_shalunitcount
shape,Unit Lease Summary_shothercommunityfee,,,Sites_shape
shcaretypecomments,Unit Lease Summary_shothersecondpersonfeemonthly,,,
shilcommunityfee,Unit Lease Summary_shcaretypecomments,,,Unit Lease Summary_shilcommunityfee
shilentryfee,Unit Lease Summary_mfleasenotes,,,Unit Lease Summary_shilentryfee
shilunitcount,incExp_name,,,Unit Lease Summary_shilunitcount
shmccommunityfee,incExp_surveydate,,,Unit Lease Summary_shmccommunityfee
shmcentryfee,incExp_financialstype,,,Unit Lease Summary_shmcentryfee
shmcoccupancypercentage,incExp_annualrent,,,Unit Lease Summary_shmcoccupancypercentage
shmcsecondpersonfeemonthly,incExp_baserentabatement,,,Unit Lease Summary_shmcsecondpersonfeemonthly
shmcunitcount,incExp_expensereimbursements,,,Unit Lease Summary_shmcunitcount
shothercommunityfee,incExp_netparkingincome,,,Unit Lease Summary_shothercommunityfee
shotherentryfee,incExp_percentagerent,,,Unit Lease Summary_shotherentryfee
shotheroccupancypercentage,incExp_otherincome,,,Unit Lease Summary_shotheroccupancypercentage
shothersecondpersonfeemonthly,incExp_pgi,,,Unit Lease Summary_shothersecondpersonfeemonthly
shotherunitcount,incExp_pgipersf,,,Unit Lease Summary_shotherunitcount
shpayormedicaidpercentage,incExp_pgiperunit,,,Unit Lease Summary_shpayormedicaidpercentage
shpayormedicarepercentage,incExp_vacancycost,,,Unit Lease Summary_SHPayorMedicarePercentage
shpayorotherpercentage,incExp_vacancy,,,Unit Lease Summary_shpayorotherpercentage
shpayorprivatepaypercentage,incExp_vacancycostpersf,,,Unit Lease Summary_shpayorprivatepaypercentage
shpayorvapercentage,incExp_vacancycostperunit,,,Unit Lease Summary_shpayorvapercentage
shsncommunityfee,incExp_occupancy,,,Unit Lease Summary_shsncommunityfee
shsnentryfee,incExp_egi,,,Unit Lease Summary_shsnentryfee
shsnoccupancypercentage,incExp_egipersf,,,Unit Lease Summary_shsnoccupancypercentage
shsnsecondpersonfeemonthly,incExp_egiperunit,,,Unit Lease Summary_shsnsecondpersonfeemonthly
shsnunitcount,incExp_taxexpense,,,Unit Lease Summary_shsnunitcount
side_yard_distance,incExp_insurance,,,
site_acres,incExp_onsitemanagementexp,,,Sites_wasteacres
site_area_id,incExp_management,,,
site_comments,incExp_advertisingandmarketing,,,
site_dimensions,incExp_electricexpense,,,
site_drainage,incExp_waterexpense,,,
site_id,incExp_sewerexpense,,,
site_landscaping,incExp_gasexpense,,,
site_topography,incExp_fuelexpense,,,Sites_topography
site_utilities,incExp_trashexpense,,,
site_views,incExp_totalutilities,,,
site_visibility,incExp_buildingrepairs,,,Sites_visibility
size_sq_meters,incExp_otherrepairs,,,
sizem2,incExp_repairsandmaintenance,,,Rent Roll_sizem2
soil_type,incExp_paintinganddecorating,,,Sites_soiltype
source_system,incExp_generalandadministrative2,,,
south_boundary,incExp_cleaning,,,Parcel_southboundary
space_finish,incExp_cam,,,
special_assessments,incExp_managerleasingsalaries,,,Assessment_specialassessments
sprinkler_type,incExp_maintenancesalaries,,,
sprinklers_id,incExp_othersalaries,,,
square_feet,incExp_payrolltaxes,,,
state,incExp_payrolltotal,,,Parcel_state
status,incExp_groundsandsecurity,,,
storage_fee,incExp_professionalservicesexp,,,Unit Lease Summary_storagefee
student_teacher_ratio,incExp_generalandadministrative,,,Parcel_studentteacherratio
sub_type,incExp_nonrevenueunits,,,
submarket,incExp_otherexpenses,,,Parcel_submarket
suite,incExp_reserves,,,Rent Roll_suite
suite_number,incExp_deductreserves,,,
supporting_files,incExp_expleasingcommissions,,,Parcel_supportingfiles
tax_id,incExp_exptenantimprovements,,,Assessment_taxid
tax_rate,incExp_GroundRentExp,,,Assessment_taxrate
taxing_authority,incExp_totalexpenses,,,Assessment_taxingauthority
tenant,incExp_ExpensePerSF,,,Rent Roll Summary_tenant
tenant_cam,incExp_ExpensePerUnit ,,,incExp_cam
tenant_name,incExp_expenseratio,,,Rent Roll_tenantcam
tenant_parking,incExp_noi,,,Rent Roll_tenantparking
tenant_profile,incExp_noipersf,,,Unit Lease_tenantprofile
terminal_cap_rate,incExp_noiperbed,,,Sales_terminalcaprate
tertiary_frontage_lf,incExp_noipergbam2,,,Sites_tertiaryfrontagelf
tertiary_frontage_st,incExp_noiperrasf,,,Sites_tertiaryfrontagest
tertiary_traffic_count,incExp_noiperunit,,,Sites_tertiarytrafficcount
tillable_acres,incExp_noiperusablesf,,,Sites_tillableacres
time_log_id,Saleinfo_NIM,,,
timestamp,incExp_comments,,,
topography,Assessment_taxingauthority,,,
tos_cap_rate,Assessment_taxid,,,
tos_effective_age,Assessment_assessmentyear,,,Sales_toseffectiveage
tos_egim,Assessment_landassessment,,,Sales_tosegim
tos_noi,Assessment_improvementassessment,,,Sales_tosnoi
tos_number_of_tenants,Assessment_otherassessment,,,Sales_tosnumberoftenants
tos_occupancy_rate,Assessment_totalassessment,,,Sales_tosoccupancyrate
tos_price_per_rsf,Assessment_taxyear,,,Sales_tospriceperrsf
tos_price_per_useable_acre_land,Assessment_taxratecode,,,Sales_tospriceperuseableacreland
tos_price_per_useable_sf_land,Assessment_taxrate,,,Sales_tospriceperuseablesfland
tos_tenancy_type,Assessment_taxrateper,,,Sales_tostenancytype
tos_vacancy_rate,Assessment_basetaxes,,,Sales_tosvacancyrate
tos_weighted_avg_lease_term,Assessment_specialassessments,,,Sales_tosweightedaverageleaseterm
tosweightedaverageleaseterm,Assessment_taxes,,,
total_assessment,Assessment_marketvalue,,,Assessment_totalassessment
total_market_rent,Assessment_taxespersfgba,,,Unit Lease Summary_totalmarketrent
total_taxes,Assessment_taxesperra,,,
townshiprange,Assessment_taxesperunit,,,Parcel_townshiprange
traffic_count,Assessment_taxesperlandsf,,,Sites_trafficcount
traffic_survey_date,Assessment_taxesperacre,,,Sites_trafficsurveydate
transaction_type,Assessment_taxesperlandunit,,,Sales_transactiontype
type_of_contamination,Assessment_taxespergbam2,,,Sales_typeofcontamination
type_or_use_of_space,Assessment_taxesperram2,,,Rent Roll_typeoruseofspace
unit_category,Assessment_taxesperhectares,,,
unit_count,Assessment_taxesperlandm2,,,Unit Lease_unitcount
unit_depth_ft,Assessment_equalizationratio,,,Unit Lease_unitdepth
unit_floor,Assessment_impliedvalue,,,
unit_height_ft,Assessment_assessmentcomments,,,Unit Lease_unitheight
unit_mix_id,Assessment_assessorwebsite,,,
unit_sf,Assessment_historicalassessedvalue1,,,
unit_type,Assessment_historicalassessedvalue2,,,Unit Lease_unittype
unit_width_ft,Assessment_historicalassessedvalue3,,,Unit Lease_unitwidth
unitdepth,Assessment_historicalassessedvalue4,,,
unitheight,Assessment_historicalimprovvalue1,,,
unitwidth,Assessment_historicalimprovvalue2,,,
updated_at,Assessment_historicalimprovvalue3,,,
updated_by_user_id,Assessment_historicalimprovvalue4,,,
use_mix_id,Assessment_historicallandvalue1,,,
use_type,Assessment_historicallandvalue2,,,
user_id,Assessment_historicallandvalue3,,,
utilities,Assessment_historicallandvalue4,,,
utilities_paid_by_owner,Assessment_historicaltaxes1,,,Unit Lease Summary_UtilitiesPaidByOwner
utility_allowance,Assessment_historicaltaxes2,,,Unit Lease_utilityallowance
vacancy_rate,Assessment_historicaltaxes3,,,Unit Lease Summary_vacancyrate
vacant_units,Assessment_historicaltaxes4,,,Unit Lease_vacantunits
verification_date,Assessment_historicalyear1,,,Rent Roll_verificationdate
verification_phone,Assessment_historicalyear2,,,Sales_verificationphone
verification_source,Assessment_historicalyear3,,,Rent Roll_verificationsource
views,Assessment_historicalyear4,,,Sites_views
visibility,,,,
waste_acres,,,,
water_frontage,,,,Sites_waterfrontage
west_boundary,,,,Parcel_westboundary
wetland_acres,,,,Sites_wetlandacres
wetlands_type,,,,Sites_wetlandstype
within_flood_plain,,,,Sites_withinfloodplainname
withinfloodplainname,,,,
woodland_acres,,,,Sites_woodlandacres
year_built_numeric,,,,Improvement_yearbuiltnumeric
zip,,,,Parcel_zip
zoned_density,,,,
zoning,,,,
zoning_authority,,,,
zoning_code,,,,
zoning_designation,,,,
zoning_district,,,,
zoning_id,,,,
zoning_jurisdiction,,,,
zoning_notes,,,,
zoning_subrecords_comments,,,,
zoning_subrecords_district,,,,
zoning_subrecords_summary,,,,
zoning_subrecords_type,,,,
zoning_summary,,,,
zoning_type,,,,
,,,,Parcel_parcelverificationdata
,,,,Parcel_parcelcomments
,,,,Sales_pricepersf
,,,,Sales_priceperra
,,,,Sales_priceperlandsf
,,,,Sales_pricepergbameters
,,,,Sales_priceperrameters
,,,,Sales_landvaluepersf
,,,,Sales_improvementvalue
,,,,Sales_improvementvaluepersf
,,,,Sites_landsf
,,,,Sites_usableacres
,,,,Sites_usablelandsf
,,,,Sites_UnusableAcres
,,,,Sites_UnusableLandSF
,,,,Sites_excessacres
,,,,Sites_excesslandsf
,,,,Sites_SurplusAcres
,,,,Sites_easementacres
,,,,Sites_easementlandsf
,,,,Sites_buildablesf
,,,,Sites_proposedsf
,,,,Improvement_noofmultifamilyunits
,,,,Improvement_gbamultifamily
,,,,Improvement_ramultifamily
,,,,Improvement_noofofficeunits
,,,,Improvement_gbaoffice
,,,,Improvement_raoffice
,,,,Improvement_percentoffice
,,,,Improvement_percentofficera
,,,,Improvement_noofretailunits
,,,,Improvement_gbaretail
,,,,Improvement_raretailgla
,,,,Improvement_percentretail
,,,,Improvement_noofindustrialunits
,,,,Improvement_gbaindustrial
,,,,Improvement_raindustrial
,,,,Improvement_noofotherunits
,,,,Improvement_gbaother
,,,,Improvement_raother
,,,,Improvement_gbatotal
,,,,Improvement_ratotal
,,,,Improvement_parkingratiogba
,,,,Improvement_parkingratiora
,,,,Improvement_ffande
,,,,Improvement_improvmentcomments
,,,,Improvement_gbamultifamilymeters
,,,,Improvement_ramultifamilymeters
,,,,Improvement_gbaofficemeters
,,,,Improvement_raofficemeters
,,,,Improvement_gbaretailMeters
,,,,Improvement_raretailmeters
,,,,Improvement_gbaindustrialmeters
,,,,Improvement_raindustrialmeters
,,,,Improvement_gbaothermeters
,,,,Improvement_raothermeters
,,,,Improvement_gbatotalmeters
,,,,Rent Roll Summary_commrentpersfmin
,,,,Rent Roll Summary_commrentpersfmax
,,,,Rent Roll Summary_commsizemin
,,,,Rent Roll Summary_commsizemax
,,,,Rent Roll Summary_commverificationsource
,,,,Rent Roll Summary_sfleased
,,,,Rent Roll_tenant
,,,,Rent Roll_unitsf
,,,,Rent Roll_effectiverentsf
,,,,Rent Roll_baserentsf
,,,,Rent Roll_baserentsfmo
,,,,Rent Roll_commleasesurveydate
,,,,Rent Roll_datasource
,,,,Rent Roll_rentpersfpermo
,,,,Unit Lease Summary_ID
,,,,Unit Lease Summary_instancetype
,,,,Unit Lease_unitsf
,,,,Unit Lease_annualrentpersf
,,,,Unit Lease_rentpersfpermo
,,,,Unit Lease_sizem2
,,,,Unit Lease_rentperm2
,,,,Unit Lease_sfsizemin
,,,,Unit Lease_sfsizemax
,,,,Unit Lease Summary_mfrentpersfmin
,,,,Unit Lease Summary_mfrentpersfmax
,,,,Unit Lease Summary_mfsizesfmin
,,,,Unit Lease Summary_mfsizesfmax
,,,,Unit Lease Summary_shiloccupancypercentage
,,,,Unit Lease Summary_shilsecondpersonfeemonthly
,,,,incExp_name
,,,,incExp_surveydate
,,,,incExp_financialstype
,,,,incExp_annualrent
,,,,incExp_baserentabatement
,,,,incExp_expensereimbursements
,,,,incExp_netparkingincome
,,,,incExp_percentagerent
,,,,incExp_otherincome
,,,,incExp_pgi
,,,,incExp_pgipersf
,,,,incExp_pgiperunit
,,,,incExp_vacancycost
,,,,incExp_vacancy
,,,,incExp_vacancycostpersf
,,,,incExp_vacancycostperunit
,,,,incExp_occupancy
,,,,incExp_egi
,,,,incExp_egipersf
,,,,incExp_egiperunit
,,,,incExp_taxexpense
,,,,incExp_insurance
,,,,incExp_onsitemanagementexp
,,,,incExp_management
,,,,incExp_advertisingandmarketing
,,,,incExp_electricexpense
,,,,incExp_waterexpense
,,,,incExp_sewerexpense
,,,,incExp_gasexpense
,,,,incExp_fuelexpense
,,,,incExp_trashexpense
,,,,incExp_totalutilities
,,,,incExp_buildingrepairs
,,,,incExp_otherrepairs
,,,,incExp_repairsandmaintenance
,,,,incExp_paintinganddecorating
,,,,incExp_generalandadministrative2
,,,,incExp_cleaning
,,,,incExp_managerleasingsalaries
,,,,incExp_maintenancesalaries
,,,,incExp_othersalaries
,,,,incExp_payrolltaxes
,,,,incExp_payrolltotal
,,,,incExp_groundsandsecurity
,,,,incExp_professionalservicesexp
,,,,incExp_generalandadministrative
,,,,incExp_nonrevenueunits
,,,,incExp_otherexpenses
,,,,incExp_reserves
,,,,incExp_deductreserves
,,,,incExp_expleasingcommissions
,,,,incExp_exptenantimprovements
,,,,incExp_GroundRentExp
,,,,incExp_totalexpenses
,,,,incExp_ExpensePerSF
,,,,incExp_ExpensePerUnit
,,,,incExp_expenseratio
,,,,incExp_noi
,,,,incExp_noipersf
,,,,incExp_noiperbed
,,,,incExp_noipergbam2
,,,,incExp_noiperrasf
,,,,incExp_noiperunit
,,,,incExp_noiperusablesf
,,,,Saleinfo_NIM
,,,,incExp_comments
,,,,Assessment_improvementassessment
,,,,Assessment_taxyear
,,,,Assessment_taxratecode
,,,,Assessment_taxrateper
,,,,Assessment_taxes
,,,,Assessment_marketvalue
,,,,Assessment_taxespersfgba
,,,,Assessment_taxesperra
,,,,Assessment_taxesperunit
,,,,Assessment_taxesperlandsf
,,,,Assessment_taxesperacre
,,,,Assessment_taxesperlandunit
,,,,Assessment_taxespergbam2
,,,,Assessment_taxesperram2
,,,,Assessment_taxesperhectares
,,,,Assessment_taxesperlandm2
,,,,Assessment_assessmentcomments
,,,,Assessment_assessorwebsite
,,,,Assessment_historicalassessedvalue1
,,,,Assessment_historicalassessedvalue2
,,,,Assessment_historicalassessedvalue3
,,,,Assessment_historicalassessedvalue4
,,,,Assessment_historicalimprovvalue1
,,,,Assessment_historicalimprovvalue2
,,,,Assessment_historicalimprovvalue3
,,,,Assessment_historicalimprovvalue4
,,,,Assessment_historicallandvalue1
,,,,Assessment_historicallandvalue2
,,,,Assessment_historicallandvalue3
,,,,Assessment_historicallandvalue4
,,,,Assessment_historicaltaxes1
,,,,Assessment_historicaltaxes2
,,,,Assessment_historicaltaxes3
,,,,Assessment_historicaltaxes4
,,,,Assessment_historicalyear1
,,,,Assessment_historicalyear2
,,,,Assessment_historicalyear3
,,,,Assessment_historicalyear4
