Source Tab,Source Field,Used By Tab,Used For
Change Log,Extracted from formula,File Info,Used in Template (T15)
Scope,Extracted from formula,"Dates, Premises",Used in Prior Services (I61)
Market Rent,Extracted from formula,"Contracts, History",Used in Unknown_Field_X107 (X107)
Market Rent,Extracted from formula,"Contracts, History",Used in Unknown_Field_AJ138 (AJ138)
Zoning,Extracted from formula,Site,Used in Zoning Change Likely? (EI358)
Cost,Extracted from formula,Improvements,Used in Number of Buildings (AB24)
Sales Approach,Extracted from formula,Improvements,Used in Building 1 (AB82)
MF Market Rent,Extracted from formula,Improvements,Used in Sum (AB92)
Site,Extracted from formula,Improvements,Used in Hide (AP234)
Site,Extracted from formula,Improvements,Used in Show (AQ234)
Site,Extracted from formula,Improvements,Used in Hide (AR234)
Site,Extracted from formula,Improvements,Used in Unknown_Field_AS234 (AS234)
Site,Extracted from formula,Improvements,Used in Hide (AT234)
Site,Extracted from formula,Improvements,Used in Hide (AU234)
Site,Extracted from formula,Improvements,Used in Hide (AV234)
Site,Extracted from formula,Improvements,Used in Hide (AW234)
Site,Extracted from formula,Improvements,Used in Hide (AY234)
Site,Extracted from formula,Improvements,Used in Hide (BA234)
Site,Extracted from formula,Improvements,Used in Hide (BA235)
DCF Proj1,Extracted from formula,Improvements,Used in Unknown_Field_EV765 (EV765)
DCF Proj1,Extracted from formula,Improvements,Used in Unknown_Field_EV766 (EV766)
"Dates, Premises",Extracted from formula,Improvements,Used in Auto (GL801)
"Dates, Premises",Extracted from formula,Improvements,Used in Auto (GM801)
"Dates, Premises",Extracted from formula,Improvements,Used in Auto (GN801)
"Dates, Premises",Extracted from formula,Improvements,Used in Deferred Maintenance (GL802)
"Dates, Premises",Extracted from formula,Improvements,Used in Deferred Maintenance (GM802)
"Dates, Premises",Extracted from formula,Improvements,Used in Deferred Maintenance (GN802)
NPV of AboveBelow Market Rent,Extracted from formula,Improvements,Used in NPV of Above/Below Market Rent (GI805)
NPV of AboveBelow Market Rent,Extracted from formula,Improvements,Used in NPV of Above/Below Market Rent (GJ805)
NPV of AboveBelow Market Rent,Extracted from formula,Improvements,Used in NPV of Above/Below Market Rent (GK805)
NPV of AboveBelow Market Rent,Extracted from formula,Improvements,Used in NPV of Above/Below Market Rent (GL805)
NPV of AboveBelow Market Rent,Extracted from formula,Improvements,Used in NPV of Above/Below Market Rent (GM805)
NPV of AboveBelow Market Rent,Extracted from formula,Improvements,Used in NPV of Above/Below Market Rent (GN805)
Site,Extracted from formula,Assessment,Used in Sum (T41)
Site,Extracted from formula,Assessment,Used in Sum (U41)
Site,Extracted from formula,Assessment,Used in Sum (V41)
Site,Extracted from formula,Assessment,Used in Sum (W41)
Site,Extracted from formula,Assessment,Used in Unknown_Field_X41 (X41)
Site,Extracted from formula,Assessment,Used in Unknown_Field_Y41 (Y41)
Site,Extracted from formula,Assessment,Used in Unknown_Field_Z41 (Z41)
Site,Extracted from formula,Assessment,Used in Unknown_Field_AA41 (AA41)
Site,Extracted from formula,Assessment,Used in Unknown_Field_AB41 (AB41)
Site,Extracted from formula,Assessment,Used in Unknown_Field_AC41 (AC41)
Site,Extracted from formula,Assessment,Used in Sum (T43)
Site,Extracted from formula,Assessment,Used in Sum (U43)
Site,Extracted from formula,Assessment,Used in Sum (V43)
Site,Extracted from formula,Assessment,Used in Sum (W43)
Site,Extracted from formula,Assessment,Used in Unknown_Field_X43 (X43)
Site,Extracted from formula,Assessment,Used in Unknown_Field_Y43 (Y43)
Site,Extracted from formula,Assessment,Used in Unknown_Field_Z43 (Z43)
Site,Extracted from formula,Assessment,Used in Unknown_Field_AA43 (AA43)
Site,Extracted from formula,Assessment,Used in Unknown_Field_AB43 (AB43)
Site,Extracted from formula,Assessment,Used in Unknown_Field_AC43 (AC43)
Market Rent,Extracted from formula,Assessment,Used in VeryHidden (BY111)
Market Rent,Extracted from formula,Assessment,Used in VeryHidden (BZ111)
Market Rent,Extracted from formula,Assessment,Used in VeryHidden (CA111)
Market Rent,Extracted from formula,Assessment,Used in VeryHidden (CB111)
Market Rent,Extracted from formula,Assessment,Used in VeryHidden (CC111)
Market Rent,Extracted from formula,Assessment,Used in VeryHidden (CD111)
Market Rent,Extracted from formula,Assessment,Used in VeryHidden (CE111)
Market Rent,Extracted from formula,Assessment,Used in Special Assessment (BV115)
Market Rent,Extracted from formula,Assessment,Used in Special Assessment (BW115)
Market Rent,Extracted from formula,Assessment,Used in Special Assessment (BX115)
Market Rent,Extracted from formula,Assessment,Used in Special Assessment (BY115)
Market Rent,Extracted from formula,Assessment,Used in Special Assessment (BZ115)
Market Rent,Extracted from formula,Assessment,Used in Special Assessment (CA115)
Market Rent,Extracted from formula,Assessment,Used in Special Assessment (CB115)
Market Rent,Extracted from formula,Assessment,Used in Special Assessment (CC115)
Market Rent,Extracted from formula,Assessment,Used in Special Assessment (CD115)
Market Rent,Extracted from formula,Assessment,Used in Special Assessment (CE115)
Market Rent,Extracted from formula,Assessment,Used in VeryHidden (DL172)
Market Rent,Extracted from formula,Assessment,Used in VeryHidden (DP172)
Market Rent,Extracted from formula,Assessment,Used in VeryHidden (DQ172)
ProForma,Extracted from formula,Assessment,Used in Auto (EE235)
ProForma,Extracted from formula,Assessment,Used in Unknown_Field_EA236 (EA236)
ProForma,Extracted from formula,Assessment,Used in Auto (EE236)
Value Allocation GC,Extracted from formula,Assessment,Used in Unknown_Field_FV279 (FV279)
"Dates, Premises",Extracted from formula,Assessment,Used in VeryHidden (FR289)
"Dates, Premises",Extracted from formula,Assessment,Used in Unknown_Field_FR300 (FR300)
"Dates, Premises",Extracted from formula,Assessment,Used in Unknown_Field_FR311 (FR311)
ProForma,Extracted from formula,Assessment,Used in Vacancy (GU318)
ProForma,Extracted from formula,Assessment,Used in Vacancy (GV318)
ProForma,Extracted from formula,Assessment,Used in Vacancy (GW318)
ProForma,Extracted from formula,Assessment,Used in Vacancy (GX318)
ProForma,Extracted from formula,Assessment,Used in Collection Loss (GU319)
ProForma,Extracted from formula,Assessment,Used in Collection Loss (GV319)
ProForma,Extracted from formula,Assessment,Used in Collection Loss (GW319)
ProForma,Extracted from formula,Assessment,Used in Collection Loss (GX319)
"Dates, Premises",Extracted from formula,Assessment,Used in VeryHidden (GV320)
"Dates, Premises",Extracted from formula,Assessment,Used in VeryHidden (GW320)
"Dates, Premises",Extracted from formula,Assessment,Used in VeryHidden (GX320)
PartnerLists,Extracted from formula,Land Valuation,Used in Round to Nearest (CD221)
DirectCapConclusion,Extracted from formula,Land Valuation,Used in Auto (FK293)
DirectCapConclusion,Extracted from formula,Land Valuation,Used in Land Value as % of As Is Value (FU310)
SaleCompProfileSetup,Extracted from formula,Land Comp Profiles,Used in VeryHidden (L1)
Improvements,Extracted from formula,Sales Grid,Used in WDIU (FD569)
Improvements,Extracted from formula,Sales Grid,Used in WDIU (FE569)
Improvements,Extracted from formula,Sales Grid,Used in WDH (FD570)
Improvements,Extracted from formula,Sales Grid,Used in WDH (FE570)
Improvements,Extracted from formula,Sales Grid,Used in DW (FD571)
Improvements,Extracted from formula,Sales Grid,Used in DW (FE571)
Improvements,Extracted from formula,Sales Grid,Used in DSP (FD572)
Improvements,Extracted from formula,Sales Grid,Used in DSP (FE572)
Improvements,Extracted from formula,Sales Grid,Used in TC (FD573)
Improvements,Extracted from formula,Sales Grid,Used in TC (FE573)
Improvements,Extracted from formula,Sales Grid,Used in SSA (FD574)
Improvements,Extracted from formula,Sales Grid,Used in SSA (FE574)
Improvements,Extracted from formula,Sales Grid,Used in RF (FD575)
Improvements,Extracted from formula,Sales Grid,Used in RF (FE575)
Improvements,Extracted from formula,Sales Grid,Used in SO (FD576)
Improvements,Extracted from formula,Sales Grid,Used in SO (FE576)
Improvements,Extracted from formula,Sales Grid,Used in MW (FD577)
Improvements,Extracted from formula,Sales Grid,Used in MW (FE577)
Improvements,Extracted from formula,Sales Grid,Used in CDB (FD578)
Improvements,Extracted from formula,Sales Grid,Used in CDB (FE578)
Improvements,Extracted from formula,Sales Grid,Used in FCC (FD579)
Improvements,Extracted from formula,Sales Grid,Used in FCC (FE579)
Improvements,Extracted from formula,Sales Grid,Used in FCO (FD580)
Improvements,Extracted from formula,Sales Grid,Used in FCO (FE580)
Improvements,Extracted from formula,Sales Grid,Used in FCW (FD581)
Improvements,Extracted from formula,Sales Grid,Used in FCW (FE581)
Improvements,Extracted from formula,Sales Grid,Used in FWC (FD582)
Improvements,Extracted from formula,Sales Grid,Used in FWC (FE582)
Improvements,Extracted from formula,Sales Grid,Used in FCV (FD583)
Improvements,Extracted from formula,Sales Grid,Used in FCV (FE583)
Improvements,Extracted from formula,Sales Grid,Used in FCT (FD584)
Improvements,Extracted from formula,Sales Grid,Used in FCT (FE584)
Improvements,Extracted from formula,Sales Grid,Used in WCB (FD585)
Improvements,Extracted from formula,Sales Grid,Used in WCB (FE585)
Improvements,Extracted from formula,Sales Grid,Used in WCS (FD586)
Improvements,Extracted from formula,Sales Grid,Used in WCS (FE586)
Improvements,Extracted from formula,Sales Grid,Used in WCD (FD587)
Improvements,Extracted from formula,Sales Grid,Used in WCD (FE587)
Improvements,Extracted from formula,Sales Grid,Used in AC (FD588)
Improvements,Extracted from formula,Sales Grid,Used in AC (FE588)
Improvements,Extracted from formula,Sales Grid,Used in CEN (FD589)
Improvements,Extracted from formula,Sales Grid,Used in CEN (FE589)
Improvements,Extracted from formula,Sales Grid,Used in WIWU (FD590)
Improvements,Extracted from formula,Sales Grid,Used in WIWU (FE590)
Improvements,Extracted from formula,Sales Grid,Used in WIC (FD591)
Improvements,Extracted from formula,Sales Grid,Used in WIC (FE591)
Improvements,Extracted from formula,Sales Grid,Used in SIU (FD592)
Improvements,Extracted from formula,Sales Grid,Used in SIU (FE592)
Improvements,Extracted from formula,Sales Grid,Used in PB (FD593)
Improvements,Extracted from formula,Sales Grid,Used in PB (FE593)
Improvements,Extracted from formula,Sales Grid,Used in FP (FD594)
Improvements,Extracted from formula,Sales Grid,Used in FP (FE594)
Improvements,Extracted from formula,Sales Grid,Used in VC (FD595)
Improvements,Extracted from formula,Sales Grid,Used in VC (FE595)
Improvements,Extracted from formula,Sales Grid,Used in GC (FD596)
Improvements,Extracted from formula,Sales Grid,Used in GC (FE596)
Improvements,Extracted from formula,Sales Grid,Used in CF (FD597)
Improvements,Extracted from formula,Sales Grid,Used in CF (FE597)
Improvements,Extracted from formula,Sales Grid,Used in AF (FD598)
Improvements,Extracted from formula,Sales Grid,Used in AF (FE598)
Improvements,Extracted from formula,Sales Grid,Used in EPC (FD599)
Improvements,Extracted from formula,Sales Grid,Used in EPC (FE599)
Improvements,Extracted from formula,Sales Grid,Used in SEC (FD600)
Improvements,Extracted from formula,Sales Grid,Used in SEC (FE600)
Improvements,Extracted from formula,Sales Grid,Used in Hide (FD601)
Improvements,Extracted from formula,Sales Grid,Used in Hide (FE601)
Improvements,Extracted from formula,Sales Grid,Used in Hide (FD602)
Improvements,Extracted from formula,Sales Grid,Used in Hide (FE602)
Improvements,Extracted from formula,Sales Grid,Used in Hide (FD603)
Improvements,Extracted from formula,Sales Grid,Used in Hide (FE603)
Improvements,Extracted from formula,Sales Grid,Used in Hide (FD604)
Improvements,Extracted from formula,Sales Grid,Used in Hide (FE604)
Improvements,Extracted from formula,Sales Grid,Used in GUB (FD608)
Improvements,Extracted from formula,Sales Grid,Used in GUB (FE608)
Improvements,Extracted from formula,Sales Grid,Used in CP (FD609)
Improvements,Extracted from formula,Sales Grid,Used in CP (FE609)
Improvements,Extracted from formula,Sales Grid,Used in CSS (FD610)
Improvements,Extracted from formula,Sales Grid,Used in CSS (FE610)
Improvements,Extracted from formula,Sales Grid,Used in PL (FD611)
Improvements,Extracted from formula,Sales Grid,Used in PL (FE611)
Improvements,Extracted from formula,Sales Grid,Used in BC (FD612)
Improvements,Extracted from formula,Sales Grid,Used in BC (FE612)
Improvements,Extracted from formula,Sales Grid,Used in MR (FD613)
Improvements,Extracted from formula,Sales Grid,Used in MR (FE613)
Improvements,Extracted from formula,Sales Grid,Used in FR (FD614)
Improvements,Extracted from formula,Sales Grid,Used in FR (FE614)
Improvements,Extracted from formula,Sales Grid,Used in TC (FD615)
Improvements,Extracted from formula,Sales Grid,Used in TC (FE615)
Improvements,Extracted from formula,Sales Grid,Used in VB (FD616)
Improvements,Extracted from formula,Sales Grid,Used in VB (FE616)
Improvements,Extracted from formula,Sales Grid,Used in BB (FD617)
Improvements,Extracted from formula,Sales Grid,Used in BB (FE617)
Improvements,Extracted from formula,Sales Grid,Used in RQB (FD618)
Improvements,Extracted from formula,Sales Grid,Used in RQB (FE618)
Improvements,Extracted from formula,Sales Grid,Used in BR (FD619)
Improvements,Extracted from formula,Sales Grid,Used in BR (FE619)
Improvements,Extracted from formula,Sales Grid,Used in DR (FD620)
Improvements,Extracted from formula,Sales Grid,Used in DR (FE620)
Improvements,Extracted from formula,Sales Grid,Used in CRB (FD621)
Improvements,Extracted from formula,Sales Grid,Used in CRB (FE621)
Improvements,Extracted from formula,Sales Grid,Used in PG (FD622)
Improvements,Extracted from formula,Sales Grid,Used in PG (FE622)
Improvements,Extracted from formula,Sales Grid,Used in MTR (FD623)
Improvements,Extracted from formula,Sales Grid,Used in MTR (FE623)
Improvements,Extracted from formula,Sales Grid,Used in SP (FD624)
Improvements,Extracted from formula,Sales Grid,Used in SP (FE624)
Improvements,Extracted from formula,Sales Grid,Used in SHT (FD625)
Improvements,Extracted from formula,Sales Grid,Used in SHT (FE625)
Improvements,Extracted from formula,Sales Grid,Used in SNA (FD626)
Improvements,Extracted from formula,Sales Grid,Used in SNA (FE626)
Improvements,Extracted from formula,Sales Grid,Used in SEC (FD627)
Improvements,Extracted from formula,Sales Grid,Used in SEC (FE627)
Improvements,Extracted from formula,Sales Grid,Used in GE (FD628)
Improvements,Extracted from formula,Sales Grid,Used in GE (FE628)
Improvements,Extracted from formula,Sales Grid,Used in NN (FD629)
Improvements,Extracted from formula,Sales Grid,Used in NN (FE629)
Improvements,Extracted from formula,Sales Grid,Used in SC (FD630)
Improvements,Extracted from formula,Sales Grid,Used in SC (FE630)
Improvements,Extracted from formula,Sales Grid,Used in NSS (FD631)
Improvements,Extracted from formula,Sales Grid,Used in NSS (FE631)
Improvements,Extracted from formula,Sales Grid,Used in LF (FD632)
Improvements,Extracted from formula,Sales Grid,Used in LF (FE632)
Improvements,Extracted from formula,Sales Grid,Used in STG (FD633)
Improvements,Extracted from formula,Sales Grid,Used in STG (FE633)
Improvements,Extracted from formula,Sales Grid,Used in Package Management System (FE634)
Improvements,Extracted from formula,Sales Grid,Used in Hide (FD635)
Improvements,Extracted from formula,Sales Grid,Used in Hide (FE635)
Improvements,Extracted from formula,Sales Grid,Used in Hide (FD636)
Improvements,Extracted from formula,Sales Grid,Used in Hide (FE636)
Improvements,Extracted from formula,Sales Approach,Used in Unknown_Field_FU123 (FU123)
Improvements,Extracted from formula,Sales Approach,Used in Unknown_Field_FV123 (FV123)
Improvements,Extracted from formula,Sales Approach,Used in Unknown_Field_FW123 (FW123)
Improvements,Extracted from formula,Sales Approach,Used in Unknown_Field_FX123 (FX123)
Improvements,Extracted from formula,Sales Approach,Used in Unknown_Field_FY123 (FY123)
Improvements,Extracted from formula,Sales Approach,Used in Unknown_Field_FZ123 (FZ123)
Improvements,Extracted from formula,Sales Approach,Used in Unknown_Field_GA123 (GA123)
Improvements,Extracted from formula,Sales Approach,Used in Unknown_Field_GB123 (GB123)
Improvements,Extracted from formula,Sales Approach,Used in Unknown_Field_GC123 (GC123)
Improvements,Extracted from formula,Sales Approach,Used in Unknown_Field_GD123 (GD123)
Improvements,Extracted from formula,Sales Approach,Used in Unknown_Field_GE123 (GE123)
Improvements,Extracted from formula,Sales Approach,Used in Unknown_Field_GF123 (GF123)
Improvements,Extracted from formula,Sales Approach,Used in Unknown_Field_GG123 (GG123)
Improvements,Extracted from formula,Sales Approach,Used in Unknown_Field_GH123 (GH123)
Improvements,Extracted from formula,Sales Approach,Used in Unknown_Field_GI123 (GI123)
Improvements,Extracted from formula,Sales Approach,Used in Unknown_Field_GJ123 (GJ123)
Improvements,Extracted from formula,Sales Approach,Used in Unknown_Field_GK123 (GK123)
Improvements,Extracted from formula,Sales Approach,Used in Unknown_Field_GL123 (GL123)
Improvements,Extracted from formula,Sales Approach,Used in Unknown_Field_GM123 (GM123)
Improvements,Extracted from formula,Sales Approach,Used in Unknown_Field_GN123 (GN123)
Improvements,Extracted from formula,Sales Approach,Used in Unknown_Field_GO123 (GO123)
Improvements,Extracted from formula,Sales Approach,Used in Unknown_Field_GP123 (GP123)
Improvements,Extracted from formula,Sales Approach,Used in Unknown_Field_GQ123 (GQ123)
Improvements,Extracted from formula,Sales Approach,Used in Unknown_Field_GR123 (GR123)
Improvements,Extracted from formula,Sales Approach,Used in Unknown_Field_GS123 (GS123)
Improvements,Extracted from formula,Sales Approach,Used in Unknown_Field_GT123 (GT123)
Improvements,Extracted from formula,Sales Approach,Used in Unknown_Field_GU123 (GU123)
Improvements,Extracted from formula,Sales Approach,Used in Unknown_Field_GV123 (GV123)
Improvements,Extracted from formula,Sales Approach,Used in Unknown_Field_GW123 (GW123)
Improvements,Extracted from formula,Sales Approach,Used in Unknown_Field_GX123 (GX123)
Improvements,Extracted from formula,Sales Approach,Used in Unknown_Field_GY123 (GY123)
Improvements,Extracted from formula,Sales Approach,Used in Unknown_Field_GZ123 (GZ123)
Improvements,Extracted from formula,Sales Approach,Used in Unknown_Field_HA123 (HA123)
Improvements,Extracted from formula,Sales Approach,Used in Unknown_Field_HB123 (HB123)
Improvements,Extracted from formula,Sales Approach,Used in Unknown_Field_HC123 (HC123)
Improvements,Extracted from formula,Sales Approach,Used in Unknown_Field_HD123 (HD123)
Improvements,Extracted from formula,Sales Approach,Used in Unknown_Field_HE123 (HE123)
Improvements,Extracted from formula,Sales Approach,Used in Unknown_Field_HF123 (HF123)
Improvements,Extracted from formula,Sales Approach,Used in Unknown_Field_HG123 (HG123)
Improvements,Extracted from formula,Sales Approach,Used in Unknown_Field_HH123 (HH123)
Improvements,Extracted from formula,Sales Approach,Used in Unknown_Field_HI123 (HI123)
Improvements,Extracted from formula,Sales Approach,Used in Unknown_Field_HJ123 (HJ123)
Improvements,Extracted from formula,Sales Approach,Used in Unknown_Field_HK123 (HK123)
Improvements,Extracted from formula,Sales Approach,Used in Unknown_Field_HL123 (HL123)
Improvements,Extracted from formula,Sales Approach,Used in Unknown_Field_HM123 (HM123)
Improvements,Extracted from formula,Sales Approach,Used in Unknown_Field_HN123 (HN123)
Improvements,Extracted from formula,Sales Approach,Used in Unknown_Field_HO123 (HO123)
Improvements,Extracted from formula,Sales Approach,Used in Unknown_Field_HP123 (HP123)
Improvements,Extracted from formula,Sales Approach,Used in Unknown_Field_HQ123 (HQ123)
Improvements,Extracted from formula,Sales Approach,Used in Unknown_Field_HR123 (HR123)
Improvements,Extracted from formula,Sales Approach,Used in Unknown_Field_HS123 (HS123)
Improvements,Extracted from formula,Sales Approach,Used in Unknown_Field_HT123 (HT123)
Improvements,Extracted from formula,Sales Approach,Used in Unknown_Field_HU123 (HU123)
Improvements,Extracted from formula,Sales Approach,Used in Unknown_Field_HV123 (HV123)
Improvements,Extracted from formula,Sales Approach,Used in Unknown_Field_HW123 (HW123)
Improvements,Extracted from formula,Sales Approach,Used in Unknown_Field_HX123 (HX123)
Improvements,Extracted from formula,Sales Approach,Used in Unknown_Field_HY123 (HY123)
Improvements,Extracted from formula,Sales Approach,Used in Unknown_Field_HZ123 (HZ123)
Improvements,Extracted from formula,Sales Approach,Used in Unknown_Field_IA123 (IA123)
Improvements,Extracted from formula,Sales Approach,Used in Unknown_Field_IB123 (IB123)
Improvements,Extracted from formula,Sales Approach,Used in Unknown_Field_IC123 (IC123)
Improvements,Extracted from formula,Sales Approach,Used in Unknown_Field_ID123 (ID123)
Improvements,Extracted from formula,Sales Approach,Used in Unknown_Field_IE123 (IE123)
Improvements,Extracted from formula,Sales Approach,Used in Unknown_Field_IF123 (IF123)
Improvements,Extracted from formula,Sales Approach,Used in Unknown_Field_IG123 (IG123)
Improvements,Extracted from formula,Sales Approach,Used in Unknown_Field_IH123 (IH123)
Improvements,Extracted from formula,Sales Approach,Used in Unknown_Field_II123 (II123)
Improvements,Extracted from formula,Sales Approach,Used in Unknown_Field_IJ123 (IJ123)
Improvements,Extracted from formula,Sales Approach,Used in Unknown_Field_IK123 (IK123)
Improvements,Extracted from formula,Sales Approach,Used in Unknown_Field_IL123 (IL123)
Improvements,Extracted from formula,Sales Approach,Used in Unknown_Field_IM123 (IM123)
Improvements,Extracted from formula,Sales Approach,Used in Unknown_Field_IN123 (IN123)
Improvements,Extracted from formula,Sales Approach,Used in Unknown_Field_IO123 (IO123)
Improvements,Extracted from formula,Sales Approach,Used in Unknown_Field_IP123 (IP123)
Improvements,Extracted from formula,Sales Approach,Used in Unknown_Field_IQ123 (IQ123)
Improvements,Extracted from formula,Sales Approach,Used in Unknown_Field_IR123 (IR123)
Improvements,Extracted from formula,Sales Approach,Used in Unknown_Field_IS123 (IS123)
Improvements,Extracted from formula,Sales Approach,Used in Unknown_Field_IT123 (IT123)
Improvements,Extracted from formula,Sales Approach,Used in Unknown_Field_IU123 (IU123)
Improvements,Extracted from formula,Sales Approach,Used in Unknown_Field_IV123 (IV123)
Improvements,Extracted from formula,Sales Approach,Used in Unknown_Field_IW123 (IW123)
Improvements,Extracted from formula,Sales Approach,Used in Unknown_Field_IX123 (IX123)
Improvements,Extracted from formula,Sales Approach,Used in Unknown_Field_IY123 (IY123)
Improvements,Extracted from formula,Sales Approach,Used in Unknown_Field_IZ123 (IZ123)
Improvements,Extracted from formula,Sales Approach,Used in Unknown_Field_JA123 (JA123)
Improvements,Extracted from formula,Sales Approach,Used in Unknown_Field_JB123 (JB123)
Improvements,Extracted from formula,Sales Approach,Used in Unknown_Field_JC123 (JC123)
Improvements,Extracted from formula,Sales Approach,Used in Unknown_Field_JD123 (JD123)
Improvements,Extracted from formula,Sales Approach,Used in Unknown_Field_JE123 (JE123)
Improvements,Extracted from formula,Sales Approach,Used in Unknown_Field_JF123 (JF123)
Improvements,Extracted from formula,Sales Approach,Used in Unknown_Field_JG123 (JG123)
Improvements,Extracted from formula,Sales Approach,Used in Unknown_Field_JH123 (JH123)
Improvements,Extracted from formula,Sales Approach,Used in Unknown_Field_JI123 (JI123)
Improvements,Extracted from formula,Sales Approach,Used in Unknown_Field_JJ123 (JJ123)
Improvements,Extracted from formula,Sales Approach,Used in Unknown_Field_JK123 (JK123)
Improvements,Extracted from formula,Sales Approach,Used in Unknown_Field_JL123 (JL123)
Improvements,Extracted from formula,Sales Approach,Used in Unknown_Field_JM123 (JM123)
Improvements,Extracted from formula,Sales Approach,Used in Unknown_Field_JN123 (JN123)
Improvements,Extracted from formula,Sales Approach,Used in Unknown_Field_JO123 (JO123)
Improvements,Extracted from formula,Sales Approach,Used in Unknown_Field_JP123 (JP123)
Improvements,Extracted from formula,Sales Approach,Used in Unknown_Field_JQ123 (JQ123)
Improvements,Extracted from formula,Sales Approach,Used in Unknown_Field_JR123 (JR123)
Improvements,Extracted from formula,Sales Approach,Used in Unknown_Field_JS123 (JS123)
Improvements,Extracted from formula,Sales Approach,Used in Unknown_Field_JT123 (JT123)
Improvements,Extracted from formula,Sales Approach,Used in Unknown_Field_JU123 (JU123)
Improvements,Extracted from formula,Sales Approach,Used in Unknown_Field_JV123 (JV123)
Improvements,Extracted from formula,Sales Approach,Used in Unknown_Field_JW123 (JW123)
Improvements,Extracted from formula,Sales Approach,Used in Unknown_Field_JX123 (JX123)
Improvements,Extracted from formula,Sales Approach,Used in Unknown_Field_JY123 (JY123)
Improvements,Extracted from formula,Sales Approach,Used in Unknown_Field_JZ123 (JZ123)
Improvements,Extracted from formula,Sales Approach,Used in Unknown_Field_KA123 (KA123)
Improvements,Extracted from formula,Sales Approach,Used in Unknown_Field_KB123 (KB123)
Improvements,Extracted from formula,Sales Approach,Used in Unknown_Field_KC123 (KC123)
Improvements,Extracted from formula,Sales Approach,Used in Unknown_Field_KD123 (KD123)
Improvements,Extracted from formula,Sales Approach,Used in Unknown_Field_KE123 (KE123)
Improvements,Extracted from formula,Sales Approach,Used in Unknown_Field_KF123 (KF123)
Improvements,Extracted from formula,Sales Approach,Used in Unknown_Field_KG123 (KG123)
Improvements,Extracted from formula,Sales Approach,Used in Unknown_Field_KH123 (KH123)
Improvements,Extracted from formula,Sales Approach,Used in Unknown_Field_KI123 (KI123)
Improvements,Extracted from formula,Sales Approach,Used in Unknown_Field_KJ123 (KJ123)
Improvements,Extracted from formula,Sales Approach,Used in Unknown_Field_KK123 (KK123)
Improvements,Extracted from formula,Sales Approach,Used in Unknown_Field_KL123 (KL123)
Improvements,Extracted from formula,Sales Approach,Used in Unknown_Field_KM123 (KM123)
Improvements,Extracted from formula,Sales Approach,Used in Unknown_Field_KN123 (KN123)
Improvements,Extracted from formula,Sales Approach,Used in Unknown_Field_KO123 (KO123)
Improvements,Extracted from formula,Sales Approach,Used in Unknown_Field_KP123 (KP123)
Improvements,Extracted from formula,Sales Approach,Used in Unknown_Field_KQ123 (KQ123)
Improvements,Extracted from formula,Sales Approach,Used in Unknown_Field_KR123 (KR123)
Improvements,Extracted from formula,Sales Approach,Used in Unknown_Field_KS123 (KS123)
Improvements,Extracted from formula,Sales Approach,Used in Unknown_Field_KT123 (KT123)
Improvements,Extracted from formula,Sales Approach,Used in Unknown_Field_KU123 (KU123)
Improvements,Extracted from formula,Sales Approach,Used in Unknown_Field_KV123 (KV123)
Improvements,Extracted from formula,Sales Approach,Used in Unknown_Field_KW123 (KW123)
Improvements,Extracted from formula,Sales Approach,Used in Unknown_Field_KX123 (KX123)
Improvements,Extracted from formula,Sales Approach,Used in Unknown_Field_KY123 (KY123)
Improvements,Extracted from formula,Sales Approach,Used in Unknown_Field_KZ123 (KZ123)
Improvements,Extracted from formula,Sales Approach,Used in Unknown_Field_LA123 (LA123)
Improvements,Extracted from formula,Sales Approach,Used in Unknown_Field_LB123 (LB123)
Improvements,Extracted from formula,Sales Approach,Used in Unknown_Field_LC123 (LC123)
Improvements,Extracted from formula,Sales Approach,Used in Unknown_Field_LD123 (LD123)
Improvements,Extracted from formula,Sales Approach,Used in Unknown_Field_LE123 (LE123)
Improvements,Extracted from formula,Sales Approach,Used in Unknown_Field_LF123 (LF123)
Improvements,Extracted from formula,Sales Approach,Used in Unknown_Field_LG123 (LG123)
Improvements,Extracted from formula,Sales Approach,Used in Unknown_Field_LH123 (LH123)
Improvements,Extracted from formula,Sales Approach,Used in Unknown_Field_LI123 (LI123)
Improvements,Extracted from formula,Sales Approach,Used in Unknown_Field_LJ123 (LJ123)
Improvements,Extracted from formula,Sales Approach,Used in Unknown_Field_FU124 (FU124)
Improvements,Extracted from formula,Sales Approach,Used in Unknown_Field_FV124 (FV124)
Improvements,Extracted from formula,Sales Approach,Used in Unknown_Field_FW124 (FW124)
Improvements,Extracted from formula,Sales Approach,Used in Unknown_Field_FX124 (FX124)
Improvements,Extracted from formula,Sales Approach,Used in Unknown_Field_FY124 (FY124)
Improvements,Extracted from formula,Sales Approach,Used in Unknown_Field_FZ124 (FZ124)
Improvements,Extracted from formula,Sales Approach,Used in Unknown_Field_GA124 (GA124)
Improvements,Extracted from formula,Sales Approach,Used in Unknown_Field_GB124 (GB124)
Improvements,Extracted from formula,Sales Approach,Used in Unknown_Field_GC124 (GC124)
Improvements,Extracted from formula,Sales Approach,Used in Unknown_Field_GD124 (GD124)
Improvements,Extracted from formula,Sales Approach,Used in Unknown_Field_GE124 (GE124)
Improvements,Extracted from formula,Sales Approach,Used in Unknown_Field_GF124 (GF124)
Improvements,Extracted from formula,Sales Approach,Used in Unknown_Field_GG124 (GG124)
Improvements,Extracted from formula,Sales Approach,Used in Unknown_Field_GH124 (GH124)
Improvements,Extracted from formula,Sales Approach,Used in Unknown_Field_GI124 (GI124)
Improvements,Extracted from formula,Sales Approach,Used in Unknown_Field_GJ124 (GJ124)
Improvements,Extracted from formula,Sales Approach,Used in Unknown_Field_GK124 (GK124)
Improvements,Extracted from formula,Sales Approach,Used in Unknown_Field_GL124 (GL124)
Improvements,Extracted from formula,Sales Approach,Used in Unknown_Field_GM124 (GM124)
Improvements,Extracted from formula,Sales Approach,Used in Unknown_Field_GN124 (GN124)
Improvements,Extracted from formula,Sales Approach,Used in Unknown_Field_GO124 (GO124)
Improvements,Extracted from formula,Sales Approach,Used in Unknown_Field_GP124 (GP124)
Improvements,Extracted from formula,Sales Approach,Used in Unknown_Field_GQ124 (GQ124)
Improvements,Extracted from formula,Sales Approach,Used in Unknown_Field_GR124 (GR124)
Improvements,Extracted from formula,Sales Approach,Used in Unknown_Field_GS124 (GS124)
Improvements,Extracted from formula,Sales Approach,Used in Unknown_Field_GT124 (GT124)
Improvements,Extracted from formula,Sales Approach,Used in Unknown_Field_GU124 (GU124)
Improvements,Extracted from formula,Sales Approach,Used in Unknown_Field_GV124 (GV124)
Improvements,Extracted from formula,Sales Approach,Used in Unknown_Field_GW124 (GW124)
Improvements,Extracted from formula,Sales Approach,Used in Unknown_Field_GX124 (GX124)
Improvements,Extracted from formula,Sales Approach,Used in Unknown_Field_GY124 (GY124)
Improvements,Extracted from formula,Sales Approach,Used in Unknown_Field_GZ124 (GZ124)
Improvements,Extracted from formula,Sales Approach,Used in Unknown_Field_HA124 (HA124)
Improvements,Extracted from formula,Sales Approach,Used in Unknown_Field_HB124 (HB124)
Improvements,Extracted from formula,Sales Approach,Used in Unknown_Field_HC124 (HC124)
Improvements,Extracted from formula,Sales Approach,Used in Unknown_Field_HD124 (HD124)
Improvements,Extracted from formula,Sales Approach,Used in Unknown_Field_HE124 (HE124)
Improvements,Extracted from formula,Sales Approach,Used in Unknown_Field_HF124 (HF124)
Improvements,Extracted from formula,Sales Approach,Used in Unknown_Field_HG124 (HG124)
Improvements,Extracted from formula,Sales Approach,Used in Unknown_Field_HH124 (HH124)
Improvements,Extracted from formula,Sales Approach,Used in Unknown_Field_HI124 (HI124)
Improvements,Extracted from formula,Sales Approach,Used in Unknown_Field_HJ124 (HJ124)
Improvements,Extracted from formula,Sales Approach,Used in Unknown_Field_HK124 (HK124)
Improvements,Extracted from formula,Sales Approach,Used in Unknown_Field_HL124 (HL124)
Improvements,Extracted from formula,Sales Approach,Used in Unknown_Field_HM124 (HM124)
Improvements,Extracted from formula,Sales Approach,Used in Unknown_Field_HN124 (HN124)
Improvements,Extracted from formula,Sales Approach,Used in Unknown_Field_HO124 (HO124)
Improvements,Extracted from formula,Sales Approach,Used in Unknown_Field_HP124 (HP124)
Improvements,Extracted from formula,Sales Approach,Used in Unknown_Field_HQ124 (HQ124)
Improvements,Extracted from formula,Sales Approach,Used in Unknown_Field_HR124 (HR124)
Improvements,Extracted from formula,Sales Approach,Used in Unknown_Field_HS124 (HS124)
Improvements,Extracted from formula,Sales Approach,Used in Unknown_Field_HT124 (HT124)
Improvements,Extracted from formula,Sales Approach,Used in Unknown_Field_HU124 (HU124)
Improvements,Extracted from formula,Sales Approach,Used in Unknown_Field_HV124 (HV124)
Improvements,Extracted from formula,Sales Approach,Used in Unknown_Field_HW124 (HW124)
Improvements,Extracted from formula,Sales Approach,Used in Unknown_Field_HX124 (HX124)
Improvements,Extracted from formula,Sales Approach,Used in Unknown_Field_HY124 (HY124)
Improvements,Extracted from formula,Sales Approach,Used in Unknown_Field_HZ124 (HZ124)
Improvements,Extracted from formula,Sales Approach,Used in Unknown_Field_IA124 (IA124)
Improvements,Extracted from formula,Sales Approach,Used in Unknown_Field_IB124 (IB124)
Improvements,Extracted from formula,Sales Approach,Used in Unknown_Field_IC124 (IC124)
Improvements,Extracted from formula,Sales Approach,Used in Unknown_Field_ID124 (ID124)
Improvements,Extracted from formula,Sales Approach,Used in Unknown_Field_IE124 (IE124)
Improvements,Extracted from formula,Sales Approach,Used in Unknown_Field_IF124 (IF124)
Improvements,Extracted from formula,Sales Approach,Used in Unknown_Field_IG124 (IG124)
Improvements,Extracted from formula,Sales Approach,Used in Unknown_Field_IH124 (IH124)
Improvements,Extracted from formula,Sales Approach,Used in Unknown_Field_II124 (II124)
Improvements,Extracted from formula,Sales Approach,Used in Unknown_Field_IJ124 (IJ124)
Improvements,Extracted from formula,Sales Approach,Used in Unknown_Field_IK124 (IK124)
Improvements,Extracted from formula,Sales Approach,Used in Unknown_Field_IL124 (IL124)
Improvements,Extracted from formula,Sales Approach,Used in Unknown_Field_IM124 (IM124)
Improvements,Extracted from formula,Sales Approach,Used in Unknown_Field_IN124 (IN124)
Improvements,Extracted from formula,Sales Approach,Used in Unknown_Field_IO124 (IO124)
Improvements,Extracted from formula,Sales Approach,Used in Unknown_Field_IP124 (IP124)
Improvements,Extracted from formula,Sales Approach,Used in Unknown_Field_IQ124 (IQ124)
Improvements,Extracted from formula,Sales Approach,Used in Unknown_Field_IR124 (IR124)
Improvements,Extracted from formula,Sales Approach,Used in Unknown_Field_IS124 (IS124)
Improvements,Extracted from formula,Sales Approach,Used in Unknown_Field_IT124 (IT124)
Improvements,Extracted from formula,Sales Approach,Used in Unknown_Field_IU124 (IU124)
Improvements,Extracted from formula,Sales Approach,Used in Unknown_Field_IV124 (IV124)
Improvements,Extracted from formula,Sales Approach,Used in Unknown_Field_IW124 (IW124)
Improvements,Extracted from formula,Sales Approach,Used in Unknown_Field_IX124 (IX124)
Improvements,Extracted from formula,Sales Approach,Used in Unknown_Field_IY124 (IY124)
Improvements,Extracted from formula,Sales Approach,Used in Unknown_Field_IZ124 (IZ124)
Improvements,Extracted from formula,Sales Approach,Used in Unknown_Field_JA124 (JA124)
Improvements,Extracted from formula,Sales Approach,Used in Unknown_Field_JB124 (JB124)
Improvements,Extracted from formula,Sales Approach,Used in Unknown_Field_JC124 (JC124)
Improvements,Extracted from formula,Sales Approach,Used in Unknown_Field_JD124 (JD124)
Improvements,Extracted from formula,Sales Approach,Used in Unknown_Field_JE124 (JE124)
Improvements,Extracted from formula,Sales Approach,Used in Unknown_Field_JF124 (JF124)
Improvements,Extracted from formula,Sales Approach,Used in Unknown_Field_JG124 (JG124)
Improvements,Extracted from formula,Sales Approach,Used in Unknown_Field_JH124 (JH124)
Improvements,Extracted from formula,Sales Approach,Used in Unknown_Field_JI124 (JI124)
Improvements,Extracted from formula,Sales Approach,Used in Unknown_Field_JJ124 (JJ124)
Improvements,Extracted from formula,Sales Approach,Used in Unknown_Field_JK124 (JK124)
Improvements,Extracted from formula,Sales Approach,Used in Unknown_Field_JL124 (JL124)
Improvements,Extracted from formula,Sales Approach,Used in Unknown_Field_JM124 (JM124)
Improvements,Extracted from formula,Sales Approach,Used in Unknown_Field_JN124 (JN124)
Improvements,Extracted from formula,Sales Approach,Used in Unknown_Field_JO124 (JO124)
Improvements,Extracted from formula,Sales Approach,Used in Unknown_Field_JP124 (JP124)
Improvements,Extracted from formula,Sales Approach,Used in Unknown_Field_JQ124 (JQ124)
Improvements,Extracted from formula,Sales Approach,Used in Unknown_Field_JR124 (JR124)
Improvements,Extracted from formula,Sales Approach,Used in Unknown_Field_JS124 (JS124)
Improvements,Extracted from formula,Sales Approach,Used in Unknown_Field_JT124 (JT124)
Improvements,Extracted from formula,Sales Approach,Used in Unknown_Field_JU124 (JU124)
Improvements,Extracted from formula,Sales Approach,Used in Unknown_Field_JV124 (JV124)
Improvements,Extracted from formula,Sales Approach,Used in Unknown_Field_JW124 (JW124)
Improvements,Extracted from formula,Sales Approach,Used in Unknown_Field_JX124 (JX124)
Improvements,Extracted from formula,Sales Approach,Used in Unknown_Field_JY124 (JY124)
Improvements,Extracted from formula,Sales Approach,Used in Unknown_Field_JZ124 (JZ124)
Improvements,Extracted from formula,Sales Approach,Used in Unknown_Field_KA124 (KA124)
Improvements,Extracted from formula,Sales Approach,Used in Unknown_Field_KB124 (KB124)
Improvements,Extracted from formula,Sales Approach,Used in Unknown_Field_KC124 (KC124)
Improvements,Extracted from formula,Sales Approach,Used in Unknown_Field_KD124 (KD124)
Improvements,Extracted from formula,Sales Approach,Used in Unknown_Field_KE124 (KE124)
Improvements,Extracted from formula,Sales Approach,Used in Unknown_Field_KF124 (KF124)
Improvements,Extracted from formula,Sales Approach,Used in Unknown_Field_KG124 (KG124)
Improvements,Extracted from formula,Sales Approach,Used in Unknown_Field_KH124 (KH124)
Improvements,Extracted from formula,Sales Approach,Used in Unknown_Field_KI124 (KI124)
Improvements,Extracted from formula,Sales Approach,Used in Unknown_Field_KJ124 (KJ124)
Improvements,Extracted from formula,Sales Approach,Used in Unknown_Field_KK124 (KK124)
Improvements,Extracted from formula,Sales Approach,Used in Unknown_Field_KL124 (KL124)
Improvements,Extracted from formula,Sales Approach,Used in Unknown_Field_KM124 (KM124)
Improvements,Extracted from formula,Sales Approach,Used in Unknown_Field_KN124 (KN124)
Improvements,Extracted from formula,Sales Approach,Used in Unknown_Field_KO124 (KO124)
Improvements,Extracted from formula,Sales Approach,Used in Unknown_Field_KP124 (KP124)
Improvements,Extracted from formula,Sales Approach,Used in Unknown_Field_KQ124 (KQ124)
Improvements,Extracted from formula,Sales Approach,Used in Unknown_Field_KR124 (KR124)
Improvements,Extracted from formula,Sales Approach,Used in Unknown_Field_KS124 (KS124)
Improvements,Extracted from formula,Sales Approach,Used in Unknown_Field_KT124 (KT124)
Improvements,Extracted from formula,Sales Approach,Used in Unknown_Field_KU124 (KU124)
Improvements,Extracted from formula,Sales Approach,Used in Unknown_Field_KV124 (KV124)
Improvements,Extracted from formula,Sales Approach,Used in Unknown_Field_KW124 (KW124)
Improvements,Extracted from formula,Sales Approach,Used in Unknown_Field_KX124 (KX124)
Improvements,Extracted from formula,Sales Approach,Used in Unknown_Field_KY124 (KY124)
Improvements,Extracted from formula,Sales Approach,Used in Unknown_Field_KZ124 (KZ124)
Improvements,Extracted from formula,Sales Approach,Used in Unknown_Field_LA124 (LA124)
Improvements,Extracted from formula,Sales Approach,Used in Unknown_Field_LB124 (LB124)
Improvements,Extracted from formula,Sales Approach,Used in Unknown_Field_LC124 (LC124)
Improvements,Extracted from formula,Sales Approach,Used in Unknown_Field_LD124 (LD124)
Improvements,Extracted from formula,Sales Approach,Used in Unknown_Field_LE124 (LE124)
Improvements,Extracted from formula,Sales Approach,Used in Unknown_Field_LF124 (LF124)
Improvements,Extracted from formula,Sales Approach,Used in Unknown_Field_LG124 (LG124)
Improvements,Extracted from formula,Sales Approach,Used in Unknown_Field_LH124 (LH124)
Improvements,Extracted from formula,Sales Approach,Used in Unknown_Field_LI124 (LI124)
Improvements,Extracted from formula,Sales Approach,Used in Unknown_Field_LJ124 (LJ124)
Improvements,Extracted from formula,Sales Approach,Used in Unknown_Field_DX126 (DX126)
Improvements,Extracted from formula,Sales Approach,Used in Subject (BS133)
Improvements,Extracted from formula,Sales Approach,Used in Subject (BT133)
Improvements,Extracted from formula,Sales Approach,Used in Subject (BU133)
Improvements,Extracted from formula,Sales Approach,Used in Subject (BV133)
Improvements,Extracted from formula,Sales Approach,Used in Subject (BW133)
Improvements,Extracted from formula,Sales Approach,Used in Subject (BX133)
Improvements,Extracted from formula,Sales Approach,Used in Subject (BY133)
Improvements,Extracted from formula,Sales Approach,Used in Subject (BZ133)
Improvements,Extracted from formula,Sales Approach,Used in Subject (CA133)
Improvements,Extracted from formula,Sales Approach,Used in Subject (CB133)
Improvements,Extracted from formula,Sales Approach,Used in Subject (CC133)
Improvements,Extracted from formula,Sales Approach,Used in Unknown_Field_CD133 (CD133)
Improvements,Extracted from formula,Sales Approach,Used in Unknown_Field_CE133 (CE133)
Improvements,Extracted from formula,Sales Approach,Used in Unknown_Field_CF133 (CF133)
Improvements,Extracted from formula,Sales Approach,Used in Unknown_Field_CG133 (CG133)
Improvements,Extracted from formula,Sales Approach,Used in Unknown_Field_CH133 (CH133)
Improvements,Extracted from formula,Sales Approach,Used in Unknown_Field_CI133 (CI133)
Improvements,Extracted from formula,Sales Approach,Used in Unknown_Field_CJ133 (CJ133)
Improvements,Extracted from formula,Sales Approach,Used in Unknown_Field_CK133 (CK133)
Improvements,Extracted from formula,Sales Approach,Used in Unknown_Field_CL133 (CL133)
Improvements,Extracted from formula,Sales Approach,Used in Unknown_Field_CM133 (CM133)
Improvements,Extracted from formula,Sales Approach,Used in Unknown_Field_CN133 (CN133)
Improvements,Extracted from formula,Sales Approach,Used in Unknown_Field_CO133 (CO133)
Improvements,Extracted from formula,Sales Approach,Used in Unknown_Field_CP133 (CP133)
Improvements,Extracted from formula,Sales Approach,Used in Unknown_Field_CQ133 (CQ133)
Improvements,Extracted from formula,Sales Approach,Used in Unknown_Field_CR133 (CR133)
Improvements,Extracted from formula,Sales Approach,Used in Unknown_Field_CS133 (CS133)
Improvements,Extracted from formula,Sales Approach,Used in Unknown_Field_CT133 (CT133)
Improvements,Extracted from formula,Sales Approach,Used in Unknown_Field_CU133 (CU133)
Improvements,Extracted from formula,Sales Approach,Used in Unknown_Field_CV133 (CV133)
Improvements,Extracted from formula,Sales Approach,Used in Unknown_Field_CW133 (CW133)
Improvements,Extracted from formula,Sales Approach,Used in Unknown_Field_CX133 (CX133)
Improvements,Extracted from formula,Sales Approach,Used in Unknown_Field_CY133 (CY133)
Improvements,Extracted from formula,Sales Approach,Used in Unknown_Field_CZ133 (CZ133)
Improvements,Extracted from formula,Sales Approach,Used in Unknown_Field_DA133 (DA133)
Improvements,Extracted from formula,Sales Approach,Used in Unknown_Field_DB133 (DB133)
Improvements,Extracted from formula,Sales Approach,Used in Unknown_Field_DC133 (DC133)
Improvements,Extracted from formula,Sales Approach,Used in Unknown_Field_DD133 (DD133)
Improvements,Extracted from formula,Sales Approach,Used in Unknown_Field_DE133 (DE133)
Improvements,Extracted from formula,Sales Approach,Used in Unknown_Field_DF133 (DF133)
Improvements,Extracted from formula,Sales Approach,Used in Unknown_Field_DG133 (DG133)
Improvements,Extracted from formula,Sales Approach,Used in Unknown_Field_DH133 (DH133)
Improvements,Extracted from formula,Sales Approach,Used in Unknown_Field_DI133 (DI133)
Improvements,Extracted from formula,Sales Approach,Used in Unknown_Field_DJ133 (DJ133)
Improvements,Extracted from formula,Sales Approach,Used in Unknown_Field_DK133 (DK133)
Improvements,Extracted from formula,Sales Approach,Used in Unknown_Field_DL133 (DL133)
Improvements,Extracted from formula,Sales Approach,Used in Unknown_Field_DM133 (DM133)
Improvements,Extracted from formula,Sales Approach,Used in Unknown_Field_DN133 (DN133)
Improvements,Extracted from formula,Sales Approach,Used in Unknown_Field_DO133 (DO133)
Improvements,Extracted from formula,Sales Approach,Used in Unknown_Field_DP133 (DP133)
Improvements,Extracted from formula,Sales Approach,Used in Unknown_Field_DQ133 (DQ133)
Improvements,Extracted from formula,Sales Approach,Used in Unknown_Field_DR133 (DR133)
Improvements,Extracted from formula,Sales Approach,Used in Unknown_Field_DS133 (DS133)
Improvements,Extracted from formula,Sales Approach,Used in Unknown_Field_DT133 (DT133)
Improvements,Extracted from formula,Sales Approach,Used in Unknown_Field_DU133 (DU133)
Improvements,Extracted from formula,Sales Approach,Used in Unknown_Field_DV133 (DV133)
Improvements,Extracted from formula,Sales Approach,Used in Unknown_Field_DW133 (DW133)
Improvements,Extracted from formula,Sales Approach,Used in Unknown_Field_DX133 (DX133)
Improvements,Extracted from formula,Sales Approach,Used in Unknown_Field_DY133 (DY133)
Improvements,Extracted from formula,Sales Approach,Used in Unknown_Field_DZ133 (DZ133)
Improvements,Extracted from formula,Sales Approach,Used in Unknown_Field_EA133 (EA133)
Improvements,Extracted from formula,Sales Approach,Used in Unknown_Field_EB133 (EB133)
Improvements,Extracted from formula,Sales Approach,Used in Unknown_Field_EC133 (EC133)
Improvements,Extracted from formula,Sales Approach,Used in Unknown_Field_ED133 (ED133)
Improvements,Extracted from formula,Sales Approach,Used in Unknown_Field_EE133 (EE133)
Improvements,Extracted from formula,Sales Approach,Used in Unknown_Field_EF133 (EF133)
Improvements,Extracted from formula,Sales Approach,Used in Unknown_Field_EG133 (EG133)
Improvements,Extracted from formula,Sales Approach,Used in Unknown_Field_EH133 (EH133)
Improvements,Extracted from formula,Sales Approach,Used in Unknown_Field_EI133 (EI133)
Improvements,Extracted from formula,Sales Approach,Used in Unknown_Field_EJ133 (EJ133)
Improvements,Extracted from formula,Sales Approach,Used in Unknown_Field_EK133 (EK133)
Improvements,Extracted from formula,Sales Approach,Used in Unknown_Field_EL133 (EL133)
Improvements,Extracted from formula,Sales Approach,Used in Unknown_Field_EM133 (EM133)
Improvements,Extracted from formula,Sales Approach,Used in Unknown_Field_EN133 (EN133)
Improvements,Extracted from formula,Sales Approach,Used in Unknown_Field_EO133 (EO133)
Improvements,Extracted from formula,Sales Approach,Used in Unknown_Field_EP133 (EP133)
Improvements,Extracted from formula,Sales Approach,Used in Unknown_Field_EQ133 (EQ133)
Improvements,Extracted from formula,Sales Approach,Used in Unknown_Field_ER133 (ER133)
Improvements,Extracted from formula,Sales Approach,Used in Unknown_Field_ES133 (ES133)
Improvements,Extracted from formula,Sales Approach,Used in Unknown_Field_ET133 (ET133)
Improvements,Extracted from formula,Sales Approach,Used in Unknown_Field_EU133 (EU133)
Improvements,Extracted from formula,Sales Approach,Used in Unknown_Field_EV133 (EV133)
Improvements,Extracted from formula,Sales Approach,Used in Unknown_Field_EW133 (EW133)
Improvements,Extracted from formula,Sales Approach,Used in Unknown_Field_EX133 (EX133)
Improvements,Extracted from formula,Sales Approach,Used in Unknown_Field_EY133 (EY133)
Improvements,Extracted from formula,Sales Approach,Used in Unknown_Field_EZ133 (EZ133)
Improvements,Extracted from formula,Sales Approach,Used in Unknown_Field_FA133 (FA133)
Improvements,Extracted from formula,Sales Approach,Used in Unknown_Field_FB133 (FB133)
Improvements,Extracted from formula,Sales Approach,Used in Unknown_Field_FC133 (FC133)
Improvements,Extracted from formula,Sales Approach,Used in Unknown_Field_FD133 (FD133)
Improvements,Extracted from formula,Sales Approach,Used in Unknown_Field_FE133 (FE133)
Improvements,Extracted from formula,Sales Approach,Used in Unknown_Field_FF133 (FF133)
Improvements,Extracted from formula,Sales Approach,Used in Unknown_Field_FG133 (FG133)
Improvements,Extracted from formula,Sales Approach,Used in Unknown_Field_FH133 (FH133)
Improvements,Extracted from formula,Sales Approach,Used in Unknown_Field_FI133 (FI133)
Improvements,Extracted from formula,Sales Approach,Used in Unknown_Field_FJ133 (FJ133)
Improvements,Extracted from formula,Sales Approach,Used in Unknown_Field_FK133 (FK133)
Improvements,Extracted from formula,Sales Approach,Used in Unknown_Field_FL133 (FL133)
Improvements,Extracted from formula,Sales Approach,Used in Unknown_Field_FM133 (FM133)
Improvements,Extracted from formula,Sales Approach,Used in Unknown_Field_FN133 (FN133)
Improvements,Extracted from formula,Sales Approach,Used in Unknown_Field_FO133 (FO133)
Improvements,Extracted from formula,Sales Approach,Used in Unknown_Field_FP133 (FP133)
Improvements,Extracted from formula,Sales Approach,Used in Unknown_Field_FQ133 (FQ133)
Improvements,Extracted from formula,Sales Approach,Used in Unknown_Field_FR133 (FR133)
Improvements,Extracted from formula,Sales Approach,Used in Unknown_Field_FS133 (FS133)
Improvements,Extracted from formula,Sales Approach,Used in Unknown_Field_FT133 (FT133)
Improvements,Extracted from formula,Sales Approach,Used in Air Conditioning (FU133)
Improvements,Extracted from formula,Sales Approach,Used in Air Conditioning Central (FV133)
Improvements,Extracted from formula,Sales Approach,Used in Air Conditioning_Window_Wall Unit (FW133)
Improvements,Extracted from formula,Sales Approach,Used in Airport Shuttle (FX133)
Improvements,Extracted from formula,Sales Approach,Used in Ancillary Sports_Activities_Services (FY133)
Improvements,Extracted from formula,Sales Approach,Used in Ballroom (FZ133)
Improvements,Extracted from formula,Sales Approach,Used in Bar_Lounge (GA133)
Improvements,Extracted from formula,Sales Approach,Used in Basketball (GB133)
Improvements,Extracted from formula,Sales Approach,Used in BBQ_Grill_Picnic Area (GC133)
Improvements,Extracted from formula,Sales Approach,Used in Beach_Direct Access (GD133)
Improvements,Extracted from formula,Sales Approach,Used in Beach Services (GE133)
Improvements,Extracted from formula,Sales Approach,Used in Bike Room (GF133)
Improvements,Extracted from formula,Sales Approach,Used in Billiards (GG133)
Improvements,Extracted from formula,Sales Approach,Used in Bistro (GH133)
Improvements,Extracted from formula,Sales Approach,Used in Boardrooms (GI133)
Improvements,Extracted from formula,Sales Approach,Used in Bocce Ball (GJ133)
Improvements,Extracted from formula,Sales Approach,Used in Boutique (GK133)
Improvements,Extracted from formula,Sales Approach,Used in Breakfast Dining Area (GL133)
Improvements,Extracted from formula,Sales Approach,Used in Business Center (GM133)
Improvements,Extracted from formula,Sales Approach,Used in Cafe (GN133)
Improvements,Extracted from formula,Sales Approach,Used in Car Rental Desk (GO133)
Improvements,Extracted from formula,Sales Approach,Used in Carpet_Drapes_Blinds (GP133)
Improvements,Extracted from formula,Sales Approach,Used in Casino (GQ133)
Improvements,Extracted from formula,Sales Approach,Used in Ceiling Fans (GR133)
Improvements,Extracted from formula,Sales Approach,Used in Clubhouse_Rec Building (GS133)
Improvements,Extracted from formula,Sales Approach,Used in Coffee Station (GT133)
Improvements,Extracted from formula,Sales Approach,Used in Complimentary Services Area (GU133)
Improvements,Extracted from formula,Sales Approach,Used in Concierge (GV133)
Improvements,Extracted from formula,Sales Approach,Used in Covered Parking (GW133)
Improvements,Extracted from formula,Sales Approach,Used in Dishwasher (GX133)
Improvements,Extracted from formula,Sales Approach,Used in Dry Cleaning (GY133)
Improvements,Extracted from formula,Sales Approach,Used in Electric Vehicle Chargers (GZ133)
Improvements,Extracted from formula,Sales Approach,Used in Elevators (HA133)
Improvements,Extracted from formula,Sales Approach,Used in Escalators (HB133)
Improvements,Extracted from formula,Sales Approach,Used in FedEx_Leased (HC133)
Improvements,Extracted from formula,Sales Approach,Used in Fine Dining Restaurant (HD133)
Improvements,Extracted from formula,Sales Approach,Used in Fireplace (HE133)
Improvements,Extracted from formula,Sales Approach,Used in Fishing (HF133)
Improvements,Extracted from formula,Sales Approach,Used in Fitness Center (HG133)
Improvements,Extracted from formula,Sales Approach,Used in Fitness Classes (HH133)
Improvements,Extracted from formula,Sales Approach,Used in Fitness Room (HI133)
Improvements,Extracted from formula,Sales Approach,Used in Five Fixture Bathrooms (HJ133)
Improvements,Extracted from formula,Sales Approach,Used in Floor Covering_Carpet (HK133)
Improvements,Extracted from formula,Sales Approach,Used in Floor Covering_Other (HL133)
Improvements,Extracted from formula,Sales Approach,Used in Floor Covering_Tile (HM133)
Improvements,Extracted from formula,Sales Approach,Used in Floor Covering_Vinyl (HN133)
Improvements,Extracted from formula,Sales Approach,Used in Floor Covering_Wood (HO133)
Improvements,Extracted from formula,Sales Approach,Used in Floor Covering_Wood Composite (HP133)
Improvements,Extracted from formula,Sales Approach,Used in Full Service Spa (HQ133)
Improvements,Extracted from formula,Sales Approach,Used in Fully Equipped Kitchen (HR133)
Improvements,Extracted from formula,Sales Approach,Used in Furnished Units (HS133)
Improvements,Extracted from formula,Sales Approach,Used in Garage_Under Building (HT133)
Improvements,Extracted from formula,Sales Approach,Used in Gated Entrance (HU133)
Improvements,Extracted from formula,Sales Approach,Used in Gift Shop (HV133)
Improvements,Extracted from formula,Sales Approach,Used in Golf Course (HW133)
Improvements,Extracted from formula,Sales Approach,Used in Granite_Stone Countertops (HX133)
Improvements,Extracted from formula,Sales Approach,Used in Guest Laundry (HY133)
Improvements,Extracted from formula,Sales Approach,Used in Hearing Accessible (HZ133)
Improvements,Extracted from formula,Sales Approach,Used in Horseshoes (IA133)
Improvements,Extracted from formula,Sales Approach,Used in Indoor Swimming Pool (IB133)
Improvements,Extracted from formula,Sales Approach,Used in Indoor Waterpark (IC133)
Improvements,Extracted from formula,Sales Approach,Used in Kids Club (ID133)
Improvements,Extracted from formula,Sales Approach,Used in Lake_Pond_Beach (IE133)
Improvements,Extracted from formula,Sales Approach,Used in Leased Business Center_Shipping (IF133)
Improvements,Extracted from formula,Sales Approach,Used in Leased Nightclub (IG133)
Improvements,Extracted from formula,Sales Approach,Used in Leased Restaurant (IH133)
Improvements,Extracted from formula,Sales Approach,Used in LEED Certified (II133)
Improvements,Extracted from formula,Sales Approach,Used in LEED Certified_Gold (IJ133)
Improvements,Extracted from formula,Sales Approach,Used in LEED Certified_Silver (IK133)
Improvements,Extracted from formula,Sales Approach,Used in Library (IL133)
Improvements,Extracted from formula,Sales Approach,Used in Lobby Workstation (IM133)
Improvements,Extracted from formula,Sales Approach,Used in Lobby Workstation_Business Center (IN133)
Improvements,Extracted from formula,Sales Approach,Used in Local Shuttle (IO133)
Improvements,Extracted from formula,Sales Approach,Used in Market Pantry (IP133)
Improvements,Extracted from formula,Sales Approach,Used in Marina_Dock (IQ133)
Improvements,Extracted from formula,Sales Approach,Used in Meditation_Relaxation Room (IR133)
Improvements,Extracted from formula,Sales Approach,Used in Meeting Room (IS133)
Improvements,Extracted from formula,Sales Approach,Used in Meeting Space (IT133)
Improvements,Extracted from formula,Sales Approach,Used in Microwave (IU133)
Improvements,Extracted from formula,Sales Approach,Used in Mini Refrigerator (IV133)
Improvements,Extracted from formula,Sales Approach,Used in Movement Studio (IW133)
Improvements,Extracted from formula,Sales Approach,Used in Movie_Theater Room (IX133)
Improvements,Extracted from formula,Sales Approach,Used in Multiple Pools (IY133)
Improvements,Extracted from formula,Sales Approach,Used in Nightclub (IZ133)
Improvements,Extracted from formula,Sales Approach,Used in Outdoor Patio (JA133)
Improvements,Extracted from formula,Sales Approach,Used in Outdoor Patio and Fire Pit (JB133)
Improvements,Extracted from formula,Sales Approach,Used in Outdoor Swimming Pool (JC133)
Improvements,Extracted from formula,Sales Approach,Used in Outdoor Waterpark (JD133)
Improvements,Extracted from formula,Sales Approach,Used in Park (JE133)
Improvements,Extracted from formula,Sales Approach,Used in Parking_Lot (JF133)
Improvements,Extracted from formula,Sales Approach,Used in Patios_Balcony (JG133)
Improvements,Extracted from formula,Sales Approach,Used in Pet Area (JH133)
Improvements,Extracted from formula,Sales Approach,Used in Pet Friendly (JI133)
Improvements,Extracted from formula,Sales Approach,Used in Pickleball (JJ133)
Improvements,Extracted from formula,Sales Approach,Used in Playground (JK133)
Improvements,Extracted from formula,Sales Approach,Used in Pool Lift (JL133)
Improvements,Extracted from formula,Sales Approach,Used in Putting Green (JM133)
Improvements,Extracted from formula,Sales Approach,Used in Refrigerator (JN133)
Improvements,Extracted from formula,Sales Approach,Used in Restaurant (JO133)
Improvements,Extracted from formula,Sales Approach,Used in Restaurant and Lounge (JP133)
Improvements,Extracted from formula,Sales Approach,Used in Retail Outlet_Leased (JQ133)
Improvements,Extracted from formula,Sales Approach,Used in Retail Outlet_Operated (JR133)
Improvements,Extracted from formula,Sales Approach,Used in Roll_In Shower (JS133)
Improvements,Extracted from formula,Sales Approach,Used in Rooftop Bar (JT133)
Improvements,Extracted from formula,Sales Approach,Used in Rooftop Terrace (JU133)
Improvements,Extracted from formula,Sales Approach,Used in Room Service (JV133)
Improvements,Extracted from formula,Sales Approach,Used in Salon_Barber Shop (JW133)
Improvements,Extracted from formula,Sales Approach,Used in Sauna (JX133)
Improvements,Extracted from formula,Sales Approach,Used in Screened Porches (JY133)
Improvements,Extracted from formula,Sales Approach,Used in Security Alarm (JZ133)
Improvements,Extracted from formula,Sales Approach,Used in Self Parking (KA133)
Improvements,Extracted from formula,Sales Approach,Used in Signature Restaurant (KB133)
Improvements,Extracted from formula,Sales Approach,Used in Ski Access_Non_Direct (KC133)
Improvements,Extracted from formula,Sales Approach,Used in Ski In (KD133)
Improvements,Extracted from formula,Sales Approach,Used in Ski In_Ski Out (KE133)
Improvements,Extracted from formula,Sales Approach,Used in Ski Out (KF133)
Improvements,Extracted from formula,Sales Approach,Used in Slot Machines (KG133)
Improvements,Extracted from formula,Sales Approach,Used in Smoke_Free (KH133)
Improvements,Extracted from formula,Sales Approach,Used in Spa Retail (KI133)
Improvements,Extracted from formula,Sales Approach,Used in Spa Treatment Rooms (KJ133)
Improvements,Extracted from formula,Sales Approach,Used in Sport Court (KK133)
Improvements,Extracted from formula,Sales Approach,Used in Sport Field (KL133)
Improvements,Extracted from formula,Sales Approach,Used in Staffed Business Center (KM133)
Improvements,Extracted from formula,Sales Approach,Used in Stainless Steel Appliances (KN133)
Improvements,Extracted from formula,Sales Approach,Used in Steam Room (KO133)
Improvements,Extracted from formula,Sales Approach,Used in Storm Shelter (KP133)
Improvements,Extracted from formula,Sales Approach,Used in Stove_Oven (KQ133)
Improvements,Extracted from formula,Sales Approach,Used in Sundries Counter (KR133)
Improvements,Extracted from formula,Sales Approach,Used in Table Games (KS133)
Improvements,Extracted from formula,Sales Approach,Used in Tennis Court (KT133)
Improvements,Extracted from formula,Sales Approach,Used in Town Car (KU133)
Improvements,Extracted from formula,Sales Approach,Used in Truck Parking (KV133)
Improvements,Extracted from formula,Sales Approach,Used in UPS_Leased (KW133)
Improvements,Extracted from formula,Sales Approach,Used in Valet Laundry (KX133)
Improvements,Extracted from formula,Sales Approach,Used in Valet Parking (KY133)
Improvements,Extracted from formula,Sales Approach,Used in Vaulted Ceilings (KZ133)
Improvements,Extracted from formula,Sales Approach,Used in Volleyball (LA133)
Improvements,Extracted from formula,Sales Approach,Used in Walk In Closets (LB133)
Improvements,Extracted from formula,Sales Approach,Used in Water Access (LC133)
Improvements,Extracted from formula,Sales Approach,Used in Waterslide (LD133)
Improvements,Extracted from formula,Sales Approach,Used in Wedding Venue (LE133)
Improvements,Extracted from formula,Sales Approach,Used in Whirlpool (LF133)
Improvements,Extracted from formula,Sales Approach,Used in Window Coverings_Blinds (LG133)
Improvements,Extracted from formula,Sales Approach,Used in Window Coverings_Drapes (LH133)
Improvements,Extracted from formula,Sales Approach,Used in Window Coverings_Shades (LI133)
Improvements,Extracted from formula,Sales Approach,Used in Yoga Room (LJ133)
Improvements,Extracted from formula,Sales Approach,Used in Auto (FU138)
Improvements,Extracted from formula,Sales Approach,Used in Auto (FV138)
Improvements,Extracted from formula,Sales Approach,Used in Auto (FW138)
Improvements,Extracted from formula,Sales Approach,Used in Auto (FX138)
Improvements,Extracted from formula,Sales Approach,Used in Auto (FY138)
Improvements,Extracted from formula,Sales Approach,Used in Auto (FZ138)
Improvements,Extracted from formula,Sales Approach,Used in Auto (GA138)
Improvements,Extracted from formula,Sales Approach,Used in Auto (GB138)
Improvements,Extracted from formula,Sales Approach,Used in Auto (GC138)
Improvements,Extracted from formula,Sales Approach,Used in Auto (GD138)
Improvements,Extracted from formula,Sales Approach,Used in Auto (GE138)
Improvements,Extracted from formula,Sales Approach,Used in Auto (GF138)
Improvements,Extracted from formula,Sales Approach,Used in Auto (GG138)
Improvements,Extracted from formula,Sales Approach,Used in Auto (GH138)
Improvements,Extracted from formula,Sales Approach,Used in Auto (GI138)
Improvements,Extracted from formula,Sales Approach,Used in Auto (GJ138)
Improvements,Extracted from formula,Sales Approach,Used in Auto (GK138)
Improvements,Extracted from formula,Sales Approach,Used in Auto (GL138)
Improvements,Extracted from formula,Sales Approach,Used in Auto (GM138)
Improvements,Extracted from formula,Sales Approach,Used in Auto (GN138)
Improvements,Extracted from formula,Sales Approach,Used in Auto (GO138)
Improvements,Extracted from formula,Sales Approach,Used in Auto (GP138)
Improvements,Extracted from formula,Sales Approach,Used in Auto (GQ138)
Improvements,Extracted from formula,Sales Approach,Used in Auto (GR138)
Improvements,Extracted from formula,Sales Approach,Used in Auto (GS138)
Improvements,Extracted from formula,Sales Approach,Used in Auto (GT138)
Improvements,Extracted from formula,Sales Approach,Used in Auto (GU138)
Improvements,Extracted from formula,Sales Approach,Used in Auto (GV138)
Improvements,Extracted from formula,Sales Approach,Used in Auto (GW138)
Improvements,Extracted from formula,Sales Approach,Used in Auto (GX138)
Improvements,Extracted from formula,Sales Approach,Used in Auto (GY138)
Improvements,Extracted from formula,Sales Approach,Used in Auto (GZ138)
Improvements,Extracted from formula,Sales Approach,Used in Auto (HA138)
Improvements,Extracted from formula,Sales Approach,Used in Auto (HB138)
Improvements,Extracted from formula,Sales Approach,Used in Auto (HC138)
Improvements,Extracted from formula,Sales Approach,Used in Auto (HD138)
Improvements,Extracted from formula,Sales Approach,Used in Auto (HE138)
Improvements,Extracted from formula,Sales Approach,Used in Auto (HF138)
Improvements,Extracted from formula,Sales Approach,Used in Auto (HG138)
Improvements,Extracted from formula,Sales Approach,Used in Auto (HH138)
Improvements,Extracted from formula,Sales Approach,Used in Auto (HI138)
Improvements,Extracted from formula,Sales Approach,Used in Auto (HJ138)
Improvements,Extracted from formula,Sales Approach,Used in Auto (HK138)
Improvements,Extracted from formula,Sales Approach,Used in Auto (HL138)
Improvements,Extracted from formula,Sales Approach,Used in Auto (HM138)
Improvements,Extracted from formula,Sales Approach,Used in Auto (HN138)
Improvements,Extracted from formula,Sales Approach,Used in Auto (HO138)
Improvements,Extracted from formula,Sales Approach,Used in Auto (HP138)
Improvements,Extracted from formula,Sales Approach,Used in Auto (HQ138)
Improvements,Extracted from formula,Sales Approach,Used in Auto (HR138)
Improvements,Extracted from formula,Sales Approach,Used in Auto (HS138)
Improvements,Extracted from formula,Sales Approach,Used in Auto (HT138)
Improvements,Extracted from formula,Sales Approach,Used in Auto (HU138)
Improvements,Extracted from formula,Sales Approach,Used in Auto (HV138)
Improvements,Extracted from formula,Sales Approach,Used in Auto (HW138)
Improvements,Extracted from formula,Sales Approach,Used in Auto (HX138)
Improvements,Extracted from formula,Sales Approach,Used in Auto (HY138)
Improvements,Extracted from formula,Sales Approach,Used in Auto (HZ138)
Improvements,Extracted from formula,Sales Approach,Used in Auto (IA138)
Improvements,Extracted from formula,Sales Approach,Used in Auto (IB138)
Improvements,Extracted from formula,Sales Approach,Used in Auto (IC138)
Improvements,Extracted from formula,Sales Approach,Used in Auto (ID138)
Improvements,Extracted from formula,Sales Approach,Used in Auto (IE138)
Improvements,Extracted from formula,Sales Approach,Used in Auto (IF138)
Improvements,Extracted from formula,Sales Approach,Used in Auto (IG138)
Improvements,Extracted from formula,Sales Approach,Used in Auto (IH138)
Improvements,Extracted from formula,Sales Approach,Used in Auto (II138)
Improvements,Extracted from formula,Sales Approach,Used in Auto (IJ138)
Improvements,Extracted from formula,Sales Approach,Used in Auto (IK138)
Improvements,Extracted from formula,Sales Approach,Used in Auto (IL138)
Improvements,Extracted from formula,Sales Approach,Used in Auto (IM138)
Improvements,Extracted from formula,Sales Approach,Used in Auto (IN138)
Improvements,Extracted from formula,Sales Approach,Used in Auto (IO138)
Improvements,Extracted from formula,Sales Approach,Used in Auto (IP138)
Improvements,Extracted from formula,Sales Approach,Used in Auto (IQ138)
Improvements,Extracted from formula,Sales Approach,Used in Auto (IR138)
Improvements,Extracted from formula,Sales Approach,Used in Auto (IS138)
Improvements,Extracted from formula,Sales Approach,Used in Auto (IT138)
Improvements,Extracted from formula,Sales Approach,Used in Auto (IU138)
Improvements,Extracted from formula,Sales Approach,Used in Auto (IV138)
Improvements,Extracted from formula,Sales Approach,Used in Auto (IW138)
Improvements,Extracted from formula,Sales Approach,Used in Auto (IX138)
Improvements,Extracted from formula,Sales Approach,Used in Auto (IY138)
Improvements,Extracted from formula,Sales Approach,Used in Auto (IZ138)
Improvements,Extracted from formula,Sales Approach,Used in Auto (JA138)
Improvements,Extracted from formula,Sales Approach,Used in Auto (JB138)
Improvements,Extracted from formula,Sales Approach,Used in Auto (JC138)
Improvements,Extracted from formula,Sales Approach,Used in Auto (JD138)
Improvements,Extracted from formula,Sales Approach,Used in Auto (JE138)
Improvements,Extracted from formula,Sales Approach,Used in Auto (JF138)
Improvements,Extracted from formula,Sales Approach,Used in Auto (JG138)
Improvements,Extracted from formula,Sales Approach,Used in Auto (JH138)
Improvements,Extracted from formula,Sales Approach,Used in Auto (JI138)
Improvements,Extracted from formula,Sales Approach,Used in Auto (JJ138)
Improvements,Extracted from formula,Sales Approach,Used in Auto (JK138)
Improvements,Extracted from formula,Sales Approach,Used in Auto (JL138)
Improvements,Extracted from formula,Sales Approach,Used in Auto (JM138)
Improvements,Extracted from formula,Sales Approach,Used in Auto (JN138)
Improvements,Extracted from formula,Sales Approach,Used in Auto (JO138)
Improvements,Extracted from formula,Sales Approach,Used in Auto (JP138)
Improvements,Extracted from formula,Sales Approach,Used in Auto (JQ138)
Improvements,Extracted from formula,Sales Approach,Used in Auto (JR138)
Improvements,Extracted from formula,Sales Approach,Used in Auto (JS138)
Improvements,Extracted from formula,Sales Approach,Used in Auto (JT138)
Improvements,Extracted from formula,Sales Approach,Used in Auto (JU138)
Improvements,Extracted from formula,Sales Approach,Used in Auto (JV138)
Improvements,Extracted from formula,Sales Approach,Used in Auto (JW138)
Improvements,Extracted from formula,Sales Approach,Used in Auto (JX138)
Improvements,Extracted from formula,Sales Approach,Used in Auto (JY138)
Improvements,Extracted from formula,Sales Approach,Used in Auto (JZ138)
Improvements,Extracted from formula,Sales Approach,Used in Auto (KA138)
Improvements,Extracted from formula,Sales Approach,Used in Auto (KB138)
Improvements,Extracted from formula,Sales Approach,Used in Auto (KC138)
Improvements,Extracted from formula,Sales Approach,Used in Auto (KD138)
Improvements,Extracted from formula,Sales Approach,Used in Auto (KE138)
Improvements,Extracted from formula,Sales Approach,Used in Auto (KF138)
Improvements,Extracted from formula,Sales Approach,Used in Auto (KG138)
Improvements,Extracted from formula,Sales Approach,Used in Auto (KH138)
Improvements,Extracted from formula,Sales Approach,Used in Auto (KI138)
Improvements,Extracted from formula,Sales Approach,Used in Auto (KJ138)
Improvements,Extracted from formula,Sales Approach,Used in Auto (KK138)
Improvements,Extracted from formula,Sales Approach,Used in Auto (KL138)
Improvements,Extracted from formula,Sales Approach,Used in Auto (KM138)
Improvements,Extracted from formula,Sales Approach,Used in Auto (KN138)
Improvements,Extracted from formula,Sales Approach,Used in Auto (KO138)
Improvements,Extracted from formula,Sales Approach,Used in Auto (KP138)
Improvements,Extracted from formula,Sales Approach,Used in Auto (KQ138)
Improvements,Extracted from formula,Sales Approach,Used in Auto (KR138)
Improvements,Extracted from formula,Sales Approach,Used in Auto (KS138)
Improvements,Extracted from formula,Sales Approach,Used in Auto (KT138)
Improvements,Extracted from formula,Sales Approach,Used in Auto (KU138)
Improvements,Extracted from formula,Sales Approach,Used in Auto (KV138)
Improvements,Extracted from formula,Sales Approach,Used in Auto (KW138)
Improvements,Extracted from formula,Sales Approach,Used in Auto (KX138)
Improvements,Extracted from formula,Sales Approach,Used in Auto (KY138)
Improvements,Extracted from formula,Sales Approach,Used in Auto (KZ138)
Improvements,Extracted from formula,Sales Approach,Used in Auto (LA138)
Improvements,Extracted from formula,Sales Approach,Used in Auto (LB138)
Improvements,Extracted from formula,Sales Approach,Used in Auto (LC138)
Improvements,Extracted from formula,Sales Approach,Used in Auto (LD138)
Improvements,Extracted from formula,Sales Approach,Used in Auto (LE138)
Improvements,Extracted from formula,Sales Approach,Used in Auto (LF138)
Improvements,Extracted from formula,Sales Approach,Used in Auto (LG138)
Improvements,Extracted from formula,Sales Approach,Used in Auto (LH138)
Improvements,Extracted from formula,Sales Approach,Used in Auto (LI138)
Improvements,Extracted from formula,Sales Approach,Used in Auto (LJ138)
Improvements,Extracted from formula,Sales Approach,Used in Subject Property: (BS145)
Improvements,Extracted from formula,Sales Approach,Used in Subject Property: (BT145)
Improvements,Extracted from formula,Sales Approach,Used in Subject Property: (BU145)
Improvements,Extracted from formula,Sales Approach,Used in Subject Property: (BV145)
Improvements,Extracted from formula,Sales Approach,Used in Subject Property: (BW145)
Improvements,Extracted from formula,Sales Approach,Used in Subject Property: (BX145)
Improvements,Extracted from formula,Sales Approach,Used in Subject Property: (BY145)
Improvements,Extracted from formula,Sales Approach,Used in Subject Property: (BZ145)
Improvements,Extracted from formula,Sales Approach,Used in Subject Property: (CA145)
Improvements,Extracted from formula,Sales Approach,Used in Subject Property: (CB145)
Improvements,Extracted from formula,Sales Approach,Used in Subject Property: (CC145)
Improvements,Extracted from formula,Sales Approach,Used in Subject Property: (CD145)
Improvements,Extracted from formula,Sales Approach,Used in Subject Property: (CE145)
Improvements,Extracted from formula,Sales Approach,Used in Subject Property: (CF145)
Improvements,Extracted from formula,Sales Approach,Used in Unknown_Field_CG145 (CG145)
Improvements,Extracted from formula,Sales Approach,Used in Unknown_Field_CH145 (CH145)
Improvements,Extracted from formula,Sales Approach,Used in Unknown_Field_CI145 (CI145)
Improvements,Extracted from formula,Sales Approach,Used in Unknown_Field_CJ145 (CJ145)
Improvements,Extracted from formula,Sales Approach,Used in Unknown_Field_CK145 (CK145)
Improvements,Extracted from formula,Sales Approach,Used in Unknown_Field_CL145 (CL145)
Improvements,Extracted from formula,Sales Approach,Used in Unknown_Field_CM145 (CM145)
Improvements,Extracted from formula,Sales Approach,Used in Unknown_Field_CN145 (CN145)
Improvements,Extracted from formula,Sales Approach,Used in Unknown_Field_CO145 (CO145)
Improvements,Extracted from formula,Sales Approach,Used in Unknown_Field_CP145 (CP145)
Improvements,Extracted from formula,Sales Approach,Used in Unknown_Field_CQ145 (CQ145)
Improvements,Extracted from formula,Sales Approach,Used in Unknown_Field_CR145 (CR145)
Improvements,Extracted from formula,Sales Approach,Used in Unknown_Field_CS145 (CS145)
Improvements,Extracted from formula,Sales Approach,Used in Unknown_Field_CT145 (CT145)
Improvements,Extracted from formula,Sales Approach,Used in Unknown_Field_CU145 (CU145)
Improvements,Extracted from formula,Sales Approach,Used in Unknown_Field_CV145 (CV145)
Improvements,Extracted from formula,Sales Approach,Used in Unknown_Field_CW145 (CW145)
Improvements,Extracted from formula,Sales Approach,Used in Unknown_Field_CX145 (CX145)
Improvements,Extracted from formula,Sales Approach,Used in Unknown_Field_CY145 (CY145)
Improvements,Extracted from formula,Sales Approach,Used in Unknown_Field_CZ145 (CZ145)
Improvements,Extracted from formula,Sales Approach,Used in Unknown_Field_DA145 (DA145)
Improvements,Extracted from formula,Sales Approach,Used in Unknown_Field_DB145 (DB145)
Improvements,Extracted from formula,Sales Approach,Used in Unknown_Field_DC145 (DC145)
Improvements,Extracted from formula,Sales Approach,Used in Unknown_Field_DD145 (DD145)
Improvements,Extracted from formula,Sales Approach,Used in Unknown_Field_DE145 (DE145)
Improvements,Extracted from formula,Sales Approach,Used in Unknown_Field_DF145 (DF145)
Improvements,Extracted from formula,Sales Approach,Used in Unknown_Field_DG145 (DG145)
Improvements,Extracted from formula,Sales Approach,Used in Unknown_Field_DH145 (DH145)
Improvements,Extracted from formula,Sales Approach,Used in Unknown_Field_DI145 (DI145)
Improvements,Extracted from formula,Sales Approach,Used in Unknown_Field_DJ145 (DJ145)
Improvements,Extracted from formula,Sales Approach,Used in Unknown_Field_DK145 (DK145)
Improvements,Extracted from formula,Sales Approach,Used in Unknown_Field_DL145 (DL145)
Improvements,Extracted from formula,Sales Approach,Used in Unknown_Field_DM145 (DM145)
Improvements,Extracted from formula,Sales Approach,Used in Unknown_Field_DN145 (DN145)
Improvements,Extracted from formula,Sales Approach,Used in Unknown_Field_DO145 (DO145)
Improvements,Extracted from formula,Sales Approach,Used in Unknown_Field_DP145 (DP145)
Improvements,Extracted from formula,Sales Approach,Used in Unknown_Field_DQ145 (DQ145)
Improvements,Extracted from formula,Sales Approach,Used in Unknown_Field_DR145 (DR145)
Improvements,Extracted from formula,Sales Approach,Used in Unknown_Field_DS145 (DS145)
Improvements,Extracted from formula,Sales Approach,Used in Unknown_Field_DT145 (DT145)
Improvements,Extracted from formula,Sales Approach,Used in Unknown_Field_DU145 (DU145)
Improvements,Extracted from formula,Sales Approach,Used in Unknown_Field_DV145 (DV145)
Improvements,Extracted from formula,Sales Approach,Used in Unknown_Field_DW145 (DW145)
Improvements,Extracted from formula,Sales Approach,Used in Unknown_Field_DX145 (DX145)
Improvements,Extracted from formula,Sales Approach,Used in Unknown_Field_DY145 (DY145)
Improvements,Extracted from formula,Sales Approach,Used in Unknown_Field_DZ145 (DZ145)
Improvements,Extracted from formula,Sales Approach,Used in Unknown_Field_EA145 (EA145)
Improvements,Extracted from formula,Sales Approach,Used in Unknown_Field_EB145 (EB145)
Improvements,Extracted from formula,Sales Approach,Used in Unknown_Field_EC145 (EC145)
Improvements,Extracted from formula,Sales Approach,Used in Unknown_Field_ED145 (ED145)
Improvements,Extracted from formula,Sales Approach,Used in Unknown_Field_EE145 (EE145)
Improvements,Extracted from formula,Sales Approach,Used in Unknown_Field_EF145 (EF145)
Improvements,Extracted from formula,Sales Approach,Used in Unknown_Field_EG145 (EG145)
Improvements,Extracted from formula,Sales Approach,Used in Unknown_Field_EH145 (EH145)
Improvements,Extracted from formula,Sales Approach,Used in Unknown_Field_EI145 (EI145)
Improvements,Extracted from formula,Sales Approach,Used in Unknown_Field_EJ145 (EJ145)
Improvements,Extracted from formula,Sales Approach,Used in Unknown_Field_EK145 (EK145)
Improvements,Extracted from formula,Sales Approach,Used in Unknown_Field_EL145 (EL145)
Improvements,Extracted from formula,Sales Approach,Used in Unknown_Field_EM145 (EM145)
Improvements,Extracted from formula,Sales Approach,Used in Unknown_Field_EN145 (EN145)
Improvements,Extracted from formula,Sales Approach,Used in Unknown_Field_EO145 (EO145)
Improvements,Extracted from formula,Sales Approach,Used in Unknown_Field_EP145 (EP145)
Improvements,Extracted from formula,Sales Approach,Used in Unknown_Field_EQ145 (EQ145)
Improvements,Extracted from formula,Sales Approach,Used in Unknown_Field_ER145 (ER145)
Improvements,Extracted from formula,Sales Approach,Used in Unknown_Field_ES145 (ES145)
Improvements,Extracted from formula,Sales Approach,Used in Unknown_Field_ET145 (ET145)
Improvements,Extracted from formula,Sales Approach,Used in Unknown_Field_EU145 (EU145)
Improvements,Extracted from formula,Sales Approach,Used in Unknown_Field_EV145 (EV145)
Improvements,Extracted from formula,Sales Approach,Used in Unknown_Field_EW145 (EW145)
Improvements,Extracted from formula,Sales Approach,Used in Unknown_Field_EX145 (EX145)
Improvements,Extracted from formula,Sales Approach,Used in Unknown_Field_EY145 (EY145)
Improvements,Extracted from formula,Sales Approach,Used in Unknown_Field_EZ145 (EZ145)
Improvements,Extracted from formula,Sales Approach,Used in Unknown_Field_FA145 (FA145)
Improvements,Extracted from formula,Sales Approach,Used in Unknown_Field_FB145 (FB145)
Improvements,Extracted from formula,Sales Approach,Used in Unknown_Field_FC145 (FC145)
Improvements,Extracted from formula,Sales Approach,Used in Unknown_Field_FD145 (FD145)
Improvements,Extracted from formula,Sales Approach,Used in Unknown_Field_FE145 (FE145)
Improvements,Extracted from formula,Sales Approach,Used in Unknown_Field_FF145 (FF145)
Improvements,Extracted from formula,Sales Approach,Used in Unknown_Field_FG145 (FG145)
Improvements,Extracted from formula,Sales Approach,Used in Unknown_Field_FH145 (FH145)
Improvements,Extracted from formula,Sales Approach,Used in Unknown_Field_FI145 (FI145)
Improvements,Extracted from formula,Sales Approach,Used in Unknown_Field_FJ145 (FJ145)
Improvements,Extracted from formula,Sales Approach,Used in Unknown_Field_FK145 (FK145)
Improvements,Extracted from formula,Sales Approach,Used in Unknown_Field_FL145 (FL145)
Improvements,Extracted from formula,Sales Approach,Used in Unknown_Field_FM145 (FM145)
Improvements,Extracted from formula,Sales Approach,Used in Unknown_Field_FN145 (FN145)
Improvements,Extracted from formula,Sales Approach,Used in Unknown_Field_FO145 (FO145)
Improvements,Extracted from formula,Sales Approach,Used in Unknown_Field_FP145 (FP145)
Improvements,Extracted from formula,Sales Approach,Used in Unknown_Field_FQ145 (FQ145)
Improvements,Extracted from formula,Sales Approach,Used in Unknown_Field_FR145 (FR145)
Improvements,Extracted from formula,Sales Approach,Used in Unknown_Field_FS145 (FS145)
Improvements,Extracted from formula,Sales Approach,Used in Unknown_Field_FT145 (FT145)
Improvements,Extracted from formula,Sales Approach,Used in Subject (ME157)
Improvements,Extracted from formula,Sales Approach,Used in Subject (MF157)
Improvements,Extracted from formula,Sales Approach,Used in Subject (MG157)
Improvements,Extracted from formula,Sales Approach,Used in Subject (MH157)
Improvements,Extracted from formula,Sales Approach,Used in Subject (MI157)
Improvements,Extracted from formula,Sales Approach,Used in Subject (MJ157)
Improvements,Extracted from formula,Sales Approach,Used in Subject (MK157)
Improvements,Extracted from formula,Sales Approach,Used in Subject (ML157)
Improvements,Extracted from formula,Sales Approach,Used in Subject (MM157)
Improvements,Extracted from formula,Sales Approach,Used in Subject (MN157)
Improvements,Extracted from formula,Sales Approach,Used in Subject (MO157)
Improvements,Extracted from formula,Sales Approach,Used in Unknown_Field_MP157 (MP157)
Improvements,Extracted from formula,Sales Approach,Used in Unknown_Field_MQ157 (MQ157)
Improvements,Extracted from formula,Sales Approach,Used in Unknown_Field_MR157 (MR157)
Improvements,Extracted from formula,Sales Approach,Used in Unknown_Field_MS157 (MS157)
Improvements,Extracted from formula,Sales Approach,Used in Unknown_Field_MT157 (MT157)
Improvements,Extracted from formula,Sales Approach,Used in Unknown_Field_MU157 (MU157)
Improvements,Extracted from formula,Sales Approach,Used in Unknown_Field_MV157 (MV157)
Improvements,Extracted from formula,Sales Approach,Used in Unknown_Field_MW157 (MW157)
Improvements,Extracted from formula,Sales Approach,Used in Unknown_Field_MX157 (MX157)
Improvements,Extracted from formula,Sales Approach,Used in Unknown_Field_MY157 (MY157)
Improvements,Extracted from formula,Sales Approach,Used in Unknown_Field_MZ157 (MZ157)
Improvements,Extracted from formula,Sales Approach,Used in Unknown_Field_NA157 (NA157)
Improvements,Extracted from formula,Sales Approach,Used in Unknown_Field_NB157 (NB157)
Improvements,Extracted from formula,Sales Approach,Used in Unknown_Field_NC157 (NC157)
Improvements,Extracted from formula,Sales Approach,Used in Unknown_Field_ND157 (ND157)
Improvements,Extracted from formula,Sales Approach,Used in Unknown_Field_NE157 (NE157)
Improvements,Extracted from formula,Sales Approach,Used in Unknown_Field_NF157 (NF157)
Improvements,Extracted from formula,Sales Approach,Used in Unknown_Field_NG157 (NG157)
Improvements,Extracted from formula,Sales Approach,Used in Unknown_Field_NH157 (NH157)
Improvements,Extracted from formula,Sales Approach,Used in Unknown_Field_NI157 (NI157)
Improvements,Extracted from formula,Sales Approach,Used in Unknown_Field_NJ157 (NJ157)
Improvements,Extracted from formula,Sales Approach,Used in Unknown_Field_NK157 (NK157)
Improvements,Extracted from formula,Sales Approach,Used in Unknown_Field_NL157 (NL157)
Improvements,Extracted from formula,Sales Approach,Used in Unknown_Field_NM157 (NM157)
Improvements,Extracted from formula,Sales Approach,Used in Unknown_Field_NN157 (NN157)
Market Rent,Extracted from formula,Sales Approach,Used in Weighting >> (ME159)
Market Rent,Extracted from formula,Sales Approach,Used in Weighting >> (MF159)
Market Rent,Extracted from formula,Sales Approach,Used in Weighting >> (MG159)
Market Rent,Extracted from formula,Sales Approach,Used in Weighting >> (MH159)
Market Rent,Extracted from formula,Sales Approach,Used in Weighting >> (MI159)
Market Rent,Extracted from formula,Sales Approach,Used in Weighting >> (MJ159)
Market Rent,Extracted from formula,Sales Approach,Used in Weighting >> (MK159)
Market Rent,Extracted from formula,Sales Approach,Used in Weighting >> (ML159)
Market Rent,Extracted from formula,Sales Approach,Used in Weighting >> (MM159)
Market Rent,Extracted from formula,Sales Approach,Used in Weighting >> (MN159)
Market Rent,Extracted from formula,Sales Approach,Used in Weighting >> (MO159)
Market Rent,Extracted from formula,Sales Approach,Used in Weighting >> (MP159)
Market Rent,Extracted from formula,Sales Approach,Used in Weighting >> (MQ159)
Market Rent,Extracted from formula,Sales Approach,Used in Weighting >> (MR159)
Market Rent,Extracted from formula,Sales Approach,Used in Weighting >> (MS159)
Market Rent,Extracted from formula,Sales Approach,Used in Unknown_Field_MT159 (MT159)
Market Rent,Extracted from formula,Sales Approach,Used in Unknown_Field_MU159 (MU159)
Market Rent,Extracted from formula,Sales Approach,Used in Unknown_Field_MV159 (MV159)
Market Rent,Extracted from formula,Sales Approach,Used in Unknown_Field_MW159 (MW159)
Market Rent,Extracted from formula,Sales Approach,Used in Unknown_Field_MX159 (MX159)
Market Rent,Extracted from formula,Sales Approach,Used in Unknown_Field_MY159 (MY159)
Market Rent,Extracted from formula,Sales Approach,Used in Unknown_Field_MZ159 (MZ159)
Market Rent,Extracted from formula,Sales Approach,Used in Unknown_Field_NA159 (NA159)
Market Rent,Extracted from formula,Sales Approach,Used in Unknown_Field_NB159 (NB159)
Market Rent,Extracted from formula,Sales Approach,Used in Unknown_Field_NC159 (NC159)
Market Rent,Extracted from formula,Sales Approach,Used in Unknown_Field_ND159 (ND159)
Market Rent,Extracted from formula,Sales Approach,Used in Unknown_Field_NE159 (NE159)
Market Rent,Extracted from formula,Sales Approach,Used in Unknown_Field_NF159 (NF159)
Market Rent,Extracted from formula,Sales Approach,Used in Unknown_Field_NG159 (NG159)
Market Rent,Extracted from formula,Sales Approach,Used in Unknown_Field_NH159 (NH159)
Market Rent,Extracted from formula,Sales Approach,Used in Unknown_Field_NI159 (NI159)
Market Rent,Extracted from formula,Sales Approach,Used in Unknown_Field_NJ159 (NJ159)
Market Rent,Extracted from formula,Sales Approach,Used in Unknown_Field_NK159 (NK159)
Market Rent,Extracted from formula,Sales Approach,Used in Unknown_Field_NL159 (NL159)
Market Rent,Extracted from formula,Sales Approach,Used in Unknown_Field_NM159 (NM159)
Market Rent,Extracted from formula,Sales Approach,Used in Unknown_Field_NN159 (NN159)
Improvements,Extracted from formula,Sales Approach,Used in Subject Property: (ME169)
Improvements,Extracted from formula,Sales Approach,Used in Subject Property: (MF169)
Improvements,Extracted from formula,Sales Approach,Used in Subject Property: (MG169)
Improvements,Extracted from formula,Sales Approach,Used in Subject Property: (MH169)
Improvements,Extracted from formula,Sales Approach,Used in Subject Property: (MI169)
Improvements,Extracted from formula,Sales Approach,Used in Subject Property: (MJ169)
Improvements,Extracted from formula,Sales Approach,Used in Subject Property: (MK169)
Improvements,Extracted from formula,Sales Approach,Used in Subject Property: (ML169)
Improvements,Extracted from formula,Sales Approach,Used in Subject Property: (MM169)
Improvements,Extracted from formula,Sales Approach,Used in Subject Property: (MN169)
Improvements,Extracted from formula,Sales Approach,Used in Subject Property: (MO169)
Improvements,Extracted from formula,Sales Approach,Used in Subject Property: (MP169)
Improvements,Extracted from formula,Sales Approach,Used in Subject Property: (MQ169)
Improvements,Extracted from formula,Sales Approach,Used in Subject Property: (MR169)
Improvements,Extracted from formula,Sales Approach,Used in Unknown_Field_MS169 (MS169)
Improvements,Extracted from formula,Sales Approach,Used in Unknown_Field_MT169 (MT169)
Improvements,Extracted from formula,Sales Approach,Used in Unknown_Field_MU169 (MU169)
Improvements,Extracted from formula,Sales Approach,Used in Unknown_Field_MV169 (MV169)
Improvements,Extracted from formula,Sales Approach,Used in Unknown_Field_MW169 (MW169)
Improvements,Extracted from formula,Sales Approach,Used in Unknown_Field_MX169 (MX169)
Improvements,Extracted from formula,Sales Approach,Used in Unknown_Field_MY169 (MY169)
Improvements,Extracted from formula,Sales Approach,Used in Unknown_Field_MZ169 (MZ169)
Improvements,Extracted from formula,Sales Approach,Used in Unknown_Field_NA169 (NA169)
Improvements,Extracted from formula,Sales Approach,Used in Unknown_Field_NB169 (NB169)
Improvements,Extracted from formula,Sales Approach,Used in Unknown_Field_NC169 (NC169)
Improvements,Extracted from formula,Sales Approach,Used in Unknown_Field_ND169 (ND169)
Improvements,Extracted from formula,Sales Approach,Used in Unknown_Field_NE169 (NE169)
Improvements,Extracted from formula,Sales Approach,Used in Unknown_Field_NF169 (NF169)
Improvements,Extracted from formula,Sales Approach,Used in Unknown_Field_NG169 (NG169)
Improvements,Extracted from formula,Sales Approach,Used in Unknown_Field_NH169 (NH169)
Improvements,Extracted from formula,Sales Approach,Used in Unknown_Field_NI169 (NI169)
Improvements,Extracted from formula,Sales Approach,Used in Unknown_Field_NJ169 (NJ169)
Improvements,Extracted from formula,Sales Approach,Used in Unknown_Field_NK169 (NK169)
Improvements,Extracted from formula,Sales Approach,Used in Unknown_Field_NL169 (NL169)
Improvements,Extracted from formula,Sales Approach,Used in Unknown_Field_NM169 (NM169)
Improvements,Extracted from formula,Sales Approach,Used in Unknown_Field_NN169 (NN169)
PartnerLists,Extracted from formula,Sales Approach,Used in Reliance Methodology (OO297)
PartnerLists,Extracted from formula,Sales Approach,Used in VeryHidden (QH323)
ProForma,Extracted from formula,Sales Approach,Used in Subject Operating Expense Ratio (TM468)
ProForma,Extracted from formula,Sales Approach,Used in Year-1 (UD509)
ProForma,Extracted from formula,Sales Approach,Used in Year-1 (UE509)
ProForma,Extracted from formula,Sales Approach,Used in Year-1 (UF509)
ProForma,Extracted from formula,Sales Approach,Used in Year-1 (UG509)
ProForma,Extracted from formula,Sales Approach,Used in Year-1 (UH509)
ProForma,Extracted from formula,Sales Approach,Used in Year-1 (UI509)
ProForma,Extracted from formula,Sales Approach,Used in Year-1 (UJ509)
ProForma,Extracted from formula,Sales Approach,Used in VeryHidden (UC510)
ProForma,Extracted from formula,Sales Approach,Used in VeryHidden (UD510)
ProForma,Extracted from formula,Sales Approach,Used in VeryHidden (UE510)
ProForma,Extracted from formula,Sales Approach,Used in VeryHidden (UF510)
ProForma,Extracted from formula,Sales Approach,Used in VeryHidden (UG510)
ProForma,Extracted from formula,Sales Approach,Used in VeryHidden (UH510)
ProForma,Extracted from formula,Sales Approach,Used in VeryHidden (UI510)
ProForma,Extracted from formula,Sales Approach,Used in VeryHidden (UJ510)
Improvements,Extracted from formula,Sales Approach,Used in Auto (UU577)
Improvements,Extracted from formula,Sales Approach,Used in Lease Up (UU578)
Improvements,Extracted from formula,Sales Approach,Used in Deferred Maintenance (UU579)
Improvements,Extracted from formula,Sales Approach,Used in Auto (UU580)
Improvements,Extracted from formula,Sales Approach,Used in Auto (UU581)
Improvements,Extracted from formula,Sales Approach,Used in Auto (UU582)
Improvements,Extracted from formula,Sales Approach,Used in Auto (UU583)
Improvements,Extracted from formula,Sales Approach,Used in Auto (UU590)
Improvements,Extracted from formula,Sales Approach,Used in Lease Up (UU591)
Improvements,Extracted from formula,Sales Approach,Used in Deferred Maintenance (UU592)
Improvements,Extracted from formula,Sales Approach,Used in Auto (UU593)
Improvements,Extracted from formula,Sales Approach,Used in Auto (UU594)
Improvements,Extracted from formula,Sales Approach,Used in Auto (UU595)
Improvements,Extracted from formula,Sales Approach,Used in Auto (UU596)
Improvements,Extracted from formula,Sales Approach,Used in Auto (UU606)
Improvements,Extracted from formula,Sales Approach,Used in Deferred Maintenance (UU607)
Improvements,Extracted from formula,Sales Approach,Used in Lease Up (UU608)
Improvements,Extracted from formula,Sales Approach,Used in Auto (UT609)
Improvements,Extracted from formula,Sales Approach,Used in Auto (UU609)
Improvements,Extracted from formula,Sales Approach,Used in Auto (UT610)
Improvements,Extracted from formula,Sales Approach,Used in Auto (UU610)
Improvements,Extracted from formula,Sales Approach,Used in Auto (UT611)
Improvements,Extracted from formula,Sales Approach,Used in Auto (UU611)
Improvements,Extracted from formula,Sales Approach,Used in Auto (UT612)
Improvements,Extracted from formula,Sales Approach,Used in Auto (UU612)
SaleCompProfileSetup,Extracted from formula,Sale Comp Profiles,Used in VeryHidden (L1)
PartnerLists,Extracted from formula,Income Approach Setup,Used in Import financials in this year and newer than this year (H27)
Improvements,Extracted from formula,Lease Grid,Used in No. of Units (G42)
