Sheet,Cell,Formula,Named Range
File Info,A28,"=1/(Z_FileInfo_ShowHide<>""Hide"")",
Improvements,AB138,"=IF(AND(Improvements_NoOfBuildingsSummary>1,Z_Improvements_Foundation_ShowHide<>""Show""),AB$58,"""")",
Improvements,AC138,"=IF(AND(Improvements_NoOfBuildingsSummary>1,Z_Improvements_Foundation_ShowHide<>""Show""),AC$58,"""")",
Improvements,AD138,"=IF(AND(Improvements_NoOfBuildingsSummary>1,Z_Improvements_Foundation_ShowHide<>""Show""),AD$58,"""")",
Improvements,AE138,"=IF(AND(Improvements_NoOfBuildingsSummary>1,Z_Improvements_Foundation_ShowHide<>""Show""),AE$58,"""")",
Improvements,AF138,"=IF(AND(Improvements_NoOfBuildingsSummary>1,Z_Improvements_Foundation_ShowHide<>""Show""),AF$58,"""")",
Improvements,AG138,"=IF(AND(Improvements_NoOfBuildingsSummary>1,Z_Improvements_Foundation_ShowHide<>""Show""),AG$58,"""")",
Improvements,AH138,"=IF(AND(Improvements_NoOfBuildingsSummary>1,Z_Improvements_Foundation_ShowHide<>""Show""),AH$58,"""")",
Improvements,AI138,"=IF(AND(Improvements_NoOfBuildingsSummary>1,Z_Improvements_Foundation_ShowHide<>""Show""),AI$58,"""")",
Improvements,AJ138,"=IF(AND(Improvements_NoOfBuildingsSummary>1,Z_Improvements_Foundation_ShowHide<>""Show""),AJ$58,"""")",
Improvements,AK138,"=IF(AND(Improvements_NoOfBuildingsSummary>1,Z_Improvements_Foundation_ShowHide<>""Show""),AK$58,"""")",
Improvements,AB162,"=IF(AND(Improvements_NoOfBuildingsSummary>1,Z_Improvements_Foundation_ShowHide<>""Show""),AB$58,"""")",
Improvements,AC162,"=IF(AND(Improvements_NoOfBuildingsSummary>1,Z_Improvements_Foundation_ShowHide<>""Show""),AC$58,"""")",
Improvements,AD162,"=IF(AND(Improvements_NoOfBuildingsSummary>1,Z_Improvements_Foundation_ShowHide<>""Show""),AD$58,"""")",
Improvements,AE162,"=IF(AND(Improvements_NoOfBuildingsSummary>1,Z_Improvements_Foundation_ShowHide<>""Show""),AE$58,"""")",
Improvements,AF162,"=IF(AND(Improvements_NoOfBuildingsSummary>1,Z_Improvements_Foundation_ShowHide<>""Show""),AF$58,"""")",
Improvements,AG162,"=IF(AND(Improvements_NoOfBuildingsSummary>1,Z_Improvements_Foundation_ShowHide<>""Show""),AG$58,"""")",
Improvements,AH162,"=IF(AND(Improvements_NoOfBuildingsSummary>1,Z_Improvements_Foundation_ShowHide<>""Show""),AH$58,"""")",
Improvements,AI162,"=IF(AND(Improvements_NoOfBuildingsSummary>1,Z_Improvements_Foundation_ShowHide<>""Show""),AI$58,"""")",
Improvements,AJ162,"=IF(AND(Improvements_NoOfBuildingsSummary>1,Z_Improvements_Foundation_ShowHide<>""Show""),AJ$58,"""")",
Improvements,AK162,"=IF(AND(Improvements_NoOfBuildingsSummary>1,Z_Improvements_Foundation_ShowHide<>""Show""),AK$58,"""")",
Improvements,AB176,"=IF(AND(Improvements_NoOfBuildingsSummary>1,Z_Improvements_Foundation_ShowHide<>""Show""),AB$58,"""")",
Improvements,AC176,"=IF(AND(Improvements_NoOfBuildingsSummary>1,Z_Improvements_Foundation_ShowHide<>""Show""),AC$58,"""")",
Improvements,AD176,"=IF(AND(Improvements_NoOfBuildingsSummary>1,Z_Improvements_Foundation_ShowHide<>""Show""),AD$58,"""")",
Improvements,AE176,"=IF(AND(Improvements_NoOfBuildingsSummary>1,Z_Improvements_Foundation_ShowHide<>""Show""),AE$58,"""")",
Improvements,AF176,"=IF(AND(Improvements_NoOfBuildingsSummary>1,Z_Improvements_Foundation_ShowHide<>""Show""),AF$58,"""")",
Improvements,AG176,"=IF(AND(Improvements_NoOfBuildingsSummary>1,Z_Improvements_Foundation_ShowHide<>""Show""),AG$58,"""")",
Improvements,AH176,"=IF(AND(Improvements_NoOfBuildingsSummary>1,Z_Improvements_Foundation_ShowHide<>""Show""),AH$58,"""")",
Improvements,AI176,"=IF(AND(Improvements_NoOfBuildingsSummary>1,Z_Improvements_Foundation_ShowHide<>""Show""),AI$58,"""")",
Improvements,AJ176,"=IF(AND(Improvements_NoOfBuildingsSummary>1,Z_Improvements_Foundation_ShowHide<>""Show""),AJ$58,"""")",
Improvements,AK176,"=IF(AND(Improvements_NoOfBuildingsSummary>1,Z_Improvements_Foundation_ShowHide<>""Show""),AK$58,"""")",
Improvements,AB193,"=IF(AND(Improvements_NoOfBuildingsSummary>1,Z_Improvements_Foundation_ShowHide<>""Show""),AB$58,"""")",
Improvements,AC193,"=IF(AND(Improvements_NoOfBuildingsSummary>1,Z_Improvements_Foundation_ShowHide<>""Show""),AC$58,"""")",
Improvements,AD193,"=IF(AND(Improvements_NoOfBuildingsSummary>1,Z_Improvements_Foundation_ShowHide<>""Show""),AD$58,"""")",
Improvements,AE193,"=IF(AND(Improvements_NoOfBuildingsSummary>1,Z_Improvements_Foundation_ShowHide<>""Show""),AE$58,"""")",
Improvements,AF193,"=IF(AND(Improvements_NoOfBuildingsSummary>1,Z_Improvements_Foundation_ShowHide<>""Show""),AF$58,"""")",
Improvements,AG193,"=IF(AND(Improvements_NoOfBuildingsSummary>1,Z_Improvements_Foundation_ShowHide<>""Show""),AG$58,"""")",
Improvements,AH193,"=IF(AND(Improvements_NoOfBuildingsSummary>1,Z_Improvements_Foundation_ShowHide<>""Show""),AH$58,"""")",
Improvements,AI193,"=IF(AND(Improvements_NoOfBuildingsSummary>1,Z_Improvements_Foundation_ShowHide<>""Show""),AI$58,"""")",
Improvements,AJ193,"=IF(AND(Improvements_NoOfBuildingsSummary>1,Z_Improvements_Foundation_ShowHide<>""Show""),AJ$58,"""")",
Improvements,AK193,"=IF(AND(Improvements_NoOfBuildingsSummary>1,Z_Improvements_Foundation_ShowHide<>""Show""),AK$58,"""")",
Sales Grid,FW710,"=IF(SalesGrid_ShowHideCompSections<>0,SalesGrid_ShowHideCompSections,"""")&"" Property Type Characteristics""",
Sales Grid,FT711,"=IFERROR(IF(OR(SalesGrid_ShowHideCompSections=""Office"",N1PropertyType=""Office/Warehouse""),""Show"",""Hide""),""Hide"")",
Sales Grid,FT712,"=IFERROR(IF(OR(SalesGrid_ShowHideCompSections=""Office"",N1PropertyType=""Office/Warehouse""),""Show"",""Hide""),""Hide"")",
Sales Grid,FT713,"=IFERROR(IF(OR(SalesGrid_ShowHideCompSections=""Office"",N1PropertyType=""Office/Warehouse""),""Show"",""Hide""),""Hide"")",
Sales Grid,FT714,"=IFERROR(IF(OR(SalesGrid_ShowHideCompSections=""Office"",N1PropertyType=""Office/Warehouse""),""Show"",""Hide""),""Hide"")",
Sales Grid,FT715,"=IFERROR(IF(OR(SalesGrid_ShowHideCompSections=""Office"",N1PropertyType=""Office/Warehouse""),""Show"",""Hide""),""Hide"")",
Sales Grid,FT716,"=IFERROR(IF(OR(SalesGrid_ShowHideCompSections=""Office"",N1PropertyType=""Office/Warehouse""),""Show"",""Hide""),""Hide"")",
Sales Grid,FT717,"=IFERROR(IF(OR(SalesGrid_ShowHideCompSections=""Retail-Commercial"",SalesGrid_ShowHideCompSections=""Shopping Center""),""Show"",""Hide""),""Hide"")",
Sales Grid,FT718,"=IFERROR(IF(OR(SalesGrid_ShowHideCompSections=""Retail-Commercial"",SalesGrid_ShowHideCompSections=""Shopping Center""),""Show"",""Hide""),""Hide"")",
Sales Grid,FT719,"=IFERROR(IF(OR(SalesGrid_ShowHideCompSections=""Retail-Commercial"",SalesGrid_ShowHideCompSections=""Shopping Center""),""Show"",""Hide""),""Hide"")",
Sales Grid,FT720,"=IFERROR(IF(OR(SalesGrid_ShowHideCompSections=""Retail-Commercial"",SalesGrid_ShowHideCompSections=""Shopping Center""),""Show"",""Hide""),""Hide"")",
Sales Grid,FT721,"=IFERROR(IF(OR(SalesGrid_ShowHideCompSections=""Retail-Commercial"",SalesGrid_ShowHideCompSections=""Shopping Center""),""Show"",""Hide""),""Hide"")",
Sales Grid,FT722,"=IFERROR(IF(OR(SalesGrid_ShowHideCompSections=""Retail-Commercial"",SalesGrid_ShowHideCompSections=""Shopping Center""),""Show"",""Hide""),""Hide"")",
Sales Grid,FT723,"=IF(OR(SalesGrid_ShowHideCompSections=""Industrial"",N1PropertyType=""Office/Warehouse""),""Show"",""Hide"")",
Sales Grid,FT724,"=IF(OR(SalesGrid_ShowHideCompSections=""Industrial"",N1PropertyType=""Office/Warehouse""),""Show"",""Hide"")",
Sales Grid,FT725,"=IF(OR(SalesGrid_ShowHideCompSections=""Industrial"",N1PropertyType=""Office/Warehouse""),""Show"",""Hide"")",
Sales Grid,FT726,"=IF(OR(SalesGrid_ShowHideCompSections=""Industrial"",N1PropertyType=""Office/Warehouse""),""Show"",""Hide"")",
Sales Grid,FT727,"=IF(OR(SalesGrid_ShowHideCompSections=""Industrial"",N1PropertyType=""Office/Warehouse""),""Show"",""Hide"")",
Sales Grid,FT728,"=IF(OR(SalesGrid_ShowHideCompSections=""Industrial"",N1PropertyType=""Office/Warehouse""),""Show"",""Hide"")",
Sales Grid,FT729,"=IF(SalesGrid_ShowHideCompSections=""Multi-Family"",""Show"",""Hide"")",
Sales Grid,FT730,"=IF(SalesGrid_ShowHideCompSections=""Multi-Family"",""Show"",""Hide"")",
Sales Grid,FT731,"=IF(SalesGrid_ShowHideCompSections=""Multi-Family"",""Show"",""Hide"")",
Sales Grid,FT732,"=IF(SalesGrid_ShowHideCompSections=""Multi-Family"",""Show"",""Hide"")",
Sales Grid,FT733,"=IF(SalesGrid_ShowHideCompSections=""Senior Housing"",""Show"",""Hide"")",
Sales Grid,FT734,"=IF(SalesGrid_ShowHideCompSections=""Senior Housing"",""Show"",""Hide"")",
Sales Grid,FT735,"=IF(SalesGrid_ShowHideCompSections=""Senior Housing"",""Show"",""Hide"")",
Sales Grid,FT736,"=IF(SalesGrid_ShowHideCompSections=""Senior Housing"",""Show"",""Hide"")",
Sales Grid,FT737,"=IF(SalesGrid_ShowHideCompSections=""Senior Housing"",""Show"",""Hide"")",
Sales Grid,FT738,"=IF(SalesGrid_ShowHideCompSections=""Senior Housing"",""Show"",""Hide"")",
Sales Grid,FT739,"=IF(SalesGrid_ShowHideCompSections=""Lodging & Hospitality"",""Show"",""Hide"")",
Sales Grid,FT740,"=IF(SalesGrid_ShowHideCompSections=""Lodging & Hospitality"",""Show"",""Hide"")",
Sales Grid,FT741,"=IF(SalesGrid_ShowHideCompSections=""Lodging & Hospitality"",""Show"",""Hide"")",
Sales Grid,FT742,"=IFERROR(IF(OR(SalesGrid_ShowHideCompSections=""Multi-Family"",SalesGrid_ShowHideCompSections=""Senior Housing"",SalesGrid_ShowHideCompSections=""Lodging & Hospitality""),""Show"",""Hide""),""Hide"")",
Sales Grid,FT743,"=IFERROR(IF(OR(SalesGrid_ShowHideCompSections=""Multi-Family"",SalesGrid_ShowHideCompSections=""Senior Housing"",SalesGrid_ShowHideCompSections=""Lodging & Hospitality""),""Show"",""Hide""),""Hide"")",
Sales Grid,FT816,"=IFERROR(IF(OR(SalesGrid_ShowHideCompSections=""Office"",N1PropertyType=""Office/Warehouse""),""Show"",""Hide""),""Hide"")",
Sales Grid,FT817,"=IFERROR(IF(OR(SalesGrid_ShowHideCompSections=""Office"",N1PropertyType=""Office/Warehouse""),""Show"",""Hide""),""Hide"")",
Sales Grid,FT818,"=IFERROR(IF(OR(SalesGrid_ShowHideCompSections=""Office"",N1PropertyType=""Office/Warehouse""),""Show"",""Hide""),""Hide"")",
Sales Grid,FT819,"=IFERROR(IF(OR(SalesGrid_ShowHideCompSections=""Office"",N1PropertyType=""Office/Warehouse""),""Show"",""Hide""),""Hide"")",
Sales Grid,FT820,"=IFERROR(IF(OR(SalesGrid_ShowHideCompSections=""Office"",N1PropertyType=""Office/Warehouse""),""Show"",""Hide""),""Hide"")",
Sales Grid,FT821,"=IFERROR(IF(OR(SalesGrid_ShowHideCompSections=""Office"",N1PropertyType=""Office/Warehouse""),""Show"",""Hide""),""Hide"")",
Sales Grid,FT822,"=IFERROR(IF(OR(SalesGrid_ShowHideCompSections=""Retail-Commercial"",SalesGrid_ShowHideCompSections=""Shopping Center""),""Show"",""Hide""),""Hide"")",
Sales Grid,FT823,"=IFERROR(IF(OR(SalesGrid_ShowHideCompSections=""Retail-Commercial"",SalesGrid_ShowHideCompSections=""Shopping Center""),""Show"",""Hide""),""Hide"")",
Sales Grid,FT824,"=IFERROR(IF(OR(SalesGrid_ShowHideCompSections=""Retail-Commercial"",SalesGrid_ShowHideCompSections=""Shopping Center""),""Show"",""Hide""),""Hide"")",
Sales Grid,FT825,"=IFERROR(IF(OR(SalesGrid_ShowHideCompSections=""Retail-Commercial"",SalesGrid_ShowHideCompSections=""Shopping Center""),""Show"",""Hide""),""Hide"")",
Sales Grid,FT826,"=IFERROR(IF(OR(SalesGrid_ShowHideCompSections=""Retail-Commercial"",SalesGrid_ShowHideCompSections=""Shopping Center""),""Show"",""Hide""),""Hide"")",
Sales Grid,FT827,"=IFERROR(IF(OR(SalesGrid_ShowHideCompSections=""Retail-Commercial"",SalesGrid_ShowHideCompSections=""Shopping Center""),""Show"",""Hide""),""Hide"")",
Sales Grid,FT828,"=IF(OR(SalesGrid_ShowHideCompSections=""Industrial"",N1PropertyType=""Office/Warehouse""),""Show"",""Hide"")",
Sales Grid,FT829,"=IF(OR(SalesGrid_ShowHideCompSections=""Industrial"",N1PropertyType=""Office/Warehouse""),""Show"",""Hide"")",
Sales Grid,FT830,"=IF(OR(SalesGrid_ShowHideCompSections=""Industrial"",N1PropertyType=""Office/Warehouse""),""Show"",""Hide"")",
Sales Grid,FT831,"=IF(OR(SalesGrid_ShowHideCompSections=""Industrial"",N1PropertyType=""Office/Warehouse""),""Show"",""Hide"")",
Sales Grid,FT832,"=IF(OR(SalesGrid_ShowHideCompSections=""Industrial"",N1PropertyType=""Office/Warehouse""),""Show"",""Hide"")",
Sales Grid,FT833,"=IF(OR(SalesGrid_ShowHideCompSections=""Industrial"",N1PropertyType=""Office/Warehouse""),""Show"",""Hide"")",
Sales Grid,FT834,"=IF(SalesGrid_ShowHideCompSections=""Multi-Family"",""Show"",""Hide"")",
Sales Grid,FT835,"=IF(SalesGrid_ShowHideCompSections=""Multi-Family"",""Show"",""Hide"")",
Sales Grid,FT836,"=IF(SalesGrid_ShowHideCompSections=""Multi-Family"",""Show"",""Hide"")",
Sales Grid,FT837,"=IF(SalesGrid_ShowHideCompSections=""Multi-Family"",""Show"",""Hide"")",
Sales Grid,FT838,"=IF(SalesGrid_ShowHideCompSections=""Senior Housing"",""Show"",""Hide"")",
Sales Grid,FT839,"=IF(SalesGrid_ShowHideCompSections=""Senior Housing"",""Show"",""Hide"")",
Sales Grid,FT840,"=IF(SalesGrid_ShowHideCompSections=""Senior Housing"",""Show"",""Hide"")",
Sales Grid,FT841,"=IF(SalesGrid_ShowHideCompSections=""Senior Housing"",""Show"",""Hide"")",
Sales Grid,FT842,"=IF(SalesGrid_ShowHideCompSections=""Senior Housing"",""Show"",""Hide"")",
Sales Grid,FT843,"=IF(SalesGrid_ShowHideCompSections=""Senior Housing"",""Show"",""Hide"")",
Sales Grid,FT844,"=IF(SalesGrid_ShowHideCompSections=""Lodging & Hospitality"",""Show"",""Hide"")",
Sales Grid,FT845,"=IF(SalesGrid_ShowHideCompSections=""Lodging & Hospitality"",""Show"",""Hide"")",
Sales Grid,FT846,"=IF(SalesGrid_ShowHideCompSections=""Lodging & Hospitality"",""Show"",""Hide"")",
Sales Grid,FT921,"=IFERROR(IF(OR(SalesGrid_ShowHideCompSections=""Office"",N1PropertyType=""Office/Warehouse""),""Show"",""Hide""),""Hide"")",
Sales Grid,FT922,"=IFERROR(IF(OR(SalesGrid_ShowHideCompSections=""Office"",N1PropertyType=""Office/Warehouse""),""Show"",""Hide""),""Hide"")",
Sales Grid,FT923,"=IFERROR(IF(OR(SalesGrid_ShowHideCompSections=""Office"",N1PropertyType=""Office/Warehouse""),""Show"",""Hide""),""Hide"")",
Sales Grid,FT924,"=IFERROR(IF(OR(SalesGrid_ShowHideCompSections=""Office"",N1PropertyType=""Office/Warehouse""),""Show"",""Hide""),""Hide"")",
Sales Grid,FT925,"=IFERROR(IF(OR(SalesGrid_ShowHideCompSections=""Office"",N1PropertyType=""Office/Warehouse""),""Show"",""Hide""),""Hide"")",
Sales Grid,FT926,"=IFERROR(IF(OR(SalesGrid_ShowHideCompSections=""Office"",N1PropertyType=""Office/Warehouse""),""Show"",""Hide""),""Hide"")",
Sales Grid,FT927,"=IFERROR(IF(OR(SalesGrid_ShowHideCompSections=""Retail-Commercial"",SalesGrid_ShowHideCompSections=""Shopping Center""),""Show"",""Hide""),""Hide"")",
Sales Grid,FT928,"=IFERROR(IF(OR(SalesGrid_ShowHideCompSections=""Retail-Commercial"",SalesGrid_ShowHideCompSections=""Shopping Center""),""Show"",""Hide""),""Hide"")",
Sales Grid,FT929,"=IFERROR(IF(OR(SalesGrid_ShowHideCompSections=""Retail-Commercial"",SalesGrid_ShowHideCompSections=""Shopping Center""),""Show"",""Hide""),""Hide"")",
Sales Grid,FT930,"=IFERROR(IF(OR(SalesGrid_ShowHideCompSections=""Retail-Commercial"",SalesGrid_ShowHideCompSections=""Shopping Center""),""Show"",""Hide""),""Hide"")",
Sales Grid,FT931,"=IFERROR(IF(OR(SalesGrid_ShowHideCompSections=""Retail-Commercial"",SalesGrid_ShowHideCompSections=""Shopping Center""),""Show"",""Hide""),""Hide"")",
Sales Grid,FT932,"=IFERROR(IF(OR(SalesGrid_ShowHideCompSections=""Retail-Commercial"",SalesGrid_ShowHideCompSections=""Shopping Center""),""Show"",""Hide""),""Hide"")",
Sales Grid,FT933,"=IF(OR(SalesGrid_ShowHideCompSections=""Industrial"",N1PropertyType=""Office/Warehouse""),""Show"",""Hide"")",
Sales Grid,FT934,"=IF(OR(SalesGrid_ShowHideCompSections=""Industrial"",N1PropertyType=""Office/Warehouse""),""Show"",""Hide"")",
Sales Grid,FT935,"=IF(OR(SalesGrid_ShowHideCompSections=""Industrial"",N1PropertyType=""Office/Warehouse""),""Show"",""Hide"")",
Sales Grid,FT936,"=IF(OR(SalesGrid_ShowHideCompSections=""Industrial"",N1PropertyType=""Office/Warehouse""),""Show"",""Hide"")",
Sales Grid,FT937,"=IF(OR(SalesGrid_ShowHideCompSections=""Industrial"",N1PropertyType=""Office/Warehouse""),""Show"",""Hide"")",
Sales Grid,FT938,"=IF(OR(SalesGrid_ShowHideCompSections=""Industrial"",N1PropertyType=""Office/Warehouse""),""Show"",""Hide"")",
Sales Grid,FT939,"=IF(SalesGrid_ShowHideCompSections=""Multi-Family"",""Show"",""Hide"")",
Sales Grid,FT940,"=IF(SalesGrid_ShowHideCompSections=""Multi-Family"",""Show"",""Hide"")",
Sales Grid,FT941,"=IF(SalesGrid_ShowHideCompSections=""Multi-Family"",""Show"",""Hide"")",
Sales Grid,FT942,"=IF(SalesGrid_ShowHideCompSections=""Multi-Family"",""Show"",""Hide"")",
Sales Grid,FT943,"=IF(SalesGrid_ShowHideCompSections=""Senior Housing"",""Show"",""Hide"")",
Sales Grid,FT944,"=IF(SalesGrid_ShowHideCompSections=""Senior Housing"",""Show"",""Hide"")",
Sales Grid,FT945,"=IF(SalesGrid_ShowHideCompSections=""Senior Housing"",""Show"",""Hide"")",
Sales Grid,FT946,"=IF(SalesGrid_ShowHideCompSections=""Senior Housing"",""Show"",""Hide"")",
Sales Grid,FT947,"=IF(SalesGrid_ShowHideCompSections=""Senior Housing"",""Show"",""Hide"")",
Sales Grid,FT948,"=IF(SalesGrid_ShowHideCompSections=""Senior Housing"",""Show"",""Hide"")",
Sales Grid,FT949,"=IF(SalesGrid_ShowHideCompSections=""Lodging & Hospitality"",""Show"",""Hide"")",
Sales Grid,FT950,"=IF(SalesGrid_ShowHideCompSections=""Lodging & Hospitality"",""Show"",""Hide"")",
Sales Grid,FT951,"=IF(SalesGrid_ShowHideCompSections=""Lodging & Hospitality"",""Show"",""Hide"")",
Sales Grid,FT1026,"=IFERROR(IF(OR(SalesGrid_ShowHideCompSections=""Office"",N1PropertyType=""Office/Warehouse""),""Show"",""Hide""),""Hide"")",
Sales Grid,FT1027,"=IFERROR(IF(OR(SalesGrid_ShowHideCompSections=""Office"",N1PropertyType=""Office/Warehouse""),""Show"",""Hide""),""Hide"")",
Sales Grid,FT1028,"=IFERROR(IF(OR(SalesGrid_ShowHideCompSections=""Office"",N1PropertyType=""Office/Warehouse""),""Show"",""Hide""),""Hide"")",
Sales Grid,FT1029,"=IFERROR(IF(OR(SalesGrid_ShowHideCompSections=""Office"",N1PropertyType=""Office/Warehouse""),""Show"",""Hide""),""Hide"")",
Sales Grid,FT1030,"=IFERROR(IF(OR(SalesGrid_ShowHideCompSections=""Office"",N1PropertyType=""Office/Warehouse""),""Show"",""Hide""),""Hide"")",
Sales Grid,FT1031,"=IFERROR(IF(OR(SalesGrid_ShowHideCompSections=""Office"",N1PropertyType=""Office/Warehouse""),""Show"",""Hide""),""Hide"")",
Sales Grid,FT1032,"=IFERROR(IF(OR(SalesGrid_ShowHideCompSections=""Retail-Commercial"",SalesGrid_ShowHideCompSections=""Shopping Center""),""Show"",""Hide""),""Hide"")",
Sales Grid,FT1033,"=IFERROR(IF(OR(SalesGrid_ShowHideCompSections=""Retail-Commercial"",SalesGrid_ShowHideCompSections=""Shopping Center""),""Show"",""Hide""),""Hide"")",
Sales Grid,FT1034,"=IFERROR(IF(OR(SalesGrid_ShowHideCompSections=""Retail-Commercial"",SalesGrid_ShowHideCompSections=""Shopping Center""),""Show"",""Hide""),""Hide"")",
Sales Grid,FT1035,"=IFERROR(IF(OR(SalesGrid_ShowHideCompSections=""Retail-Commercial"",SalesGrid_ShowHideCompSections=""Shopping Center""),""Show"",""Hide""),""Hide"")",
Sales Grid,FT1036,"=IFERROR(IF(OR(SalesGrid_ShowHideCompSections=""Retail-Commercial"",SalesGrid_ShowHideCompSections=""Shopping Center""),""Show"",""Hide""),""Hide"")",
Sales Grid,FT1037,"=IFERROR(IF(OR(SalesGrid_ShowHideCompSections=""Retail-Commercial"",SalesGrid_ShowHideCompSections=""Shopping Center""),""Show"",""Hide""),""Hide"")",
Sales Grid,FT1038,"=IF(OR(SalesGrid_ShowHideCompSections=""Industrial"",N1PropertyType=""Office/Warehouse""),""Show"",""Hide"")",
Sales Grid,FT1039,"=IF(OR(SalesGrid_ShowHideCompSections=""Industrial"",N1PropertyType=""Office/Warehouse""),""Show"",""Hide"")",
Sales Grid,FT1040,"=IF(OR(SalesGrid_ShowHideCompSections=""Industrial"",N1PropertyType=""Office/Warehouse""),""Show"",""Hide"")",
Sales Grid,FT1041,"=IF(OR(SalesGrid_ShowHideCompSections=""Industrial"",N1PropertyType=""Office/Warehouse""),""Show"",""Hide"")",
Sales Grid,FT1042,"=IF(OR(SalesGrid_ShowHideCompSections=""Industrial"",N1PropertyType=""Office/Warehouse""),""Show"",""Hide"")",
Sales Grid,FT1043,"=IF(OR(SalesGrid_ShowHideCompSections=""Industrial"",N1PropertyType=""Office/Warehouse""),""Show"",""Hide"")",
Sales Grid,FT1044,"=IF(SalesGrid_ShowHideCompSections=""Multi-Family"",""Show"",""Hide"")",
Sales Grid,FT1045,"=IF(SalesGrid_ShowHideCompSections=""Multi-Family"",""Show"",""Hide"")",
Sales Grid,FT1046,"=IF(SalesGrid_ShowHideCompSections=""Multi-Family"",""Show"",""Hide"")",
Sales Grid,FT1047,"=IF(SalesGrid_ShowHideCompSections=""Multi-Family"",""Show"",""Hide"")",
Sales Grid,FT1048,"=IF(SalesGrid_ShowHideCompSections=""Senior Housing"",""Show"",""Hide"")",
Sales Grid,FT1049,"=IF(SalesGrid_ShowHideCompSections=""Senior Housing"",""Show"",""Hide"")",
Sales Grid,FT1050,"=IF(SalesGrid_ShowHideCompSections=""Senior Housing"",""Show"",""Hide"")",
Sales Grid,FT1051,"=IF(SalesGrid_ShowHideCompSections=""Senior Housing"",""Show"",""Hide"")",
Sales Grid,FT1052,"=IF(SalesGrid_ShowHideCompSections=""Senior Housing"",""Show"",""Hide"")",
Sales Grid,FT1053,"=IF(SalesGrid_ShowHideCompSections=""Senior Housing"",""Show"",""Hide"")",
Sales Grid,FT1054,"=IF(SalesGrid_ShowHideCompSections=""Lodging & Hospitality"",""Show"",""Hide"")",
Sales Grid,FT1055,"=IF(SalesGrid_ShowHideCompSections=""Lodging & Hospitality"",""Show"",""Hide"")",
Sales Grid,FT1056,"=IF(SalesGrid_ShowHideCompSections=""Lodging & Hospitality"",""Show"",""Hide"")",
Sales Grid,FT1131,"=IFERROR(IF(OR(SalesGrid_ShowHideCompSections=""Office"",N1PropertyType=""Office/Warehouse""),""Show"",""Hide""),""Hide"")",
Sales Grid,FT1132,"=IFERROR(IF(OR(SalesGrid_ShowHideCompSections=""Office"",N1PropertyType=""Office/Warehouse""),""Show"",""Hide""),""Hide"")",
Sales Grid,FT1133,"=IFERROR(IF(OR(SalesGrid_ShowHideCompSections=""Office"",N1PropertyType=""Office/Warehouse""),""Show"",""Hide""),""Hide"")",
Sales Grid,FT1134,"=IFERROR(IF(OR(SalesGrid_ShowHideCompSections=""Office"",N1PropertyType=""Office/Warehouse""),""Show"",""Hide""),""Hide"")",
Sales Grid,FT1135,"=IFERROR(IF(OR(SalesGrid_ShowHideCompSections=""Office"",N1PropertyType=""Office/Warehouse""),""Show"",""Hide""),""Hide"")",
Sales Grid,FT1136,"=IFERROR(IF(OR(SalesGrid_ShowHideCompSections=""Office"",N1PropertyType=""Office/Warehouse""),""Show"",""Hide""),""Hide"")",
Sales Grid,FT1137,"=IFERROR(IF(OR(SalesGrid_ShowHideCompSections=""Retail-Commercial"",SalesGrid_ShowHideCompSections=""Shopping Center""),""Show"",""Hide""),""Hide"")",
Sales Grid,FT1138,"=IFERROR(IF(OR(SalesGrid_ShowHideCompSections=""Retail-Commercial"",SalesGrid_ShowHideCompSections=""Shopping Center""),""Show"",""Hide""),""Hide"")",
Sales Grid,FT1139,"=IFERROR(IF(OR(SalesGrid_ShowHideCompSections=""Retail-Commercial"",SalesGrid_ShowHideCompSections=""Shopping Center""),""Show"",""Hide""),""Hide"")",
Sales Grid,FT1140,"=IFERROR(IF(OR(SalesGrid_ShowHideCompSections=""Retail-Commercial"",SalesGrid_ShowHideCompSections=""Shopping Center""),""Show"",""Hide""),""Hide"")",
Sales Grid,FT1141,"=IFERROR(IF(OR(SalesGrid_ShowHideCompSections=""Retail-Commercial"",SalesGrid_ShowHideCompSections=""Shopping Center""),""Show"",""Hide""),""Hide"")",
Sales Grid,FT1142,"=IFERROR(IF(OR(SalesGrid_ShowHideCompSections=""Retail-Commercial"",SalesGrid_ShowHideCompSections=""Shopping Center""),""Show"",""Hide""),""Hide"")",
Sales Grid,FT1143,"=IF(OR(SalesGrid_ShowHideCompSections=""Industrial"",N1PropertyType=""Office/Warehouse""),""Show"",""Hide"")",
Sales Grid,FT1144,"=IF(OR(SalesGrid_ShowHideCompSections=""Industrial"",N1PropertyType=""Office/Warehouse""),""Show"",""Hide"")",
Sales Grid,FT1145,"=IF(OR(SalesGrid_ShowHideCompSections=""Industrial"",N1PropertyType=""Office/Warehouse""),""Show"",""Hide"")",
Sales Grid,FT1146,"=IF(OR(SalesGrid_ShowHideCompSections=""Industrial"",N1PropertyType=""Office/Warehouse""),""Show"",""Hide"")",
Sales Grid,FT1147,"=IF(OR(SalesGrid_ShowHideCompSections=""Industrial"",N1PropertyType=""Office/Warehouse""),""Show"",""Hide"")",
Sales Grid,FT1148,"=IF(OR(SalesGrid_ShowHideCompSections=""Industrial"",N1PropertyType=""Office/Warehouse""),""Show"",""Hide"")",
Sales Grid,FT1149,"=IF(SalesGrid_ShowHideCompSections=""Multi-Family"",""Show"",""Hide"")",
Sales Grid,FT1150,"=IF(SalesGrid_ShowHideCompSections=""Multi-Family"",""Show"",""Hide"")",
Sales Grid,FT1151,"=IF(SalesGrid_ShowHideCompSections=""Multi-Family"",""Show"",""Hide"")",
Sales Grid,FT1152,"=IF(SalesGrid_ShowHideCompSections=""Multi-Family"",""Show"",""Hide"")",
Sales Grid,FT1153,"=IF(SalesGrid_ShowHideCompSections=""Senior Housing"",""Show"",""Hide"")",
Sales Grid,FT1154,"=IF(SalesGrid_ShowHideCompSections=""Senior Housing"",""Show"",""Hide"")",
Sales Grid,FT1155,"=IF(SalesGrid_ShowHideCompSections=""Senior Housing"",""Show"",""Hide"")",
Sales Grid,FT1156,"=IF(SalesGrid_ShowHideCompSections=""Senior Housing"",""Show"",""Hide"")",
Sales Grid,FT1157,"=IF(SalesGrid_ShowHideCompSections=""Senior Housing"",""Show"",""Hide"")",
Sales Grid,FT1158,"=IF(SalesGrid_ShowHideCompSections=""Senior Housing"",""Show"",""Hide"")",
Sales Grid,FT1159,"=IF(SalesGrid_ShowHideCompSections=""Lodging & Hospitality"",""Show"",""Hide"")",
Sales Grid,FT1160,"=IF(SalesGrid_ShowHideCompSections=""Lodging & Hospitality"",""Show"",""Hide"")",
Sales Grid,FT1161,"=IF(SalesGrid_ShowHideCompSections=""Lodging & Hospitality"",""Show"",""Hide"")",
Sales Grid,FT1236,"=IFERROR(IF(OR(SalesGrid_ShowHideCompSections=""Office"",N1PropertyType=""Office/Warehouse""),""Show"",""Hide""),""Hide"")",
Sales Grid,FT1237,"=IFERROR(IF(OR(SalesGrid_ShowHideCompSections=""Office"",N1PropertyType=""Office/Warehouse""),""Show"",""Hide""),""Hide"")",
Sales Grid,FT1238,"=IFERROR(IF(OR(SalesGrid_ShowHideCompSections=""Office"",N1PropertyType=""Office/Warehouse""),""Show"",""Hide""),""Hide"")",
Sales Grid,FT1239,"=IFERROR(IF(OR(SalesGrid_ShowHideCompSections=""Office"",N1PropertyType=""Office/Warehouse""),""Show"",""Hide""),""Hide"")",
Sales Grid,FT1240,"=IFERROR(IF(OR(SalesGrid_ShowHideCompSections=""Office"",N1PropertyType=""Office/Warehouse""),""Show"",""Hide""),""Hide"")",
Sales Grid,FT1241,"=IFERROR(IF(OR(SalesGrid_ShowHideCompSections=""Office"",N1PropertyType=""Office/Warehouse""),""Show"",""Hide""),""Hide"")",
Sales Grid,FT1242,"=IFERROR(IF(OR(SalesGrid_ShowHideCompSections=""Retail-Commercial"",SalesGrid_ShowHideCompSections=""Shopping Center""),""Show"",""Hide""),""Hide"")",
Sales Grid,FT1243,"=IFERROR(IF(OR(SalesGrid_ShowHideCompSections=""Retail-Commercial"",SalesGrid_ShowHideCompSections=""Shopping Center""),""Show"",""Hide""),""Hide"")",
Sales Grid,FT1244,"=IFERROR(IF(OR(SalesGrid_ShowHideCompSections=""Retail-Commercial"",SalesGrid_ShowHideCompSections=""Shopping Center""),""Show"",""Hide""),""Hide"")",
Sales Grid,FT1245,"=IFERROR(IF(OR(SalesGrid_ShowHideCompSections=""Retail-Commercial"",SalesGrid_ShowHideCompSections=""Shopping Center""),""Show"",""Hide""),""Hide"")",
Sales Grid,FT1246,"=IFERROR(IF(OR(SalesGrid_ShowHideCompSections=""Retail-Commercial"",SalesGrid_ShowHideCompSections=""Shopping Center""),""Show"",""Hide""),""Hide"")",
Sales Grid,FT1247,"=IFERROR(IF(OR(SalesGrid_ShowHideCompSections=""Retail-Commercial"",SalesGrid_ShowHideCompSections=""Shopping Center""),""Show"",""Hide""),""Hide"")",
Sales Grid,FT1248,"=IF(OR(SalesGrid_ShowHideCompSections=""Industrial"",N1PropertyType=""Office/Warehouse""),""Show"",""Hide"")",
Sales Grid,FT1249,"=IF(OR(SalesGrid_ShowHideCompSections=""Industrial"",N1PropertyType=""Office/Warehouse""),""Show"",""Hide"")",
Sales Grid,FT1250,"=IF(OR(SalesGrid_ShowHideCompSections=""Industrial"",N1PropertyType=""Office/Warehouse""),""Show"",""Hide"")",
Sales Grid,FT1251,"=IF(OR(SalesGrid_ShowHideCompSections=""Industrial"",N1PropertyType=""Office/Warehouse""),""Show"",""Hide"")",
Sales Grid,FT1252,"=IF(OR(SalesGrid_ShowHideCompSections=""Industrial"",N1PropertyType=""Office/Warehouse""),""Show"",""Hide"")",
Sales Grid,FT1253,"=IF(OR(SalesGrid_ShowHideCompSections=""Industrial"",N1PropertyType=""Office/Warehouse""),""Show"",""Hide"")",
Sales Grid,FT1254,"=IF(SalesGrid_ShowHideCompSections=""Multi-Family"",""Show"",""Hide"")",
Sales Grid,FT1255,"=IF(SalesGrid_ShowHideCompSections=""Multi-Family"",""Show"",""Hide"")",
Sales Grid,FT1256,"=IF(SalesGrid_ShowHideCompSections=""Multi-Family"",""Show"",""Hide"")",
Sales Grid,FT1257,"=IF(SalesGrid_ShowHideCompSections=""Multi-Family"",""Show"",""Hide"")",
Sales Grid,FT1258,"=IF(SalesGrid_ShowHideCompSections=""Senior Housing"",""Show"",""Hide"")",
Sales Grid,FT1259,"=IF(SalesGrid_ShowHideCompSections=""Senior Housing"",""Show"",""Hide"")",
Sales Grid,FT1260,"=IF(SalesGrid_ShowHideCompSections=""Senior Housing"",""Show"",""Hide"")",
Sales Grid,FT1261,"=IF(SalesGrid_ShowHideCompSections=""Senior Housing"",""Show"",""Hide"")",
Sales Grid,FT1262,"=IF(SalesGrid_ShowHideCompSections=""Senior Housing"",""Show"",""Hide"")",
Sales Grid,FT1263,"=IF(SalesGrid_ShowHideCompSections=""Senior Housing"",""Show"",""Hide"")",
Sales Grid,FT1264,"=IF(SalesGrid_ShowHideCompSections=""Lodging & Hospitality"",""Show"",""Hide"")",
Sales Grid,FT1265,"=IF(SalesGrid_ShowHideCompSections=""Lodging & Hospitality"",""Show"",""Hide"")",
Sales Grid,FT1266,"=IF(SalesGrid_ShowHideCompSections=""Lodging & Hospitality"",""Show"",""Hide"")",
Sales Grid,FT1341,"=IFERROR(IF(OR(SalesGrid_ShowHideCompSections=""Office"",N1PropertyType=""Office/Warehouse""),""Show"",""Hide""),""Hide"")",
Sales Grid,FT1342,"=IFERROR(IF(OR(SalesGrid_ShowHideCompSections=""Office"",N1PropertyType=""Office/Warehouse""),""Show"",""Hide""),""Hide"")",
Sales Grid,FT1343,"=IFERROR(IF(OR(SalesGrid_ShowHideCompSections=""Office"",N1PropertyType=""Office/Warehouse""),""Show"",""Hide""),""Hide"")",
Sales Grid,FT1344,"=IFERROR(IF(OR(SalesGrid_ShowHideCompSections=""Office"",N1PropertyType=""Office/Warehouse""),""Show"",""Hide""),""Hide"")",
Sales Grid,FT1345,"=IFERROR(IF(OR(SalesGrid_ShowHideCompSections=""Office"",N1PropertyType=""Office/Warehouse""),""Show"",""Hide""),""Hide"")",
Sales Grid,FT1346,"=IFERROR(IF(OR(SalesGrid_ShowHideCompSections=""Office"",N1PropertyType=""Office/Warehouse""),""Show"",""Hide""),""Hide"")",
Sales Grid,FT1347,"=IFERROR(IF(OR(SalesGrid_ShowHideCompSections=""Retail-Commercial"",SalesGrid_ShowHideCompSections=""Shopping Center""),""Show"",""Hide""),""Hide"")",
Sales Grid,FT1348,"=IFERROR(IF(OR(SalesGrid_ShowHideCompSections=""Retail-Commercial"",SalesGrid_ShowHideCompSections=""Shopping Center""),""Show"",""Hide""),""Hide"")",
Sales Grid,FT1349,"=IFERROR(IF(OR(SalesGrid_ShowHideCompSections=""Retail-Commercial"",SalesGrid_ShowHideCompSections=""Shopping Center""),""Show"",""Hide""),""Hide"")",
Sales Grid,FT1350,"=IFERROR(IF(OR(SalesGrid_ShowHideCompSections=""Retail-Commercial"",SalesGrid_ShowHideCompSections=""Shopping Center""),""Show"",""Hide""),""Hide"")",
Sales Grid,FT1351,"=IFERROR(IF(OR(SalesGrid_ShowHideCompSections=""Retail-Commercial"",SalesGrid_ShowHideCompSections=""Shopping Center""),""Show"",""Hide""),""Hide"")",
Sales Grid,FT1352,"=IFERROR(IF(OR(SalesGrid_ShowHideCompSections=""Retail-Commercial"",SalesGrid_ShowHideCompSections=""Shopping Center""),""Show"",""Hide""),""Hide"")",
Sales Grid,FT1353,"=IF(OR(SalesGrid_ShowHideCompSections=""Industrial"",N1PropertyType=""Office/Warehouse""),""Show"",""Hide"")",
Sales Grid,FT1354,"=IF(OR(SalesGrid_ShowHideCompSections=""Industrial"",N1PropertyType=""Office/Warehouse""),""Show"",""Hide"")",
Sales Grid,FT1355,"=IF(OR(SalesGrid_ShowHideCompSections=""Industrial"",N1PropertyType=""Office/Warehouse""),""Show"",""Hide"")",
Sales Grid,FT1356,"=IF(OR(SalesGrid_ShowHideCompSections=""Industrial"",N1PropertyType=""Office/Warehouse""),""Show"",""Hide"")",
Sales Grid,FT1357,"=IF(OR(SalesGrid_ShowHideCompSections=""Industrial"",N1PropertyType=""Office/Warehouse""),""Show"",""Hide"")",
Sales Grid,FT1358,"=IF(OR(SalesGrid_ShowHideCompSections=""Industrial"",N1PropertyType=""Office/Warehouse""),""Show"",""Hide"")",
Sales Grid,FT1359,"=IF(SalesGrid_ShowHideCompSections=""Multi-Family"",""Show"",""Hide"")",
Sales Grid,FT1360,"=IF(SalesGrid_ShowHideCompSections=""Multi-Family"",""Show"",""Hide"")",
Sales Grid,FT1361,"=IF(SalesGrid_ShowHideCompSections=""Multi-Family"",""Show"",""Hide"")",
Sales Grid,FT1362,"=IF(SalesGrid_ShowHideCompSections=""Multi-Family"",""Show"",""Hide"")",
Sales Grid,FT1363,"=IF(SalesGrid_ShowHideCompSections=""Senior Housing"",""Show"",""Hide"")",
Sales Grid,FT1364,"=IF(SalesGrid_ShowHideCompSections=""Senior Housing"",""Show"",""Hide"")",
Sales Grid,FT1365,"=IF(SalesGrid_ShowHideCompSections=""Senior Housing"",""Show"",""Hide"")",
Sales Grid,FT1366,"=IF(SalesGrid_ShowHideCompSections=""Senior Housing"",""Show"",""Hide"")",
Sales Grid,FT1367,"=IF(SalesGrid_ShowHideCompSections=""Senior Housing"",""Show"",""Hide"")",
Sales Grid,FT1368,"=IF(SalesGrid_ShowHideCompSections=""Senior Housing"",""Show"",""Hide"")",
Sales Grid,FT1369,"=IF(SalesGrid_ShowHideCompSections=""Lodging & Hospitality"",""Show"",""Hide"")",
Sales Grid,FT1370,"=IF(SalesGrid_ShowHideCompSections=""Lodging & Hospitality"",""Show"",""Hide"")",
Sales Grid,FT1371,"=IF(SalesGrid_ShowHideCompSections=""Lodging & Hospitality"",""Show"",""Hide"")",
Sales Grid,FT1446,"=IFERROR(IF(OR(SalesGrid_ShowHideCompSections=""Office"",N1PropertyType=""Office/Warehouse""),""Show"",""Hide""),""Hide"")",
Sales Grid,FT1447,"=IFERROR(IF(OR(SalesGrid_ShowHideCompSections=""Office"",N1PropertyType=""Office/Warehouse""),""Show"",""Hide""),""Hide"")",
Sales Grid,FT1448,"=IFERROR(IF(OR(SalesGrid_ShowHideCompSections=""Office"",N1PropertyType=""Office/Warehouse""),""Show"",""Hide""),""Hide"")",
Sales Grid,FT1449,"=IFERROR(IF(OR(SalesGrid_ShowHideCompSections=""Office"",N1PropertyType=""Office/Warehouse""),""Show"",""Hide""),""Hide"")",
Sales Grid,FT1450,"=IFERROR(IF(OR(SalesGrid_ShowHideCompSections=""Office"",N1PropertyType=""Office/Warehouse""),""Show"",""Hide""),""Hide"")",
Sales Grid,FT1451,"=IFERROR(IF(OR(SalesGrid_ShowHideCompSections=""Office"",N1PropertyType=""Office/Warehouse""),""Show"",""Hide""),""Hide"")",
Sales Grid,FT1452,"=IFERROR(IF(OR(SalesGrid_ShowHideCompSections=""Retail-Commercial"",SalesGrid_ShowHideCompSections=""Shopping Center""),""Show"",""Hide""),""Hide"")",
Sales Grid,FT1453,"=IFERROR(IF(OR(SalesGrid_ShowHideCompSections=""Retail-Commercial"",SalesGrid_ShowHideCompSections=""Shopping Center""),""Show"",""Hide""),""Hide"")",
Sales Grid,FT1454,"=IFERROR(IF(OR(SalesGrid_ShowHideCompSections=""Retail-Commercial"",SalesGrid_ShowHideCompSections=""Shopping Center""),""Show"",""Hide""),""Hide"")",
Sales Grid,FT1455,"=IFERROR(IF(OR(SalesGrid_ShowHideCompSections=""Retail-Commercial"",SalesGrid_ShowHideCompSections=""Shopping Center""),""Show"",""Hide""),""Hide"")",
Sales Grid,FT1456,"=IFERROR(IF(OR(SalesGrid_ShowHideCompSections=""Retail-Commercial"",SalesGrid_ShowHideCompSections=""Shopping Center""),""Show"",""Hide""),""Hide"")",
Sales Grid,FT1457,"=IFERROR(IF(OR(SalesGrid_ShowHideCompSections=""Retail-Commercial"",SalesGrid_ShowHideCompSections=""Shopping Center""),""Show"",""Hide""),""Hide"")",
Sales Grid,FT1458,"=IF(OR(SalesGrid_ShowHideCompSections=""Industrial"",N1PropertyType=""Office/Warehouse""),""Show"",""Hide"")",
Sales Grid,FT1459,"=IF(OR(SalesGrid_ShowHideCompSections=""Industrial"",N1PropertyType=""Office/Warehouse""),""Show"",""Hide"")",
Sales Grid,FT1460,"=IF(OR(SalesGrid_ShowHideCompSections=""Industrial"",N1PropertyType=""Office/Warehouse""),""Show"",""Hide"")",
Sales Grid,FT1461,"=IF(OR(SalesGrid_ShowHideCompSections=""Industrial"",N1PropertyType=""Office/Warehouse""),""Show"",""Hide"")",
Sales Grid,FT1462,"=IF(OR(SalesGrid_ShowHideCompSections=""Industrial"",N1PropertyType=""Office/Warehouse""),""Show"",""Hide"")",
Sales Grid,FT1463,"=IF(OR(SalesGrid_ShowHideCompSections=""Industrial"",N1PropertyType=""Office/Warehouse""),""Show"",""Hide"")",
Sales Grid,FT1464,"=IF(SalesGrid_ShowHideCompSections=""Multi-Family"",""Show"",""Hide"")",
Sales Grid,FT1465,"=IF(SalesGrid_ShowHideCompSections=""Multi-Family"",""Show"",""Hide"")",
Sales Grid,FT1466,"=IF(SalesGrid_ShowHideCompSections=""Multi-Family"",""Show"",""Hide"")",
Sales Grid,FT1467,"=IF(SalesGrid_ShowHideCompSections=""Multi-Family"",""Show"",""Hide"")",
Sales Grid,FT1468,"=IF(SalesGrid_ShowHideCompSections=""Senior Housing"",""Show"",""Hide"")",
Sales Grid,FT1469,"=IF(SalesGrid_ShowHideCompSections=""Senior Housing"",""Show"",""Hide"")",
Sales Grid,FT1470,"=IF(SalesGrid_ShowHideCompSections=""Senior Housing"",""Show"",""Hide"")",
Sales Grid,FT1471,"=IF(SalesGrid_ShowHideCompSections=""Senior Housing"",""Show"",""Hide"")",
Sales Grid,FT1472,"=IF(SalesGrid_ShowHideCompSections=""Senior Housing"",""Show"",""Hide"")",
Sales Grid,FT1473,"=IF(SalesGrid_ShowHideCompSections=""Senior Housing"",""Show"",""Hide"")",
Sales Grid,FT1474,"=IF(SalesGrid_ShowHideCompSections=""Lodging & Hospitality"",""Show"",""Hide"")",
Sales Grid,FT1475,"=IF(SalesGrid_ShowHideCompSections=""Lodging & Hospitality"",""Show"",""Hide"")",
Sales Grid,FT1476,"=IF(SalesGrid_ShowHideCompSections=""Lodging & Hospitality"",""Show"",""Hide"")",
Sales Grid,FT1551,"=IFERROR(IF(OR(SalesGrid_ShowHideCompSections=""Office"",N1PropertyType=""Office/Warehouse""),""Show"",""Hide""),""Hide"")",
Sales Grid,FT1552,"=IFERROR(IF(OR(SalesGrid_ShowHideCompSections=""Office"",N1PropertyType=""Office/Warehouse""),""Show"",""Hide""),""Hide"")",
Sales Grid,FT1553,"=IFERROR(IF(OR(SalesGrid_ShowHideCompSections=""Office"",N1PropertyType=""Office/Warehouse""),""Show"",""Hide""),""Hide"")",
Sales Grid,FT1554,"=IFERROR(IF(OR(SalesGrid_ShowHideCompSections=""Office"",N1PropertyType=""Office/Warehouse""),""Show"",""Hide""),""Hide"")",
Sales Grid,FT1555,"=IFERROR(IF(OR(SalesGrid_ShowHideCompSections=""Office"",N1PropertyType=""Office/Warehouse""),""Show"",""Hide""),""Hide"")",
Sales Grid,FT1556,"=IFERROR(IF(OR(SalesGrid_ShowHideCompSections=""Office"",N1PropertyType=""Office/Warehouse""),""Show"",""Hide""),""Hide"")",
Sales Grid,FT1557,"=IFERROR(IF(OR(SalesGrid_ShowHideCompSections=""Retail-Commercial"",SalesGrid_ShowHideCompSections=""Shopping Center""),""Show"",""Hide""),""Hide"")",
Sales Grid,FT1558,"=IFERROR(IF(OR(SalesGrid_ShowHideCompSections=""Retail-Commercial"",SalesGrid_ShowHideCompSections=""Shopping Center""),""Show"",""Hide""),""Hide"")",
Sales Grid,FT1559,"=IFERROR(IF(OR(SalesGrid_ShowHideCompSections=""Retail-Commercial"",SalesGrid_ShowHideCompSections=""Shopping Center""),""Show"",""Hide""),""Hide"")",
Sales Grid,FT1560,"=IFERROR(IF(OR(SalesGrid_ShowHideCompSections=""Retail-Commercial"",SalesGrid_ShowHideCompSections=""Shopping Center""),""Show"",""Hide""),""Hide"")",
Sales Grid,FT1561,"=IFERROR(IF(OR(SalesGrid_ShowHideCompSections=""Retail-Commercial"",SalesGrid_ShowHideCompSections=""Shopping Center""),""Show"",""Hide""),""Hide"")",
Sales Grid,FT1562,"=IFERROR(IF(OR(SalesGrid_ShowHideCompSections=""Retail-Commercial"",SalesGrid_ShowHideCompSections=""Shopping Center""),""Show"",""Hide""),""Hide"")",
Sales Grid,FT1563,"=IF(OR(SalesGrid_ShowHideCompSections=""Industrial"",N1PropertyType=""Office/Warehouse""),""Show"",""Hide"")",
Sales Grid,FT1564,"=IF(OR(SalesGrid_ShowHideCompSections=""Industrial"",N1PropertyType=""Office/Warehouse""),""Show"",""Hide"")",
Sales Grid,FT1565,"=IF(OR(SalesGrid_ShowHideCompSections=""Industrial"",N1PropertyType=""Office/Warehouse""),""Show"",""Hide"")",
Sales Grid,FT1566,"=IF(OR(SalesGrid_ShowHideCompSections=""Industrial"",N1PropertyType=""Office/Warehouse""),""Show"",""Hide"")",
Sales Grid,FT1567,"=IF(OR(SalesGrid_ShowHideCompSections=""Industrial"",N1PropertyType=""Office/Warehouse""),""Show"",""Hide"")",
Sales Grid,FT1568,"=IF(OR(SalesGrid_ShowHideCompSections=""Industrial"",N1PropertyType=""Office/Warehouse""),""Show"",""Hide"")",
Sales Grid,FT1569,"=IF(SalesGrid_ShowHideCompSections=""Multi-Family"",""Show"",""Hide"")",
Sales Grid,FT1570,"=IF(SalesGrid_ShowHideCompSections=""Multi-Family"",""Show"",""Hide"")",
Sales Grid,FT1571,"=IF(SalesGrid_ShowHideCompSections=""Multi-Family"",""Show"",""Hide"")",
Sales Grid,FT1572,"=IF(SalesGrid_ShowHideCompSections=""Multi-Family"",""Show"",""Hide"")",
Sales Grid,FT1573,"=IF(SalesGrid_ShowHideCompSections=""Senior Housing"",""Show"",""Hide"")",
Sales Grid,FT1574,"=IF(SalesGrid_ShowHideCompSections=""Senior Housing"",""Show"",""Hide"")",
Sales Grid,FT1575,"=IF(SalesGrid_ShowHideCompSections=""Senior Housing"",""Show"",""Hide"")",
Sales Grid,FT1576,"=IF(SalesGrid_ShowHideCompSections=""Senior Housing"",""Show"",""Hide"")",
Sales Grid,FT1577,"=IF(SalesGrid_ShowHideCompSections=""Senior Housing"",""Show"",""Hide"")",
Sales Grid,FT1578,"=IF(SalesGrid_ShowHideCompSections=""Senior Housing"",""Show"",""Hide"")",
Sales Grid,FT1579,"=IF(SalesGrid_ShowHideCompSections=""Lodging & Hospitality"",""Show"",""Hide"")",
Sales Grid,FT1580,"=IF(SalesGrid_ShowHideCompSections=""Lodging & Hospitality"",""Show"",""Hide"")",
Sales Grid,FT1581,"=IF(SalesGrid_ShowHideCompSections=""Lodging & Hospitality"",""Show"",""Hide"")",
Sales Grid,FT1656,"=IFERROR(IF(SalesGrid_ShowHideCompSections=""Office"",""Show"",""Hide""),""Hide"")",
Sales Grid,FT1657,"=IFERROR(IF(SalesGrid_ShowHideCompSections=""Office"",""Show"",""Hide""),""Hide"")",
Sales Grid,FT1658,"=IFERROR(IF(SalesGrid_ShowHideCompSections=""Office"",""Show"",""Hide""),""Hide"")",
Sales Grid,FT1659,"=IFERROR(IF(SalesGrid_ShowHideCompSections=""Office"",""Show"",""Hide""),""Hide"")",
Sales Grid,FT1660,"=IFERROR(IF(SalesGrid_ShowHideCompSections=""Office"",""Show"",""Hide""),""Hide"")",
Sales Grid,FT1661,"=IFERROR(IF(SalesGrid_ShowHideCompSections=""Office"",""Show"",""Hide""),""Hide"")",
Sales Grid,FT1662,"=IFERROR(IF(OR(SalesGrid_ShowHideCompSections=""Retail-Commercial"",SalesGrid_ShowHideCompSections=""Shopping Center""),""Show"",""Hide""),""Hide"")",
Sales Grid,FT1663,"=IFERROR(IF(OR(SalesGrid_ShowHideCompSections=""Retail-Commercial"",SalesGrid_ShowHideCompSections=""Shopping Center""),""Show"",""Hide""),""Hide"")",
Sales Grid,FT1664,"=IFERROR(IF(OR(SalesGrid_ShowHideCompSections=""Retail-Commercial"",SalesGrid_ShowHideCompSections=""Shopping Center""),""Show"",""Hide""),""Hide"")",
Sales Grid,FT1665,"=IFERROR(IF(OR(SalesGrid_ShowHideCompSections=""Retail-Commercial"",SalesGrid_ShowHideCompSections=""Shopping Center""),""Show"",""Hide""),""Hide"")",
Sales Grid,FT1666,"=IFERROR(IF(OR(SalesGrid_ShowHideCompSections=""Retail-Commercial"",SalesGrid_ShowHideCompSections=""Shopping Center""),""Show"",""Hide""),""Hide"")",
Sales Grid,FT1667,"=IFERROR(IF(OR(SalesGrid_ShowHideCompSections=""Retail-Commercial"",SalesGrid_ShowHideCompSections=""Shopping Center""),""Show"",""Hide""),""Hide"")",
Sales Grid,FT1668,"=IF(OR(SalesGrid_ShowHideCompSections=""Industrial"",N1PropertyType=""Office/Warehouse""),""Show"",""Hide"")",
Sales Grid,FT1669,"=IF(OR(SalesGrid_ShowHideCompSections=""Industrial"",N1PropertyType=""Office/Warehouse""),""Show"",""Hide"")",
Sales Grid,FT1670,"=IF(OR(SalesGrid_ShowHideCompSections=""Industrial"",N1PropertyType=""Office/Warehouse""),""Show"",""Hide"")",
Sales Grid,FT1671,"=IF(OR(SalesGrid_ShowHideCompSections=""Industrial"",N1PropertyType=""Office/Warehouse""),""Show"",""Hide"")",
Sales Grid,FT1672,"=IF(OR(SalesGrid_ShowHideCompSections=""Industrial"",N1PropertyType=""Office/Warehouse""),""Show"",""Hide"")",
Sales Grid,FT1673,"=IF(OR(SalesGrid_ShowHideCompSections=""Industrial"",N1PropertyType=""Office/Warehouse""),""Show"",""Hide"")",
Sales Grid,FT1674,"=IF(SalesGrid_ShowHideCompSections=""Multi-Family"",""Show"",""Hide"")",
Sales Grid,FT1675,"=IF(SalesGrid_ShowHideCompSections=""Multi-Family"",""Show"",""Hide"")",
Sales Grid,FT1676,"=IF(SalesGrid_ShowHideCompSections=""Multi-Family"",""Show"",""Hide"")",
Sales Grid,FT1677,"=IF(SalesGrid_ShowHideCompSections=""Multi-Family"",""Show"",""Hide"")",
Sales Grid,FT1678,"=IF(SalesGrid_ShowHideCompSections=""Senior Housing"",""Show"",""Hide"")",
Sales Grid,FT1679,"=IF(SalesGrid_ShowHideCompSections=""Senior Housing"",""Show"",""Hide"")",
Sales Grid,FT1680,"=IF(SalesGrid_ShowHideCompSections=""Senior Housing"",""Show"",""Hide"")",
Sales Grid,FT1681,"=IF(SalesGrid_ShowHideCompSections=""Senior Housing"",""Show"",""Hide"")",
Sales Grid,FT1682,"=IF(SalesGrid_ShowHideCompSections=""Senior Housing"",""Show"",""Hide"")",
Sales Grid,FT1683,"=IF(SalesGrid_ShowHideCompSections=""Senior Housing"",""Show"",""Hide"")",
Sales Grid,FT1684,"=IF(SalesGrid_ShowHideCompSections=""Lodging & Hospitality"",""Show"",""Hide"")",
Sales Grid,FT1685,"=IF(SalesGrid_ShowHideCompSections=""Lodging & Hospitality"",""Show"",""Hide"")",
Sales Grid,FT1686,"=IF(SalesGrid_ShowHideCompSections=""Lodging & Hospitality"",""Show"",""Hide"")",
